student_id,full_name,roll_number,class_section,biometric_id,subject_code,subject_name,total_classes,present,late,absent,failed_scans,attendance_pct,detention_status
UGF23AI100,Namrata Prasad Patel,A01,CSE-AIML-A,BIO0100,AIPC350T,Deep Learning,44,32,2,10,4,77.27,OK
UGF23AI101,Jatin Kumar Ambhore,B01,CSE-AIML-B,BIO0101,AIPC350T,Deep Learning,44,29,2,13,1,70.45,DETAINED
UGF23AI102,Mohit Shankar Gaikwad,C01,CSE-AIML-C,BIO0102,AIPC350T,Deep Learning,44,25,1,18,1,59.09,DETAINED
UGF23AI103,Suresh Londhe,A02,CSE-AIML-A,BIO0103,AIPC350T,Deep Learning,44,34,4,6,0,86.36,OK
UGF23AI104,Anjali Nath More,B02,CSE-AIML-B,BIO0104,AIPC350T,Deep Learning,44,28,2,14,0,68.18,DETAINED
UGF23AI105,Vikas Raj Mukherjee,C02,CSE-AIML-C,BIO0105,AIPC350T,Deep Learning,44,28,3,13,4,70.45,DETAINED
UGF23AI106,Manish Das Ambhore,A03,CSE-AIML-A,BIO0106,AIPC350T,Deep Learning,44,38,5,1,3,97.73,OK
UGF23AI107,Mohit Nath Gangurde,B03,CSE-AIML-B,BIO0107,AIPC350T,Deep Learning,44,31,7,6,4,86.36,OK
UGF23AI108,Kamla Ram Mehta,C03,CSE-AIML-C,BIO0108,AIPC350T,Deep Learning,44,31,3,10,1,77.27,OK
UGF23AI109,Mohit Rao Agarwal,A04,CSE-AIML-A,BIO0109,AIPC350T,Deep Learning,44,16,5,23,1,47.73,DETAINED
UGF23AI110,Farhan Nair,B04,CSE-AIML-B,BIO0110,AIPC350T,Deep Learning,44,35,9,0,2,100.0,OK
UGF23AI111,Mithun Iyer,C04,CSE-AIML-C,BIO0111,AIPC350T,Deep Learning,44,24,7,13,0,70.45,DETAINED
UGF23AI112,Ravi Kumar Joshi,A05,CSE-AIML-A,BIO0112,AIPC350T,Deep Learning,44,35,6,3,0,93.18,OK
UGF23AI113,Farhan Dange,B05,CSE-AIML-B,BIO0113,AIPC350T,Deep Learning,44,29,3,12,1,72.73,DETAINED
UGF23AI114,Onkar Prasad Mishra,C05,CSE-AIML-C,BIO0114,AIPC350T,Deep Learning,44,41,2,1,3,97.73,OK
UGF23AI115,Divya Zende,A06,CSE-AIML-A,BIO0115,AIPC350T,Deep Learning,44,33,7,4,0,90.91,OK
UGF23AI116,Nikhil Prakash Hatwar,B06,CSE-AIML-B,BIO0116,AIPC350T,Deep Learning,44,29,3,12,0,72.73,DETAINED
UGF23AI117,Bhushan Raj Chatterjee,C06,CSE-AIML-C,BIO0117,AIPC350T,Deep Learning,44,29,3,12,0,72.73,DETAINED
UGF23AI118,Gunjan Pandey,A07,CSE-AIML-A,BIO0118,AIPC350T,Deep Learning,44,29,5,10,3,77.27,OK
UGF23AI119,Fatima Lal Ahuja,B07,CSE-AIML-B,BIO0119,AIPC350T,Deep Learning,44,38,4,2,2,95.45,OK
UGF23AI120,Farhan Devi Pandey,C07,CSE-AIML-C,BIO0120,AIPC350T,Deep Learning,44,36,4,4,1,90.91,OK
UGF23AI121,Manish Chand Mehta,A08,CSE-AIML-A,BIO0121,AIPC350T,Deep Learning,44,28,6,10,1,77.27,OK
UGF23AI122,Iqbal Raj Pillai,B08,CSE-AIML-B,BIO0122,AIPC350T,Deep Learning,44,29,6,9,5,79.55,OK
UGF23AI123,Kavya Devi Yadav,C08,CSE-AIML-C,BIO0123,AIPC350T,Deep Learning,44,0,0,44,0,0.0,DETAINED
UGF23AI124,Priya Das Shah,A09,CSE-AIML-A,BIO0124,AIPC350T,Deep Learning,44,35,2,7,2,84.09,OK
UGF23AI125,Hina Das Thakur,B09,CSE-AIML-B,BIO0125,AIPC350T,Deep Learning,44,22,7,15,1,65.91,DETAINED
UGF23AI126,Rajesh Shankar Chavan,C09,CSE-AIML-C,BIO0126,AIPC350T,Deep Learning,44,23,3,18,3,59.09,DETAINED
UGF23AI127,Indira Sai Hegde,A10,CSE-AIML-A,BIO0127,AIPC350T,Deep Learning,44,35,5,4,1,90.91,OK
UGF23AI128,Amrita Shankar Londhe,B10,CSE-AIML-B,BIO0128,AIPC350T,Deep Learning,44,30,8,6,1,86.36,OK
UGF23AI129,Chetna Lal Ghosh,C10,CSE-AIML-C,BIO0129,AIPC350T,Deep Learning,44,32,3,9,2,79.55,OK
UGF23AI130,Lalit Shankar Salve,A11,CSE-AIML-A,BIO0130,AIPC350T,Deep Learning,44,30,4,10,4,77.27,OK
UGF23AI131,Pooja Lal Patel,B11,CSE-AIML-B,BIO0131,AIPC350T,Deep Learning,44,24,6,14,2,68.18,DETAINED
UGF23AI132,Abhishek Kumar Shah,C11,CSE-AIML-C,BIO0132,AIPC350T,Deep Learning,44,39,4,1,3,97.73,OK
UGF23AI133,Indira Ram Ingole,A12,CSE-AIML-A,BIO0133,AIPC350T,Deep Learning,44,38,3,3,1,93.18,OK
UGF23AI134,Wasim Nambiar,B12,CSE-AIML-B,BIO0134,AIPC350T,Deep Learning,44,36,2,6,2,86.36,OK
UGF23AI135,Dev Sai Dalvi,C12,CSE-AIML-C,BIO0135,AIPC350T,Deep Learning,44,38,5,1,1,97.73,OK
UGF23AI136,Jagdish Naik,A13,CSE-AIML-A,BIO0136,AIPC350T,Deep Learning,44,27,4,13,0,70.45,DETAINED
UGF23AI137,Sarita Prakash Bhatia,B13,CSE-AIML-B,BIO0137,AIPC350T,Deep Learning,44,28,3,13,1,70.45,DETAINED
UGF23AI138,Shruti Prakash Das,C13,CSE-AIML-C,BIO0138,AIPC350T,Deep Learning,44,27,3,14,1,68.18,DETAINED
UGF23AI139,Zara Das Rao,A14,CSE-AIML-A,BIO0139,AIPC350T,Deep Learning,44,30,4,10,1,77.27,OK
UGF23AI140,Sandeep Rao Bhatia,B14,CSE-AIML-B,BIO0140,AIPC350T,Deep Learning,44,23,2,19,4,56.82,DETAINED
UGF23AI141,Devika Shankar Joshi,C14,CSE-AIML-C,BIO0141,AIPC350T,Deep Learning,44,29,4,11,2,75.0,OK
UGF23AI142,Chetan Devi Raut,A15,CSE-AIML-A,BIO0142,AIPC350T,Deep Learning,44,40,3,1,4,97.73,OK
UGF23AI143,Siddharth Vaghmare,B15,CSE-AIML-B,BIO0143,AIPC350T,Deep Learning,44,27,2,15,3,65.91,DETAINED
UGF23AI144,Tejas Ram Deshpande,C15,CSE-AIML-C,BIO0144,AIPC350T,Deep Learning,44,28,2,14,1,68.18,DETAINED
UGF23AI145,Hina Ambhore,A16,CSE-AIML-A,BIO0145,AIPC350T,Deep Learning,44,22,7,15,0,65.91,DETAINED
UGF23AI146,Yogesh Rao Gangurde,B16,CSE-AIML-B,BIO0146,AIPC350T,Deep Learning,44,38,5,1,1,97.73,OK
UGF23AI147,Abhishek Nath Ghosh,C16,CSE-AIML-C,BIO0147,AIPC350T,Deep Learning,44,26,1,17,4,61.36,DETAINED
UGF23AI148,Chandra Kulkarni,A17,CSE-AIML-A,BIO0148,AIPC350T,Deep Learning,44,27,4,13,0,70.45,DETAINED
UGF23AI149,Om Raj Reddy,B17,CSE-AIML-B,BIO0149,AIPC350T,Deep Learning,44,25,1,18,1,59.09,DETAINED
UGF23AI150,Sakshi Prasad Ambhore,C17,CSE-AIML-C,BIO0150,AIPC350T,Deep Learning,44,34,1,9,2,79.55,OK
UGF23AI151,Gajanan Prasad Jain,A18,CSE-AIML-A,BIO0151,AIPC350T,Deep Learning,44,27,2,15,1,65.91,DETAINED
UGF23AI152,Ritika Bala Vaidya,B18,CSE-AIML-B,BIO0152,AIPC350T,Deep Learning,44,38,5,1,1,97.73,OK
UGF23AI153,Tariq Lal Joshi,C18,CSE-AIML-C,BIO0153,AIPC350T,Deep Learning,44,34,5,5,2,88.64,OK
UGF23AI154,Tejas Nair,A19,CSE-AIML-A,BIO0154,AIPC350T,Deep Learning,44,40,2,2,1,95.45,OK
UGF23AI155,Tushar Chand Dange,B19,CSE-AIML-B,BIO0155,AIPC350T,Deep Learning,44,39,4,1,2,97.73,OK
UGF23AI156,Pallavi Rao Dalvi,C19,CSE-AIML-C,BIO0156,AIPC350T,Deep Learning,44,19,2,23,1,47.73,DETAINED
UGF23AI157,Harsha Ram Reddy,A20,CSE-AIML-A,BIO0157,AIPC350T,Deep Learning,44,30,8,6,4,86.36,OK
UGF23AI158,Jagdish Raj Jain,B20,CSE-AIML-B,BIO0158,AIPC350T,Deep Learning,44,26,8,10,0,77.27,OK
UGF23AI159,Ravi Prasad Lokhande,C20,CSE-AIML-C,BIO0159,AIPC350T,Deep Learning,44,19,5,20,1,54.55,DETAINED
UGF23AI160,Pankaj Salve,A21,CSE-AIML-A,BIO0160,AIPC350T,Deep Learning,44,32,7,5,1,88.64,OK
UGF23AI161,Madhuri Narwade,B21,CSE-AIML-B,BIO0161,AIPC350T,Deep Learning,44,20,9,15,1,65.91,DETAINED
UGF23AI162,Hemant Naik,C21,CSE-AIML-C,BIO0162,AIPC350T,Deep Learning,44,37,3,4,1,90.91,OK
UGF23AI163,Aditi Lal Dalvi,A22,CSE-AIML-A,BIO0163,AIPC350T,Deep Learning,44,26,4,14,4,68.18,DETAINED
UGF23AI164,Vanshika Waghmare,B22,CSE-AIML-B,BIO0164,AIPC350T,Deep Learning,44,30,4,10,2,77.27,OK
UGF23AI165,Abhishek Bala Patel,C22,CSE-AIML-C,BIO0165,AIPC350T,Deep Learning,44,24,2,18,0,59.09,DETAINED
UGF23AI166,Gaurav Naik,A23,CSE-AIML-A,BIO0166,AIPC350T,Deep Learning,44,37,5,2,3,95.45,OK
UGF23AI167,Tushar Agarwal,B23,CSE-AIML-B,BIO0167,AIPC350T,Deep Learning,44,0,0,44,0,0.0,DETAINED
UGF23AI168,Dhruv Kadam,C23,CSE-AIML-C,BIO0168,AIPC350T,Deep Learning,44,34,7,3,1,93.18,OK
UGF23AI169,Ritika Kadam,A24,CSE-AIML-A,BIO0169,AIPC350T,Deep Learning,44,33,3,8,2,81.82,OK
UGF23AI170,Harsha Bala Das,B24,CSE-AIML-B,BIO0170,AIPC350T,Deep Learning,44,37,6,1,3,97.73,OK
UGF23AI171,Suresh Ram Mehta,C24,CSE-AIML-C,BIO0171,AIPC350T,Deep Learning,44,30,5,9,4,79.55,OK
UGF23AI172,Tushar Chand Gite,A25,CSE-AIML-A,BIO0172,AIPC350T,Deep Learning,44,35,8,1,2,97.73,OK
UGF23AI173,Tanvi Sai Mehta,B25,CSE-AIML-B,BIO0173,AIPC350T,Deep Learning,44,27,3,14,1,68.18,DETAINED
UGF23AI174,Hemant Lal Fulzele,C25,CSE-AIML-C,BIO0174,AIPC350T,Deep Learning,44,25,2,17,1,61.36,DETAINED
UGF23AI175,Vidya Rao Waghmare,A26,CSE-AIML-A,BIO0175,AIPC350T,Deep Learning,44,21,3,20,2,54.55,DETAINED
UGF23AI176,Vishal Das Kulkarni,B26,CSE-AIML-B,BIO0176,AIPC350T,Deep Learning,44,34,0,10,4,77.27,OK
UGF23AI177,Meera Lal Waghmare,C26,CSE-AIML-C,BIO0177,AIPC350T,Deep Learning,44,27,2,15,5,65.91,DETAINED
UGF23AI178,Isha Mehta,A27,CSE-AIML-A,BIO0178,AIPC350T,Deep Learning,44,25,6,13,1,70.45,DETAINED
UGF23AI179,Onkar Kumar Mishra,B27,CSE-AIML-B,BIO0179,AIPC350T,Deep Learning,44,24,2,18,1,59.09,DETAINED
UGF23AI180,Lalita Zende,C27,CSE-AIML-C,BIO0180,AIPC350T,Deep Learning,44,33,4,7,3,84.09,OK
UGF23AI181,Rahul Sai Jadhav,A28,CSE-AIML-A,BIO0181,AIPC350T,Deep Learning,44,36,5,3,3,93.18,OK
UGF23AI182,Pallavi Devi Pillai,B28,CSE-AIML-B,BIO0182,AIPC350T,Deep Learning,44,36,4,4,1,90.91,OK
UGF23AI183,Ekta Raj Vaidya,C28,CSE-AIML-C,BIO0183,AIPC350T,Deep Learning,44,27,2,15,2,65.91,DETAINED
UGF23AI184,Sneha Lal,A29,CSE-AIML-A,BIO0184,AIPC350T,Deep Learning,44,38,4,2,1,95.45,OK
UGF23AI185,Zara Kumar Deshpande,B29,CSE-AIML-B,BIO0185,AIPC350T,Deep Learning,44,34,2,8,3,81.82,OK
UGF23AI186,Neha Rao Banerjee,C29,CSE-AIML-C,BIO0186,AIPC350T,Deep Learning,44,29,5,10,2,77.27,OK
UGF23AI187,Jayesh Junghare,A30,CSE-AIML-A,BIO0187,AIPC350T,Deep Learning,44,34,4,6,2,86.36,OK
UGF23AI188,Bhavna Das Bhosale,B30,CSE-AIML-B,BIO0188,AIPC350T,Deep Learning,44,28,4,12,1,72.73,DETAINED
UGF23AI189,Dhruv Mukherjee,C30,CSE-AIML-C,BIO0189,AIPC350T,Deep Learning,44,25,5,14,0,68.18,DETAINED
UGF23AI190,Chandra Sai Wagh,A31,CSE-AIML-A,BIO0190,AIPC350T,Deep Learning,44,33,6,5,3,88.64,OK
UGF23AI191,Yogesh Devi Bhosale,B31,CSE-AIML-B,BIO0191,AIPC350T,Deep Learning,44,26,4,14,2,68.18,DETAINED
UGF23AI192,Seema Lal Nambiar,C31,CSE-AIML-C,BIO0192,AIPC350T,Deep Learning,44,35,2,7,0,84.09,OK
UGF23AI193,Farhan Das,A32,CSE-AIML-A,BIO0193,AIPC350T,Deep Learning,44,27,1,16,2,63.64,DETAINED
UGF23AI194,Omkar Kumar,B32,CSE-AIML-B,BIO0194,AIPC350T,Deep Learning,44,30,4,10,3,77.27,OK
UGF23AI195,Ramesh Ghosh,C32,CSE-AIML-C,BIO0195,AIPC350T,Deep Learning,44,28,6,10,1,77.27,OK
UGF23AI196,Lalit Unde,A33,CSE-AIML-A,BIO0196,AIPC350T,Deep Learning,44,23,5,16,1,63.64,DETAINED
UGF23AI197,Ishaan Apte,B33,CSE-AIML-B,BIO0197,AIPC350T,Deep Learning,44,0,0,44,0,0.0,DETAINED
UGF23AI198,Chandra Devi Banerjee,C33,CSE-AIML-C,BIO0198,AIPC350T,Deep Learning,44,34,6,4,2,90.91,OK
UGF23AI199,Yash Ghosh,A34,CSE-AIML-A,BIO0199,AIPC350T,Deep Learning,44,29,2,13,1,70.45,DETAINED
UGF23AI200,Om Bhatia,B34,CSE-AIML-B,BIO0200,AIPC350T,Deep Learning,44,30,1,13,0,70.45,DETAINED
UGF23AI201,Chetan Ingole,C34,CSE-AIML-C,BIO0201,AIPC350T,Deep Learning,44,30,7,7,2,84.09,OK
UGF23AI202,Dayanand Rao Zende,A35,CSE-AIML-A,BIO0202,AIPC350T,Deep Learning,44,34,8,2,1,95.45,OK
UGF23AI203,Ravi Hegde,B35,CSE-AIML-B,BIO0203,AIPC350T,Deep Learning,44,36,5,3,1,93.18,OK
UGF23AI204,Priti Ram Dubey,C35,CSE-AIML-C,BIO0204,AIPC350T,Deep Learning,44,30,5,9,3,79.55,OK
UGF23AI205,Firoz Unde,A36,CSE-AIML-A,BIO0205,AIPC350T,Deep Learning,44,21,1,22,0,50.0,DETAINED
UGF23AI206,Iqbal Ingle,B36,CSE-AIML-B,BIO0206,AIPC350T,Deep Learning,44,32,3,9,1,79.55,OK
UGF23AI207,Sarita Devi Unde,C36,CSE-AIML-C,BIO0207,AIPC350T,Deep Learning,44,30,2,12,4,72.73,DETAINED
UGF23AI208,Akash Rao Rao,A37,CSE-AIML-A,BIO0208,AIPC350T,Deep Learning,44,40,2,2,2,95.45,OK
UGF23AI209,Rekha Nath Tiwari,B37,CSE-AIML-B,BIO0209,AIPC350T,Deep Learning,44,27,6,11,0,75.0,OK
UGF23AI210,Seema Mane,C37,CSE-AIML-C,BIO0210,AIPC350T,Deep Learning,44,36,2,6,3,86.36,OK
UGF23AI211,Hitesh Prakash Gaikwad,A38,CSE-AIML-A,BIO0211,AIPC350T,Deep Learning,44,0,0,44,0,0.0,DETAINED
UGF23AI212,Vikas Prasad Nair,B38,CSE-AIML-B,BIO0212,AIPC350T,Deep Learning,44,29,9,6,0,86.36,OK
UGF23AI213,Kiran Chand Mishra,C38,CSE-AIML-C,BIO0213,AIPC350T,Deep Learning,44,23,3,18,1,59.09,DETAINED
UGF23AI214,Dev Das Londhe,A39,CSE-AIML-A,BIO0214,AIPC350T,Deep Learning,44,30,6,8,2,81.82,OK
UGF23AI215,Fatima Ram Upadhyay,B39,CSE-AIML-B,BIO0215,AIPC350T,Deep Learning,44,40,4,0,2,100.0,OK
UGF23AI216,Soham Iyer,C39,CSE-AIML-C,BIO0216,AIPC350T,Deep Learning,44,25,5,14,2,68.18,DETAINED
UGF23AI217,Tanvi Nath Chopra,A40,CSE-AIML-A,BIO0217,AIPC350T,Deep Learning,44,24,3,17,1,61.36,DETAINED
UGF23AI218,Gunjan Devi Rao,B40,CSE-AIML-B,BIO0218,AIPC350T,Deep Learning,44,40,2,2,2,95.45,OK
UGF23AI219,Zara Lal Zende,C40,CSE-AIML-C,BIO0219,AIPC350T,Deep Learning,44,27,5,12,2,72.73,DETAINED
UGF23AI220,Wasim Bala Nair,A41,CSE-AIML-A,BIO0220,AIPC350T,Deep Learning,44,28,2,14,2,68.18,DETAINED
UGF23AI221,Lalita Gaikwad,B41,CSE-AIML-B,BIO0221,AIPC350T,Deep Learning,44,31,7,6,2,86.36,OK
UGF23AI222,Mahesh Wagh,C41,CSE-AIML-C,BIO0222,AIPC350T,Deep Learning,44,26,4,14,1,68.18,DETAINED
UGF23AI223,Meera Ram Chatterjee,A42,CSE-AIML-A,BIO0223,AIPC350T,Deep Learning,44,24,4,16,0,63.64,DETAINED
UGF23AI224,Ishaan Raj Wagh,B42,CSE-AIML-B,BIO0224,AIPC350T,Deep Learning,44,31,3,10,0,77.27,OK
UGF23AI225,Farhan Bala Pawar,C42,CSE-AIML-C,BIO0225,AIPC350T,Deep Learning,44,24,5,15,1,65.91,DETAINED
UGF23AI226,Aditi Prasad Hivrale,A43,CSE-AIML-A,BIO0226,AIPC350T,Deep Learning,44,25,3,16,1,63.64,DETAINED
UGF23AI227,Urmila Zende,B43,CSE-AIML-B,BIO0227,AIPC350T,Deep Learning,44,20,9,15,1,65.91,DETAINED
UGF23AI228,Varun Prakash Raut,C43,CSE-AIML-C,BIO0228,AIPC350T,Deep Learning,44,26,5,13,1,70.45,DETAINED
UGF23AI229,Kalpesh Bala Hande,A44,CSE-AIML-A,BIO0229,AIPC350T,Deep Learning,44,31,5,8,2,81.82,OK
UGF23AI230,Nandini Kumar Ingle,B44,CSE-AIML-B,BIO0230,AIPC350T,Deep Learning,44,28,3,13,0,70.45,DETAINED
UGF23AI231,Vidya Das Kumar,C44,CSE-AIML-C,BIO0231,AIPC350T,Deep Learning,44,38,2,4,1,90.91,OK
UGF23AI232,Gajanan Raj Tiwari,A45,CSE-AIML-A,BIO0232,AIPC350T,Deep Learning,44,36,4,4,0,90.91,OK
UGF23AI233,Pankaj Das Upadhyay,B45,CSE-AIML-B,BIO0233,AIPC350T,Deep Learning,44,27,4,13,1,70.45,DETAINED
UGF23AI234,Faisal Naik,C45,CSE-AIML-C,BIO0234,AIPC350T,Deep Learning,44,25,1,18,2,59.09,DETAINED
UGF23AI235,Tariq Thakur,A46,CSE-AIML-A,BIO0235,AIPC350T,Deep Learning,44,30,7,7,1,84.09,OK
UGF23AI236,Chirag Prasad Dalvi,B46,CSE-AIML-B,BIO0236,AIPC350T,Deep Learning,44,33,2,9,0,79.55,OK
UGF23AI237,Onkar Raj Pillai,C46,CSE-AIML-C,BIO0237,AIPC350T,Deep Learning,44,38,4,2,2,95.45,OK
UGF23AI238,Aditi Bala Bhange,A47,CSE-AIML-A,BIO0238,AIPC350T,Deep Learning,44,36,2,6,2,86.36,OK
UGF23AI239,Firoz Reddy,B47,CSE-AIML-B,BIO0239,AIPC350T,Deep Learning,44,31,4,9,1,79.55,OK
UGF23AI240,Girish Prasad Deshpande,C47,CSE-AIML-C,BIO0240,AIPC350T,Deep Learning,44,30,4,10,0,77.27,OK
UGF23AI241,Anjali Das Mishra,A48,CSE-AIML-A,BIO0241,AIPC350T,Deep Learning,44,22,8,14,2,68.18,DETAINED
UGF23AI242,Ravi Das Tiwari,B48,CSE-AIML-B,BIO0242,AIPC350T,Deep Learning,44,37,4,3,1,93.18,OK
UGF23AI243,Vidya Nair,C48,CSE-AIML-C,BIO0243,AIPC350T,Deep Learning,44,31,4,9,3,79.55,OK
UGF23AI244,Vidya Shankar Gite,A49,CSE-AIML-A,BIO0244,AIPC350T,Deep Learning,44,36,1,7,1,84.09,OK
UGF23AI245,Fatima Chand Hatwar,B49,CSE-AIML-B,BIO0245,AIPC350T,Deep Learning,44,0,0,44,0,0.0,DETAINED
UGF23AI246,Hina Nath Tiwari,C49,CSE-AIML-C,BIO0246,AIPC350T,Deep Learning,44,31,2,11,2,75.0,OK
UGF23AI247,Zara Prasad Chopra,A50,CSE-AIML-A,BIO0247,AIPC350T,Deep Learning,44,31,3,10,1,77.27,OK
UGF23AI248,Ritika Das Kale,B50,CSE-AIML-B,BIO0248,AIPC350T,Deep Learning,44,32,3,9,3,79.55,OK
UGF23AI249,Arjun Ingle,C50,CSE-AIML-C,BIO0249,AIPC350T,Deep Learning,44,28,3,13,3,70.45,DETAINED
UGF23AI250,Kedar Chatterjee,A51,CSE-AIML-A,BIO0250,AIPC350T,Deep Learning,44,31,5,8,2,81.82,OK
UGF23AI251,Jayesh Pawar,B51,CSE-AIML-B,BIO0251,AIPC350T,Deep Learning,44,27,3,14,0,68.18,DETAINED
UGF23AI252,Yamini Das Ahuja,C51,CSE-AIML-C,BIO0252,AIPC350T,Deep Learning,44,37,4,3,1,93.18,OK
UGF23AI253,Yamini Rao Pillai,A52,CSE-AIML-A,BIO0253,AIPC350T,Deep Learning,44,29,4,11,2,75.0,OK
UGF23AI254,Priya Ram Ahuja,B52,CSE-AIML-B,BIO0254,AIPC350T,Deep Learning,44,24,5,15,2,65.91,DETAINED
UGF23AI255,Amrita Rao Banerjee,C52,CSE-AIML-C,BIO0255,AIPC350T,Deep Learning,44,32,7,5,3,88.64,OK
UGF23AI256,Ravi Lal Verma,A53,CSE-AIML-A,BIO0256,AIPC350T,Deep Learning,44,29,4,11,1,75.0,OK
UGF23AI257,Vidya Ram Reddy,B53,CSE-AIML-B,BIO0257,AIPC350T,Deep Learning,44,40,4,0,1,100.0,OK
UGF23AI258,Deepika Kumar,C53,CSE-AIML-C,BIO0258,AIPC350T,Deep Learning,44,26,5,13,1,70.45,DETAINED
UGF23AI259,Deepika Kharat,A54,CSE-AIML-A,BIO0259,AIPC350T,Deep Learning,44,27,3,14,6,68.18,DETAINED
UGF23AI260,Seema Sai Chopra,B54,CSE-AIML-B,BIO0260,AIPC350T,Deep Learning,44,34,4,6,3,86.36,OK
UGF23AI261,Girish Bhange,C54,CSE-AIML-C,BIO0261,AIPC350T,Deep Learning,44,33,2,9,2,79.55,OK
UGF23AI262,Gaurav Hivrale,A55,CSE-AIML-A,BIO0262,AIPC350T,Deep Learning,44,37,3,4,3,90.91,OK
UGF23AI263,Vidya Chand Waghmare,B55,CSE-AIML-B,BIO0263,AIPC350T,Deep Learning,44,27,4,13,2,70.45,DETAINED
UGF23AI264,Esha Das Bhange,C55,CSE-AIML-C,BIO0264,AIPC350T,Deep Learning,44,28,1,15,1,65.91,DETAINED
UGF23AI265,Divya Ram Junghare,A56,CSE-AIML-A,BIO0265,AIPC350T,Deep Learning,44,27,5,12,1,72.73,DETAINED
UGF23AI266,Geeta Prakash Nair,B56,CSE-AIML-B,BIO0266,AIPC350T,Deep Learning,44,27,4,13,2,70.45,DETAINED
UGF23AI267,Jiya Devi Hatwar,C56,CSE-AIML-C,BIO0267,AIPC350T,Deep Learning,44,27,4,13,1,70.45,DETAINED
UGF23AI268,Aditya Pillai,A57,CSE-AIML-A,BIO0268,AIPC350T,Deep Learning,44,33,1,10,2,77.27,OK
UGF23AI269,Nikhil Prakash Bhatia,B57,CSE-AIML-B,BIO0269,AIPC350T,Deep Learning,44,31,4,9,1,79.55,OK
UGF23AI270,Sakshi Ingle,C57,CSE-AIML-C,BIO0270,AIPC350T,Deep Learning,44,30,7,7,2,84.09,OK
UGF23AI271,Kiran Tiwari,A58,CSE-AIML-A,BIO0271,AIPC350T,Deep Learning,44,27,2,15,1,65.91,DETAINED
UGF23AI272,Sneha Prakash Londhe,B58,CSE-AIML-B,BIO0272,AIPC350T,Deep Learning,44,37,3,4,0,90.91,OK
UGF23AI273,Dev Sai Pawar,C58,CSE-AIML-C,BIO0273,AIPC350T,Deep Learning,44,30,5,9,0,79.55,OK
UGF23AI274,Mithun Sai Waghmare,A59,CSE-AIML-A,BIO0274,AIPC350T,Deep Learning,44,38,5,1,3,97.73,OK
UGF23AI275,Vishal Sai Shah,B59,CSE-AIML-B,BIO0275,AIPC350T,Deep Learning,44,29,4,11,2,75.0,OK
UGF23AI276,Anika Shah,C59,CSE-AIML-C,BIO0276,AIPC350T,Deep Learning,44,37,2,5,3,88.64,OK
UGF23AI277,Ekta Chatterjee,A60,CSE-AIML-A,BIO0277,AIPC350T,Deep Learning,44,22,5,17,2,61.36,DETAINED
UGF23AI278,Disha Sai Lokhande,B60,CSE-AIML-B,BIO0278,AIPC350T,Deep Learning,44,26,5,13,3,70.45,DETAINED
UGF23AI279,Ila Devi Dange,C60,CSE-AIML-C,BIO0279,AIPC350T,Deep Learning,44,32,2,10,1,77.27,OK
UGF23AI280,Kalpesh Prakash Hande,A61,CSE-AIML-A,BIO0280,AIPC350T,Deep Learning,44,33,4,7,3,84.09,OK
UGF23AI281,Rohit Bala Mehta,B61,CSE-AIML-B,BIO0281,AIPC350T,Deep Learning,44,32,5,7,1,84.09,OK
UGF23AI282,Onkar Nath Ambhore,C61,CSE-AIML-C,BIO0282,AIPC350T,Deep Learning,44,33,4,7,1,84.09,OK
UGF23AI283,Disha Pawar,A62,CSE-AIML-A,BIO0283,AIPC350T,Deep Learning,44,30,3,11,4,75.0,OK
UGF23AI284,Soham Nath Kale,B62,CSE-AIML-B,BIO0284,AIPC350T,Deep Learning,44,33,2,9,0,79.55,OK
UGF23AI285,Ila Raj Ingole,C62,CSE-AIML-C,BIO0285,AIPC350T,Deep Learning,44,34,5,5,2,88.64,OK
UGF23AI286,Rohit Shankar Hande,A63,CSE-AIML-A,BIO0286,AIPC350T,Deep Learning,44,32,4,8,0,81.82,OK
UGF23AI287,Indira Bhatia,B63,CSE-AIML-B,BIO0287,AIPC350T,Deep Learning,44,36,7,1,2,97.73,OK
UGF23AI288,Babita Lal Kulkarni,C63,CSE-AIML-C,BIO0288,AIPC350T,Deep Learning,44,31,4,9,0,79.55,OK
UGF23AI289,Hemant Chand More,A64,CSE-AIML-A,BIO0289,AIPC350T,Deep Learning,44,35,6,3,0,93.18,OK
UGF23AI290,Tariq Shankar Pawar,B64,CSE-AIML-B,BIO0290,AIPC350T,Deep Learning,44,24,1,19,2,56.82,DETAINED
UGF23AI291,Mukesh Verma,C64,CSE-AIML-C,BIO0291,AIPC350T,Deep Learning,44,29,1,14,1,68.18,DETAINED
UGF23AI292,Anjali Chand Nair,A65,CSE-AIML-A,BIO0292,AIPC350T,Deep Learning,44,23,2,19,1,56.82,DETAINED
UGF23AI293,Divya Lal Hande,B65,CSE-AIML-B,BIO0293,AIPC350T,Deep Learning,44,26,2,16,1,63.64,DETAINED
UGF23AI294,Harsha Prasad Shah,C65,CSE-AIML-C,BIO0294,AIPC350T,Deep Learning,44,31,3,10,1,77.27,OK
UGF23AI295,Ekta Shankar Yadav,A66,CSE-AIML-A,BIO0295,AIPC350T,Deep Learning,44,31,5,8,2,81.82,OK
UGF23AI296,Manish Das Upadhyay,B66,CSE-AIML-B,BIO0296,AIPC350T,Deep Learning,44,24,5,15,2,65.91,DETAINED
UGF23AI297,Jatin Ghosh,C66,CSE-AIML-C,BIO0297,AIPC350T,Deep Learning,44,40,3,1,4,97.73,OK
UGF23AI298,Nilesh Ram Kulkarni,A67,CSE-AIML-A,BIO0298,AIPC350T,Deep Learning,44,27,4,13,2,70.45,DETAINED
UGF23AI299,Bhavna Raj Bhosale,B67,CSE-AIML-B,BIO0299,AIPC350T,Deep Learning,44,23,2,19,0,56.82,DETAINED
UGF23AI300,Gaurav Jain,C67,CSE-AIML-C,BIO0300,AIPC350T,Deep Learning,44,28,4,12,0,72.73,DETAINED
UGF23AI301,Kalpesh Mishra,A68,CSE-AIML-A,BIO0301,AIPC350T,Deep Learning,44,27,4,13,2,70.45,DETAINED
UGF23AI302,Lakshmi Chand Patil,B68,CSE-AIML-B,BIO0302,AIPC350T,Deep Learning,44,33,8,3,3,93.18,OK
UGF23AI303,Nikhil Rao Agarwal,C68,CSE-AIML-C,BIO0303,AIPC350T,Deep Learning,44,26,5,13,2,70.45,DETAINED
UGF23AI304,Mohit Nath Kumar,A69,CSE-AIML-A,BIO0304,AIPC350T,Deep Learning,44,30,3,11,1,75.0,OK
UGF23AI305,Iqbal Raj Chopra,B69,CSE-AIML-B,BIO0305,AIPC350T,Deep Learning,44,31,3,10,1,77.27,OK
UGF23AI306,Esha Bala Pandey,C69,CSE-AIML-C,BIO0306,AIPC350T,Deep Learning,44,30,6,8,2,81.82,OK
UGF23AI307,Abhishek Kumar Fernandes,A70,CSE-AIML-A,BIO0307,AIPC350T,Deep Learning,44,0,0,44,0,0.0,DETAINED
UGF23AI308,Harsha Raj Mukherjee,B70,CSE-AIML-B,BIO0308,AIPC350T,Deep Learning,44,34,3,7,3,84.09,OK
UGF23AI309,Lakshmi Das Wagh,C70,CSE-AIML-C,BIO0309,AIPC350T,Deep Learning,44,29,2,13,2,70.45,DETAINED
UGF23AI310,Nikhil Lokhande,A71,CSE-AIML-A,BIO0310,AIPC350T,Deep Learning,44,35,3,6,2,86.36,OK
UGF23AI311,Bharat Singh,B71,CSE-AIML-B,BIO0311,AIPC350T,Deep Learning,44,23,3,18,3,59.09,DETAINED
UGF23AI312,Girish Ambhore,C71,CSE-AIML-C,BIO0312,AIPC350T,Deep Learning,44,27,4,13,2,70.45,DETAINED
UGF23AI313,Tariq Prakash More,A72,CSE-AIML-A,BIO0313,AIPC350T,Deep Learning,44,25,4,15,1,65.91,DETAINED
UGF23AI314,Yamini Ram Patil,B72,CSE-AIML-B,BIO0314,AIPC350T,Deep Learning,44,28,3,13,4,70.45,DETAINED
UGF23AI315,Om Chand Upadhyay,C72,CSE-AIML-C,BIO0315,AIPC350T,Deep Learning,44,31,6,7,4,84.09,OK
UGF23AI316,Manish Sai Iyer,A73,CSE-AIML-A,BIO0316,AIPC350T,Deep Learning,44,24,2,18,1,59.09,DETAINED
UGF23AI317,Siddharth Nath Patel,B73,CSE-AIML-B,BIO0317,AIPC350T,Deep Learning,44,0,0,44,0,0.0,DETAINED
UGF23AI318,Rohit Chand Vaghmare,C73,CSE-AIML-C,BIO0318,AIPC350T,Deep Learning,44,34,6,4,2,90.91,OK
UGF23AI319,Anika Rao Bhange,A74,CSE-AIML-A,BIO0319,AIPC350T,Deep Learning,44,23,4,17,1,61.36,DETAINED
UGF23AI320,Rekha Kumar Fernandes,B74,CSE-AIML-B,BIO0320,AIPC350T,Deep Learning,44,34,4,6,0,86.36,OK
UGF23AI321,Yamini Londhe,C74,CSE-AIML-C,BIO0321,AIPC350T,Deep Learning,44,32,7,5,0,88.64,OK
UGF23AI322,Nisha Kharat,A75,CSE-AIML-A,BIO0322,AIPC350T,Deep Learning,44,33,5,6,1,86.36,OK
UGF23AI323,Kamla Kumar,B75,CSE-AIML-B,BIO0323,AIPC350T,Deep Learning,44,24,5,15,1,65.91,DETAINED
UGF23AI324,Gunjan Devi Fernandes,C75,CSE-AIML-C,BIO0324,AIPC350T,Deep Learning,44,36,6,2,2,95.45,OK
UGF23AI325,Gunjan Sai Pawar,A76,CSE-AIML-A,BIO0325,AIPC350T,Deep Learning,44,28,4,12,2,72.73,DETAINED
UGF23AI326,Vanshika Chand Shah,B76,CSE-AIML-B,BIO0326,AIPC350T,Deep Learning,44,40,2,2,2,95.45,OK
UGF23AI327,Nikhil Hivrale,C76,CSE-AIML-C,BIO0327,AIPC350T,Deep Learning,44,27,3,14,1,68.18,DETAINED
UGF23AI328,Chetna Yadav,A77,CSE-AIML-A,BIO0328,AIPC350T,Deep Learning,44,37,7,0,2,100.0,OK
UGF23AI329,Pallavi Prasad Banerjee,B77,CSE-AIML-B,BIO0329,AIPC350T,Deep Learning,44,28,4,12,2,72.73,DETAINED
UGF23AI330,Omkar Chand Lal,C77,CSE-AIML-C,BIO0330,AIPC350T,Deep Learning,44,39,3,2,6,95.45,OK
UGF23AI331,Isha Mane,A78,CSE-AIML-A,BIO0331,AIPC350T,Deep Learning,44,40,3,1,3,97.73,OK
UGF23AI332,Ramesh Shankar Kulkarni,B78,CSE-AIML-B,BIO0332,AIPC350T,Deep Learning,44,30,7,7,2,84.09,OK
UGF23AI333,Chetna Ram Upadhyay,C78,CSE-AIML-C,BIO0333,AIPC350T,Deep Learning,44,40,2,2,2,95.45,OK
UGF23AI334,Esha Prasad Vaidya,A79,CSE-AIML-A,BIO0334,AIPC350T,Deep Learning,44,23,5,16,0,63.64,DETAINED
UGF23AI335,Gunjan Ram Nambiar,B79,CSE-AIML-B,BIO0335,AIPC350T,Deep Learning,44,37,4,3,1,93.18,OK
UGF23AI336,Ritika Lal Ahuja,C79,CSE-AIML-C,BIO0336,AIPC350T,Deep Learning,44,33,6,5,3,88.64,OK
UGF23AI337,Jagdish More,A80,CSE-AIML-A,BIO0337,AIPC350T,Deep Learning,44,19,7,18,0,59.09,DETAINED
UGF23AI338,Farhan Shankar Mishra,B80,CSE-AIML-B,BIO0338,AIPC350T,Deep Learning,44,29,4,11,2,75.0,OK
UGF23AI339,Sumit Jadhav,C80,CSE-AIML-C,BIO0339,AIPC350T,Deep Learning,44,29,2,13,1,70.45,DETAINED
UGF23AI340,Neha Kaur,A81,CSE-AIML-A,BIO0340,AIPC350T,Deep Learning,44,29,1,14,1,68.18,DETAINED
UGF23AI341,Jatin Bala Upadhyay,B81,CSE-AIML-B,BIO0341,AIPC350T,Deep Learning,44,23,7,14,1,68.18,DETAINED
UGF23AI342,Indira Vaidya,C81,CSE-AIML-C,BIO0342,AIPC350T,Deep Learning,44,30,4,10,1,77.27,OK
UGF23AI343,Wasim Das Mishra,A82,CSE-AIML-A,BIO0343,AIPC350T,Deep Learning,44,37,2,5,1,88.64,OK
UGF23AI344,Faisal Shankar Gaikwad,B82,CSE-AIML-B,BIO0344,AIPC350T,Deep Learning,44,29,5,10,0,77.27,OK
UGF23AI345,Gajanan Chand Ambhore,C82,CSE-AIML-C,BIO0345,AIPC350T,Deep Learning,44,28,4,12,3,72.73,DETAINED
UGF23AI346,Kunal Gupta,A83,CSE-AIML-A,BIO0346,AIPC350T,Deep Learning,44,18,3,23,1,47.73,DETAINED
UGF23AI347,Amol Lal Tiwari,B83,CSE-AIML-B,BIO0347,AIPC350T,Deep Learning,44,0,0,44,0,0.0,DETAINED
UGF23AI348,Aarav Upadhyay,C83,CSE-AIML-C,BIO0348,AIPC350T,Deep Learning,44,37,3,4,1,90.91,OK
UGF23AI349,Eshaan Kumar Kumar,A84,CSE-AIML-A,BIO0349,AIPC350T,Deep Learning,44,24,3,17,1,61.36,DETAINED
UGF23AI350,Farhan Rao Banerjee,B84,CSE-AIML-B,BIO0350,AIPC350T,Deep Learning,44,26,4,14,3,68.18,DETAINED
UGF23AI351,Gunjan Lal Gaikwad,C84,CSE-AIML-C,BIO0351,AIPC350T,Deep Learning,44,26,3,15,0,65.91,DETAINED
UGF23AI352,Anjali Raj Naik,A85,CSE-AIML-A,BIO0352,AIPC350T,Deep Learning,44,28,6,10,1,77.27,OK
UGF23AI353,Dhruv Prasad Zende,B85,CSE-AIML-B,BIO0353,AIPC350T,Deep Learning,44,27,3,14,2,68.18,DETAINED
UGF23AI354,Iqbal Prasad Salve,C85,CSE-AIML-C,BIO0354,AIPC350T,Deep Learning,44,28,2,14,2,68.18,DETAINED
UGF23AI355,Hina Bala Agarwal,A86,CSE-AIML-A,BIO0355,AIPC350T,Deep Learning,44,26,2,16,1,63.64,DETAINED
UGF23AI356,Harsha Joshi,B86,CSE-AIML-B,BIO0356,AIPC350T,Deep Learning,44,36,4,4,3,90.91,OK
UGF23AI357,Anjali Ram Gangurde,C86,CSE-AIML-C,BIO0357,AIPC350T,Deep Learning,44,37,4,3,3,93.18,OK
UGF23AI358,Harsha Rao Gaikwad,A87,CSE-AIML-A,BIO0358,AIPC350T,Deep Learning,44,25,5,14,1,68.18,DETAINED
UGF23AI359,Bharat Raj Agarwal,B87,CSE-AIML-B,BIO0359,AIPC350T,Deep Learning,44,29,4,11,3,75.0,OK
UGF23AI360,Sumit Prasad Dalvi,C87,CSE-AIML-C,BIO0360,AIPC350T,Deep Learning,44,32,7,5,2,88.64,OK
UGF23AI361,Firoz Das Narwade,A88,CSE-AIML-A,BIO0361,AIPC350T,Deep Learning,44,40,3,1,0,97.73,OK
UGF23AI362,Divya Das,B88,CSE-AIML-B,BIO0362,AIPC350T,Deep Learning,44,35,5,4,1,90.91,OK
UGF23AI363,Madhuri Devi Pawar,C88,CSE-AIML-C,BIO0363,AIPC350T,Deep Learning,44,37,5,2,3,95.45,OK
UGF23AI364,Disha Shankar Kale,A89,CSE-AIML-A,BIO0364,AIPC350T,Deep Learning,44,26,3,15,1,65.91,DETAINED
UGF23AI365,Rajesh Das Hatwar,B89,CSE-AIML-B,BIO0365,AIPC350T,Deep Learning,44,26,3,15,0,65.91,DETAINED
UGF23AI366,Kalpesh Shankar Ghosh,C89,CSE-AIML-C,BIO0366,AIPC350T,Deep Learning,44,35,3,6,1,86.36,OK
UGF23AI367,Madhuri Hande,A90,CSE-AIML-A,BIO0367,AIPC350T,Deep Learning,44,30,8,6,1,86.36,OK
UGF23AI368,Nisha Lal Shah,B90,CSE-AIML-B,BIO0368,AIPC350T,Deep Learning,44,0,0,44,0,0.0,DETAINED
UGF23AI369,Manish Sai Junghare,C90,CSE-AIML-C,BIO0369,AIPC350T,Deep Learning,44,36,5,3,5,93.18,OK
UGF23AI370,Lakshmi Nath Raut,A91,CSE-AIML-A,BIO0370,AIPC350T,Deep Learning,44,36,6,2,3,95.45,OK
UGF23AI371,Wasim Prasad Patel,B91,CSE-AIML-B,BIO0371,AIPC350T,Deep Learning,44,22,5,17,0,61.36,DETAINED
UGF23AI372,Bhushan Raj Kadam,C91,CSE-AIML-C,BIO0372,AIPC350T,Deep Learning,44,32,4,8,0,81.82,OK
UGF23AI373,Mukesh Ram Zende,A92,CSE-AIML-A,BIO0373,AIPC350T,Deep Learning,44,32,5,7,4,84.09,OK
UGF23AI374,Bhushan Iyer,B92,CSE-AIML-B,BIO0374,AIPC350T,Deep Learning,44,19,5,20,2,54.55,DETAINED
UGF23AI375,Geeta Chand Hatwar,C92,CSE-AIML-C,BIO0375,AIPC350T,Deep Learning,44,26,8,10,3,77.27,OK
UGF23AI376,Faisal Kadam,A93,CSE-AIML-A,BIO0376,AIPC350T,Deep Learning,44,26,3,15,1,65.91,DETAINED
UGF23AI377,Zara Das Kaur,B93,CSE-AIML-B,BIO0377,AIPC350T,Deep Learning,44,0,0,44,0,0.0,DETAINED
UGF23AI378,Zara Nambiar,C93,CSE-AIML-C,BIO0378,AIPC350T,Deep Learning,44,34,4,6,5,86.36,OK
UGF23AI379,Chetan Salve,A94,CSE-AIML-A,BIO0379,AIPC350T,Deep Learning,44,33,3,8,1,81.82,OK
UGF23AI380,Mahesh Shankar Gangurde,B94,CSE-AIML-B,BIO0380,AIPC350T,Deep Learning,44,33,5,6,3,86.36,OK
UGF23AI381,Faisal Das Saxena,C94,CSE-AIML-C,BIO0381,AIPC350T,Deep Learning,44,31,10,3,0,93.18,OK
UGF23AI382,Geeta Raj Joshi,A95,CSE-AIML-A,BIO0382,AIPC350T,Deep Learning,44,27,2,15,1,65.91,DETAINED
UGF23AI383,Ravi Lal Bhosale,B95,CSE-AIML-B,BIO0383,AIPC350T,Deep Learning,44,29,3,12,2,72.73,DETAINED
UGF23AI384,Gaurav Bala Jain,C95,CSE-AIML-C,BIO0384,AIPC350T,Deep Learning,44,32,3,9,3,79.55,OK
UGF23AI385,Om Gupta,A96,CSE-AIML-A,BIO0385,AIPC350T,Deep Learning,44,31,6,7,1,84.09,OK
UGF23AI386,Sarita Das Desai,B96,CSE-AIML-B,BIO0386,AIPC350T,Deep Learning,44,38,4,2,2,95.45,OK
UGF23AI387,Jayesh Nath Hatwar,C96,CSE-AIML-C,BIO0387,AIPC350T,Deep Learning,44,30,5,9,3,79.55,OK
UGF23AI388,Jiya Nath Junghare,A97,CSE-AIML-A,BIO0388,AIPC350T,Deep Learning,44,33,5,6,0,86.36,OK
UGF23AI389,Geeta Prakash Hande,B97,CSE-AIML-B,BIO0389,AIPC350T,Deep Learning,44,26,0,18,2,59.09,DETAINED
UGF23AI390,Urmila Pillai,C97,CSE-AIML-C,BIO0390,AIPC350T,Deep Learning,44,36,4,4,4,90.91,OK
UGF23AI391,Rekha Rao Singh,A98,CSE-AIML-A,BIO0391,AIPC350T,Deep Learning,44,27,4,13,2,70.45,DETAINED
UGF23AI392,Kedar Singh,B98,CSE-AIML-B,BIO0392,AIPC350T,Deep Learning,44,34,2,8,3,81.82,OK
UGF23AI393,Dhruv Das Takle,C98,CSE-AIML-C,BIO0393,AIPC350T,Deep Learning,44,25,6,13,2,70.45,DETAINED
UGF23AI394,Om Nath Londhe,A99,CSE-AIML-A,BIO0394,AIPC350T,Deep Learning,44,30,6,8,1,81.82,OK
UGF23AI395,Hina Kumar Pandey,B99,CSE-AIML-B,BIO0395,AIPC350T,Deep Learning,44,37,5,2,0,95.45,OK
UGF23AI396,Wasim Prakash Ingle,C99,CSE-AIML-C,BIO0396,AIPC350T,Deep Learning,44,33,7,4,1,90.91,OK
UGF23AI397,Nandini Deshpande,A100,CSE-AIML-A,BIO0397,AIPC350T,Deep Learning,44,28,4,12,2,72.73,DETAINED
UGF23AI398,Babita Fulzele,B100,CSE-AIML-B,BIO0398,AIPC350T,Deep Learning,44,36,4,4,2,90.91,OK
UGF23AI399,Hitesh Sai Takle,C100,CSE-AIML-C,BIO0399,AIPC350T,Deep Learning,44,30,4,10,0,77.27,OK
UGF23AI100,Namrata Prasad Patel,A01,CSE-AIML-A,BIO0100,AIPC355T,Data Engineering,44,21,5,18,0,59.09,DETAINED
UGF23AI101,Jatin Kumar Ambhore,B01,CSE-AIML-B,BIO0101,AIPC355T,Data Engineering,44,32,4,8,5,81.82,OK
UGF23AI102,Mohit Shankar Gaikwad,C01,CSE-AIML-C,BIO0102,AIPC355T,Data Engineering,44,30,6,8,2,81.82,OK
UGF23AI103,Suresh Londhe,A02,CSE-AIML-A,BIO0103,AIPC355T,Data Engineering,44,36,5,3,4,93.18,OK
UGF23AI104,Anjali Nath More,B02,CSE-AIML-B,BIO0104,AIPC355T,Data Engineering,44,26,2,16,0,63.64,DETAINED
UGF23AI105,Vikas Raj Mukherjee,C02,CSE-AIML-C,BIO0105,AIPC355T,Data Engineering,44,22,3,19,1,56.82,DETAINED
UGF23AI106,Manish Das Ambhore,A03,CSE-AIML-A,BIO0106,AIPC355T,Data Engineering,44,35,6,3,2,93.18,OK
UGF23AI107,Mohit Nath Gangurde,B03,CSE-AIML-B,BIO0107,AIPC355T,Data Engineering,44,35,5,4,2,90.91,OK
UGF23AI108,Kamla Ram Mehta,C03,CSE-AIML-C,BIO0108,AIPC355T,Data Engineering,44,31,5,8,2,81.82,OK
UGF23AI109,Mohit Rao Agarwal,A04,CSE-AIML-A,BIO0109,AIPC355T,Data Engineering,44,19,1,24,2,45.45,DETAINED
UGF23AI110,Farhan Nair,B04,CSE-AIML-B,BIO0110,AIPC355T,Data Engineering,44,34,8,2,2,95.45,OK
UGF23AI111,Mithun Iyer,C04,CSE-AIML-C,BIO0111,AIPC355T,Data Engineering,44,31,2,11,2,75.0,OK
UGF23AI112,Ravi Kumar Joshi,A05,CSE-AIML-A,BIO0112,AIPC355T,Data Engineering,44,34,2,8,1,81.82,OK
UGF23AI113,Farhan Dange,B05,CSE-AIML-B,BIO0113,AIPC355T,Data Engineering,44,31,6,7,1,84.09,OK
UGF23AI114,Onkar Prasad Mishra,C05,CSE-AIML-C,BIO0114,AIPC355T,Data Engineering,44,39,0,5,1,88.64,OK
UGF23AI115,Divya Zende,A06,CSE-AIML-A,BIO0115,AIPC355T,Data Engineering,44,38,2,4,2,90.91,OK
UGF23AI116,Nikhil Prakash Hatwar,B06,CSE-AIML-B,BIO0116,AIPC355T,Data Engineering,44,34,4,6,4,86.36,OK
UGF23AI117,Bhushan Raj Chatterjee,C06,CSE-AIML-C,BIO0117,AIPC355T,Data Engineering,44,30,3,11,2,75.0,OK
UGF23AI118,Gunjan Pandey,A07,CSE-AIML-A,BIO0118,AIPC355T,Data Engineering,44,31,2,11,3,75.0,OK
UGF23AI119,Fatima Lal Ahuja,B07,CSE-AIML-B,BIO0119,AIPC355T,Data Engineering,44,42,2,0,2,100.0,OK
UGF23AI120,Farhan Devi Pandey,C07,CSE-AIML-C,BIO0120,AIPC355T,Data Engineering,44,33,8,3,1,93.18,OK
UGF23AI121,Manish Chand Mehta,A08,CSE-AIML-A,BIO0121,AIPC355T,Data Engineering,44,35,2,7,2,84.09,OK
UGF23AI122,Iqbal Raj Pillai,B08,CSE-AIML-B,BIO0122,AIPC355T,Data Engineering,44,32,1,11,3,75.0,OK
UGF23AI123,Kavya Devi Yadav,C08,CSE-AIML-C,BIO0123,AIPC355T,Data Engineering,44,0,0,44,0,0.0,DETAINED
UGF23AI124,Priya Das Shah,A09,CSE-AIML-A,BIO0124,AIPC355T,Data Engineering,44,31,13,0,1,100.0,OK
UGF23AI125,Hina Das Thakur,B09,CSE-AIML-B,BIO0125,AIPC355T,Data Engineering,44,26,5,13,1,70.45,DETAINED
UGF23AI126,Rajesh Shankar Chavan,C09,CSE-AIML-C,BIO0126,AIPC355T,Data Engineering,44,29,3,12,1,72.73,DETAINED
UGF23AI127,Indira Sai Hegde,A10,CSE-AIML-A,BIO0127,AIPC355T,Data Engineering,44,32,10,2,1,95.45,OK
UGF23AI128,Amrita Shankar Londhe,B10,CSE-AIML-B,BIO0128,AIPC355T,Data Engineering,44,35,6,3,4,93.18,OK
UGF23AI129,Chetna Lal Ghosh,C10,CSE-AIML-C,BIO0129,AIPC355T,Data Engineering,44,36,3,5,1,88.64,OK
UGF23AI130,Lalit Shankar Salve,A11,CSE-AIML-A,BIO0130,AIPC355T,Data Engineering,44,25,1,18,1,59.09,DETAINED
UGF23AI131,Pooja Lal Patel,B11,CSE-AIML-B,BIO0131,AIPC355T,Data Engineering,44,23,2,19,3,56.82,DETAINED
UGF23AI132,Abhishek Kumar Shah,C11,CSE-AIML-C,BIO0132,AIPC355T,Data Engineering,44,35,5,4,1,90.91,OK
UGF23AI133,Indira Ram Ingole,A12,CSE-AIML-A,BIO0133,AIPC355T,Data Engineering,44,30,8,6,2,86.36,OK
UGF23AI134,Wasim Nambiar,B12,CSE-AIML-B,BIO0134,AIPC355T,Data Engineering,44,29,6,9,2,79.55,OK
UGF23AI135,Dev Sai Dalvi,C12,CSE-AIML-C,BIO0135,AIPC355T,Data Engineering,44,40,3,1,4,97.73,OK
UGF23AI136,Jagdish Naik,A13,CSE-AIML-A,BIO0136,AIPC355T,Data Engineering,44,34,3,7,1,84.09,OK
UGF23AI137,Sarita Prakash Bhatia,B13,CSE-AIML-B,BIO0137,AIPC355T,Data Engineering,44,28,1,15,0,65.91,DETAINED
UGF23AI138,Shruti Prakash Das,C13,CSE-AIML-C,BIO0138,AIPC355T,Data Engineering,44,23,2,19,0,56.82,DETAINED
UGF23AI139,Zara Das Rao,A14,CSE-AIML-A,BIO0139,AIPC355T,Data Engineering,44,32,4,8,3,81.82,OK
UGF23AI140,Sandeep Rao Bhatia,B14,CSE-AIML-B,BIO0140,AIPC355T,Data Engineering,44,24,4,16,0,63.64,DETAINED
UGF23AI141,Devika Shankar Joshi,C14,CSE-AIML-C,BIO0141,AIPC355T,Data Engineering,44,27,6,11,0,75.0,OK
UGF23AI142,Chetan Devi Raut,A15,CSE-AIML-A,BIO0142,AIPC355T,Data Engineering,44,37,6,1,2,97.73,OK
UGF23AI143,Siddharth Vaghmare,B15,CSE-AIML-B,BIO0143,AIPC355T,Data Engineering,44,32,2,10,0,77.27,OK
UGF23AI144,Tejas Ram Deshpande,C15,CSE-AIML-C,BIO0144,AIPC355T,Data Engineering,44,25,0,19,0,56.82,DETAINED
UGF23AI145,Hina Ambhore,A16,CSE-AIML-A,BIO0145,AIPC355T,Data Engineering,44,29,0,15,2,65.91,DETAINED
UGF23AI146,Yogesh Rao Gangurde,B16,CSE-AIML-B,BIO0146,AIPC355T,Data Engineering,44,41,2,1,2,97.73,OK
UGF23AI147,Abhishek Nath Ghosh,C16,CSE-AIML-C,BIO0147,AIPC355T,Data Engineering,44,28,6,10,1,77.27,OK
UGF23AI148,Chandra Kulkarni,A17,CSE-AIML-A,BIO0148,AIPC355T,Data Engineering,44,28,3,13,3,70.45,DETAINED
UGF23AI149,Om Raj Reddy,B17,CSE-AIML-B,BIO0149,AIPC355T,Data Engineering,44,26,4,14,0,68.18,DETAINED
UGF23AI150,Sakshi Prasad Ambhore,C17,CSE-AIML-C,BIO0150,AIPC355T,Data Engineering,44,28,3,13,0,70.45,DETAINED
UGF23AI151,Gajanan Prasad Jain,A18,CSE-AIML-A,BIO0151,AIPC355T,Data Engineering,44,29,5,10,2,77.27,OK
UGF23AI152,Ritika Bala Vaidya,B18,CSE-AIML-B,BIO0152,AIPC355T,Data Engineering,44,39,5,0,1,100.0,OK
UGF23AI153,Tariq Lal Joshi,C18,CSE-AIML-C,BIO0153,AIPC355T,Data Engineering,44,28,5,11,0,75.0,OK
UGF23AI154,Tejas Nair,A19,CSE-AIML-A,BIO0154,AIPC355T,Data Engineering,44,40,3,1,2,97.73,OK
UGF23AI155,Tushar Chand Dange,B19,CSE-AIML-B,BIO0155,AIPC355T,Data Engineering,44,38,4,2,2,95.45,OK
UGF23AI156,Pallavi Rao Dalvi,C19,CSE-AIML-C,BIO0156,AIPC355T,Data Engineering,44,21,2,21,2,52.27,DETAINED
UGF23AI157,Harsha Ram Reddy,A20,CSE-AIML-A,BIO0157,AIPC355T,Data Engineering,44,34,6,4,6,90.91,OK
UGF23AI158,Jagdish Raj Jain,B20,CSE-AIML-B,BIO0158,AIPC355T,Data Engineering,44,35,4,5,2,88.64,OK
UGF23AI159,Ravi Prasad Lokhande,C20,CSE-AIML-C,BIO0159,AIPC355T,Data Engineering,44,24,3,17,2,61.36,DETAINED
UGF23AI160,Pankaj Salve,A21,CSE-AIML-A,BIO0160,AIPC355T,Data Engineering,44,38,5,1,2,97.73,OK
UGF23AI161,Madhuri Narwade,B21,CSE-AIML-B,BIO0161,AIPC355T,Data Engineering,44,21,1,22,2,50.0,DETAINED
UGF23AI162,Hemant Naik,C21,CSE-AIML-C,BIO0162,AIPC355T,Data Engineering,44,38,5,1,3,97.73,OK
UGF23AI163,Aditi Lal Dalvi,A22,CSE-AIML-A,BIO0163,AIPC355T,Data Engineering,44,27,6,11,4,75.0,OK
UGF23AI164,Vanshika Waghmare,B22,CSE-AIML-B,BIO0164,AIPC355T,Data Engineering,44,30,4,10,2,77.27,OK
UGF23AI165,Abhishek Bala Patel,C22,CSE-AIML-C,BIO0165,AIPC355T,Data Engineering,44,28,4,12,1,72.73,DETAINED
UGF23AI166,Gaurav Naik,A23,CSE-AIML-A,BIO0166,AIPC355T,Data Engineering,44,34,7,3,2,93.18,OK
UGF23AI167,Tushar Agarwal,B23,CSE-AIML-B,BIO0167,AIPC355T,Data Engineering,44,0,0,44,0,0.0,DETAINED
UGF23AI168,Dhruv Kadam,C23,CSE-AIML-C,BIO0168,AIPC355T,Data Engineering,44,35,3,6,0,86.36,OK
UGF23AI169,Ritika Kadam,A24,CSE-AIML-A,BIO0169,AIPC355T,Data Engineering,44,38,5,1,1,97.73,OK
UGF23AI170,Harsha Bala Das,B24,CSE-AIML-B,BIO0170,AIPC355T,Data Engineering,44,38,4,2,2,95.45,OK
UGF23AI171,Suresh Ram Mehta,C24,CSE-AIML-C,BIO0171,AIPC355T,Data Engineering,44,33,4,7,1,84.09,OK
UGF23AI172,Tushar Chand Gite,A25,CSE-AIML-A,BIO0172,AIPC355T,Data Engineering,44,39,5,0,2,100.0,OK
UGF23AI173,Tanvi Sai Mehta,B25,CSE-AIML-B,BIO0173,AIPC355T,Data Engineering,44,32,4,8,0,81.82,OK
UGF23AI174,Hemant Lal Fulzele,C25,CSE-AIML-C,BIO0174,AIPC355T,Data Engineering,44,20,4,20,0,54.55,DETAINED
UGF23AI175,Vidya Rao Waghmare,A26,CSE-AIML-A,BIO0175,AIPC355T,Data Engineering,44,23,2,19,0,56.82,DETAINED
UGF23AI176,Vishal Das Kulkarni,B26,CSE-AIML-B,BIO0176,AIPC355T,Data Engineering,44,26,2,16,0,63.64,DETAINED
UGF23AI177,Meera Lal Waghmare,C26,CSE-AIML-C,BIO0177,AIPC355T,Data Engineering,44,24,1,19,0,56.82,DETAINED
UGF23AI178,Isha Mehta,A27,CSE-AIML-A,BIO0178,AIPC355T,Data Engineering,44,29,4,11,1,75.0,OK
UGF23AI179,Onkar Kumar Mishra,B27,CSE-AIML-B,BIO0179,AIPC355T,Data Engineering,44,24,3,17,1,61.36,DETAINED
UGF23AI180,Lalita Zende,C27,CSE-AIML-C,BIO0180,AIPC355T,Data Engineering,44,34,6,4,3,90.91,OK
UGF23AI181,Rahul Sai Jadhav,A28,CSE-AIML-A,BIO0181,AIPC355T,Data Engineering,44,35,3,6,1,86.36,OK
UGF23AI182,Pallavi Devi Pillai,B28,CSE-AIML-B,BIO0182,AIPC355T,Data Engineering,44,35,5,4,3,90.91,OK
UGF23AI183,Ekta Raj Vaidya,C28,CSE-AIML-C,BIO0183,AIPC355T,Data Engineering,44,23,1,20,3,54.55,DETAINED
UGF23AI184,Sneha Lal,A29,CSE-AIML-A,BIO0184,AIPC355T,Data Engineering,44,38,4,2,3,95.45,OK
UGF23AI185,Zara Kumar Deshpande,B29,CSE-AIML-B,BIO0185,AIPC355T,Data Engineering,44,28,6,10,3,77.27,OK
UGF23AI186,Neha Rao Banerjee,C29,CSE-AIML-C,BIO0186,AIPC355T,Data Engineering,44,28,2,14,1,68.18,DETAINED
UGF23AI187,Jayesh Junghare,A30,CSE-AIML-A,BIO0187,AIPC355T,Data Engineering,44,33,5,6,3,86.36,OK
UGF23AI188,Bhavna Das Bhosale,B30,CSE-AIML-B,BIO0188,AIPC355T,Data Engineering,44,30,6,8,0,81.82,OK
UGF23AI189,Dhruv Mukherjee,C30,CSE-AIML-C,BIO0189,AIPC355T,Data Engineering,44,35,5,4,1,90.91,OK
UGF23AI190,Chandra Sai Wagh,A31,CSE-AIML-A,BIO0190,AIPC355T,Data Engineering,44,31,8,5,1,88.64,OK
UGF23AI191,Yogesh Devi Bhosale,B31,CSE-AIML-B,BIO0191,AIPC355T,Data Engineering,44,29,4,11,0,75.0,OK
UGF23AI192,Seema Lal Nambiar,C31,CSE-AIML-C,BIO0192,AIPC355T,Data Engineering,44,37,4,3,2,93.18,OK
UGF23AI193,Farhan Das,A32,CSE-AIML-A,BIO0193,AIPC355T,Data Engineering,44,20,4,20,3,54.55,DETAINED
UGF23AI194,Omkar Kumar,B32,CSE-AIML-B,BIO0194,AIPC355T,Data Engineering,44,28,5,11,1,75.0,OK
UGF23AI195,Ramesh Ghosh,C32,CSE-AIML-C,BIO0195,AIPC355T,Data Engineering,44,29,1,14,0,68.18,DETAINED
UGF23AI196,Lalit Unde,A33,CSE-AIML-A,BIO0196,AIPC355T,Data Engineering,44,28,2,14,0,68.18,DETAINED
UGF23AI197,Ishaan Apte,B33,CSE-AIML-B,BIO0197,AIPC355T,Data Engineering,44,0,0,44,0,0.0,DETAINED
UGF23AI198,Chandra Devi Banerjee,C33,CSE-AIML-C,BIO0198,AIPC355T,Data Engineering,44,38,4,2,1,95.45,OK
UGF23AI199,Yash Ghosh,A34,CSE-AIML-A,BIO0199,AIPC355T,Data Engineering,44,32,3,9,2,79.55,OK
UGF23AI200,Om Bhatia,B34,CSE-AIML-B,BIO0200,AIPC355T,Data Engineering,44,29,4,11,2,75.0,OK
UGF23AI201,Chetan Ingole,C34,CSE-AIML-C,BIO0201,AIPC355T,Data Engineering,44,27,7,10,2,77.27,OK
UGF23AI202,Dayanand Rao Zende,A35,CSE-AIML-A,BIO0202,AIPC355T,Data Engineering,44,39,3,2,1,95.45,OK
UGF23AI203,Ravi Hegde,B35,CSE-AIML-B,BIO0203,AIPC355T,Data Engineering,44,37,6,1,2,97.73,OK
UGF23AI204,Priti Ram Dubey,C35,CSE-AIML-C,BIO0204,AIPC355T,Data Engineering,44,32,3,9,1,79.55,OK
UGF23AI205,Firoz Unde,A36,CSE-AIML-A,BIO0205,AIPC355T,Data Engineering,44,23,4,17,0,61.36,DETAINED
UGF23AI206,Iqbal Ingle,B36,CSE-AIML-B,BIO0206,AIPC355T,Data Engineering,44,31,5,8,2,81.82,OK
UGF23AI207,Sarita Devi Unde,C36,CSE-AIML-C,BIO0207,AIPC355T,Data Engineering,44,32,3,9,5,79.55,OK
UGF23AI208,Akash Rao Rao,A37,CSE-AIML-A,BIO0208,AIPC355T,Data Engineering,44,36,7,1,3,97.73,OK
UGF23AI209,Rekha Nath Tiwari,B37,CSE-AIML-B,BIO0209,AIPC355T,Data Engineering,44,33,2,9,5,79.55,OK
UGF23AI210,Seema Mane,C37,CSE-AIML-C,BIO0210,AIPC355T,Data Engineering,44,35,6,3,2,93.18,OK
UGF23AI211,Hitesh Prakash Gaikwad,A38,CSE-AIML-A,BIO0211,AIPC355T,Data Engineering,44,0,0,44,0,0.0,DETAINED
UGF23AI212,Vikas Prasad Nair,B38,CSE-AIML-B,BIO0212,AIPC355T,Data Engineering,44,29,7,8,2,81.82,OK
UGF23AI213,Kiran Chand Mishra,C38,CSE-AIML-C,BIO0213,AIPC355T,Data Engineering,44,20,2,22,0,50.0,DETAINED
UGF23AI214,Dev Das Londhe,A39,CSE-AIML-A,BIO0214,AIPC355T,Data Engineering,44,35,5,4,2,90.91,OK
UGF23AI215,Fatima Ram Upadhyay,B39,CSE-AIML-B,BIO0215,AIPC355T,Data Engineering,44,33,9,2,1,95.45,OK
UGF23AI216,Soham Iyer,C39,CSE-AIML-C,BIO0216,AIPC355T,Data Engineering,44,28,3,13,2,70.45,DETAINED
UGF23AI217,Tanvi Nath Chopra,A40,CSE-AIML-A,BIO0217,AIPC355T,Data Engineering,44,35,3,6,1,86.36,OK
UGF23AI218,Gunjan Devi Rao,B40,CSE-AIML-B,BIO0218,AIPC355T,Data Engineering,44,37,3,4,2,90.91,OK
UGF23AI219,Zara Lal Zende,C40,CSE-AIML-C,BIO0219,AIPC355T,Data Engineering,44,24,5,15,2,65.91,DETAINED
UGF23AI220,Wasim Bala Nair,A41,CSE-AIML-A,BIO0220,AIPC355T,Data Engineering,44,27,2,15,1,65.91,DETAINED
UGF23AI221,Lalita Gaikwad,B41,CSE-AIML-B,BIO0221,AIPC355T,Data Engineering,44,28,3,13,4,70.45,DETAINED
UGF23AI222,Mahesh Wagh,C41,CSE-AIML-C,BIO0222,AIPC355T,Data Engineering,44,33,1,10,1,77.27,OK
UGF23AI223,Meera Ram Chatterjee,A42,CSE-AIML-A,BIO0223,AIPC355T,Data Engineering,44,27,3,14,0,68.18,DETAINED
UGF23AI224,Ishaan Raj Wagh,B42,CSE-AIML-B,BIO0224,AIPC355T,Data Engineering,44,25,6,13,1,70.45,DETAINED
UGF23AI225,Farhan Bala Pawar,C42,CSE-AIML-C,BIO0225,AIPC355T,Data Engineering,44,31,1,12,2,72.73,DETAINED
UGF23AI226,Aditi Prasad Hivrale,A43,CSE-AIML-A,BIO0226,AIPC355T,Data Engineering,44,23,4,17,4,61.36,DETAINED
UGF23AI227,Urmila Zende,B43,CSE-AIML-B,BIO0227,AIPC355T,Data Engineering,44,31,2,11,2,75.0,OK
UGF23AI228,Varun Prakash Raut,C43,CSE-AIML-C,BIO0228,AIPC355T,Data Engineering,44,29,3,12,1,72.73,DETAINED
UGF23AI229,Kalpesh Bala Hande,A44,CSE-AIML-A,BIO0229,AIPC355T,Data Engineering,44,30,2,12,2,72.73,DETAINED
UGF23AI230,Nandini Kumar Ingle,B44,CSE-AIML-B,BIO0230,AIPC355T,Data Engineering,44,21,5,18,1,59.09,DETAINED
UGF23AI231,Vidya Das Kumar,C44,CSE-AIML-C,BIO0231,AIPC355T,Data Engineering,44,35,4,5,0,88.64,OK
UGF23AI232,Gajanan Raj Tiwari,A45,CSE-AIML-A,BIO0232,AIPC355T,Data Engineering,44,33,6,5,6,88.64,OK
UGF23AI233,Pankaj Das Upadhyay,B45,CSE-AIML-B,BIO0233,AIPC355T,Data Engineering,44,24,3,17,3,61.36,DETAINED
UGF23AI234,Faisal Naik,C45,CSE-AIML-C,BIO0234,AIPC355T,Data Engineering,44,26,5,13,2,70.45,DETAINED
UGF23AI235,Tariq Thakur,A46,CSE-AIML-A,BIO0235,AIPC355T,Data Engineering,44,31,4,9,4,79.55,OK
UGF23AI236,Chirag Prasad Dalvi,B46,CSE-AIML-B,BIO0236,AIPC355T,Data Engineering,44,29,4,11,0,75.0,OK
UGF23AI237,Onkar Raj Pillai,C46,CSE-AIML-C,BIO0237,AIPC355T,Data Engineering,44,36,4,4,3,90.91,OK
UGF23AI238,Aditi Bala Bhange,A47,CSE-AIML-A,BIO0238,AIPC355T,Data Engineering,44,29,4,11,1,75.0,OK
UGF23AI239,Firoz Reddy,B47,CSE-AIML-B,BIO0239,AIPC355T,Data Engineering,44,28,1,15,0,65.91,DETAINED
UGF23AI240,Girish Prasad Deshpande,C47,CSE-AIML-C,BIO0240,AIPC355T,Data Engineering,44,27,2,15,0,65.91,DETAINED
UGF23AI241,Anjali Das Mishra,A48,CSE-AIML-A,BIO0241,AIPC355T,Data Engineering,44,31,4,9,1,79.55,OK
UGF23AI242,Ravi Das Tiwari,B48,CSE-AIML-B,BIO0242,AIPC355T,Data Engineering,44,36,6,2,0,95.45,OK
UGF23AI243,Vidya Nair,C48,CSE-AIML-C,BIO0243,AIPC355T,Data Engineering,44,28,6,10,2,77.27,OK
UGF23AI244,Vidya Shankar Gite,A49,CSE-AIML-A,BIO0244,AIPC355T,Data Engineering,44,32,5,7,3,84.09,OK
UGF23AI245,Fatima Chand Hatwar,B49,CSE-AIML-B,BIO0245,AIPC355T,Data Engineering,44,0,0,44,0,0.0,DETAINED
UGF23AI246,Hina Nath Tiwari,C49,CSE-AIML-C,BIO0246,AIPC355T,Data Engineering,44,33,4,7,3,84.09,OK
UGF23AI247,Zara Prasad Chopra,A50,CSE-AIML-A,BIO0247,AIPC355T,Data Engineering,44,27,2,15,1,65.91,DETAINED
UGF23AI248,Ritika Das Kale,B50,CSE-AIML-B,BIO0248,AIPC355T,Data Engineering,44,22,3,19,2,56.82,DETAINED
UGF23AI249,Arjun Ingle,C50,CSE-AIML-C,BIO0249,AIPC355T,Data Engineering,44,31,8,5,0,88.64,OK
UGF23AI250,Kedar Chatterjee,A51,CSE-AIML-A,BIO0250,AIPC355T,Data Engineering,44,34,3,7,1,84.09,OK
UGF23AI251,Jayesh Pawar,B51,CSE-AIML-B,BIO0251,AIPC355T,Data Engineering,44,35,3,6,4,86.36,OK
UGF23AI252,Yamini Das Ahuja,C51,CSE-AIML-C,BIO0252,AIPC355T,Data Engineering,44,37,5,2,2,95.45,OK
UGF23AI253,Yamini Rao Pillai,A52,CSE-AIML-A,BIO0253,AIPC355T,Data Engineering,44,30,1,13,3,70.45,DETAINED
UGF23AI254,Priya Ram Ahuja,B52,CSE-AIML-B,BIO0254,AIPC355T,Data Engineering,44,27,6,11,1,75.0,OK
UGF23AI255,Amrita Rao Banerjee,C52,CSE-AIML-C,BIO0255,AIPC355T,Data Engineering,44,31,2,11,0,75.0,OK
UGF23AI256,Ravi Lal Verma,A53,CSE-AIML-A,BIO0256,AIPC355T,Data Engineering,44,33,6,5,4,88.64,OK
UGF23AI257,Vidya Ram Reddy,B53,CSE-AIML-B,BIO0257,AIPC355T,Data Engineering,44,37,5,2,0,95.45,OK
UGF23AI258,Deepika Kumar,C53,CSE-AIML-C,BIO0258,AIPC355T,Data Engineering,44,28,5,11,0,75.0,OK
UGF23AI259,Deepika Kharat,A54,CSE-AIML-A,BIO0259,AIPC355T,Data Engineering,44,20,2,22,0,50.0,DETAINED
UGF23AI260,Seema Sai Chopra,B54,CSE-AIML-B,BIO0260,AIPC355T,Data Engineering,44,30,5,9,2,79.55,OK
UGF23AI261,Girish Bhange,C54,CSE-AIML-C,BIO0261,AIPC355T,Data Engineering,44,37,2,5,6,88.64,OK
UGF23AI262,Gaurav Hivrale,A55,CSE-AIML-A,BIO0262,AIPC355T,Data Engineering,44,41,3,0,3,100.0,OK
UGF23AI263,Vidya Chand Waghmare,B55,CSE-AIML-B,BIO0263,AIPC355T,Data Engineering,44,28,5,11,1,75.0,OK
UGF23AI264,Esha Das Bhange,C55,CSE-AIML-C,BIO0264,AIPC355T,Data Engineering,44,23,8,13,3,70.45,DETAINED
UGF23AI265,Divya Ram Junghare,A56,CSE-AIML-A,BIO0265,AIPC355T,Data Engineering,44,25,5,14,1,68.18,DETAINED
UGF23AI266,Geeta Prakash Nair,B56,CSE-AIML-B,BIO0266,AIPC355T,Data Engineering,44,26,3,15,4,65.91,DETAINED
UGF23AI267,Jiya Devi Hatwar,C56,CSE-AIML-C,BIO0267,AIPC355T,Data Engineering,44,22,2,20,2,54.55,DETAINED
UGF23AI268,Aditya Pillai,A57,CSE-AIML-A,BIO0268,AIPC355T,Data Engineering,44,32,3,9,1,79.55,OK
UGF23AI269,Nikhil Prakash Bhatia,B57,CSE-AIML-B,BIO0269,AIPC355T,Data Engineering,44,30,3,11,1,75.0,OK
UGF23AI270,Sakshi Ingle,C57,CSE-AIML-C,BIO0270,AIPC355T,Data Engineering,44,29,5,10,1,77.27,OK
UGF23AI271,Kiran Tiwari,A58,CSE-AIML-A,BIO0271,AIPC355T,Data Engineering,44,27,3,14,2,68.18,DETAINED
UGF23AI272,Sneha Prakash Londhe,B58,CSE-AIML-B,BIO0272,AIPC355T,Data Engineering,44,34,4,6,1,86.36,OK
UGF23AI273,Dev Sai Pawar,C58,CSE-AIML-C,BIO0273,AIPC355T,Data Engineering,44,27,7,10,3,77.27,OK
UGF23AI274,Mithun Sai Waghmare,A59,CSE-AIML-A,BIO0274,AIPC355T,Data Engineering,44,38,5,1,1,97.73,OK
UGF23AI275,Vishal Sai Shah,B59,CSE-AIML-B,BIO0275,AIPC355T,Data Engineering,44,27,2,15,3,65.91,DETAINED
UGF23AI276,Anika Shah,C59,CSE-AIML-C,BIO0276,AIPC355T,Data Engineering,44,24,4,16,3,63.64,DETAINED
UGF23AI277,Ekta Chatterjee,A60,CSE-AIML-A,BIO0277,AIPC355T,Data Engineering,44,25,3,16,2,63.64,DETAINED
UGF23AI278,Disha Sai Lokhande,B60,CSE-AIML-B,BIO0278,AIPC355T,Data Engineering,44,25,0,19,0,56.82,DETAINED
UGF23AI279,Ila Devi Dange,C60,CSE-AIML-C,BIO0279,AIPC355T,Data Engineering,44,34,3,7,1,84.09,OK
UGF23AI280,Kalpesh Prakash Hande,A61,CSE-AIML-A,BIO0280,AIPC355T,Data Engineering,44,28,5,11,3,75.0,OK
UGF23AI281,Rohit Bala Mehta,B61,CSE-AIML-B,BIO0281,AIPC355T,Data Engineering,44,34,5,5,1,88.64,OK
UGF23AI282,Onkar Nath Ambhore,C61,CSE-AIML-C,BIO0282,AIPC355T,Data Engineering,44,36,4,4,2,90.91,OK
UGF23AI283,Disha Pawar,A62,CSE-AIML-A,BIO0283,AIPC355T,Data Engineering,44,31,2,11,2,75.0,OK
UGF23AI284,Soham Nath Kale,B62,CSE-AIML-B,BIO0284,AIPC355T,Data Engineering,44,34,5,5,1,88.64,OK
UGF23AI285,Ila Raj Ingole,C62,CSE-AIML-C,BIO0285,AIPC355T,Data Engineering,44,37,3,4,1,90.91,OK
UGF23AI286,Rohit Shankar Hande,A63,CSE-AIML-A,BIO0286,AIPC355T,Data Engineering,44,33,1,10,1,77.27,OK
UGF23AI287,Indira Bhatia,B63,CSE-AIML-B,BIO0287,AIPC355T,Data Engineering,44,39,3,2,2,95.45,OK
UGF23AI288,Babita Lal Kulkarni,C63,CSE-AIML-C,BIO0288,AIPC355T,Data Engineering,44,28,5,11,1,75.0,OK
UGF23AI289,Hemant Chand More,A64,CSE-AIML-A,BIO0289,AIPC355T,Data Engineering,44,38,5,1,5,97.73,OK
UGF23AI290,Tariq Shankar Pawar,B64,CSE-AIML-B,BIO0290,AIPC355T,Data Engineering,44,28,2,14,3,68.18,DETAINED
UGF23AI291,Mukesh Verma,C64,CSE-AIML-C,BIO0291,AIPC355T,Data Engineering,44,24,5,15,0,65.91,DETAINED
UGF23AI292,Anjali Chand Nair,A65,CSE-AIML-A,BIO0292,AIPC355T,Data Engineering,44,28,3,13,2,70.45,DETAINED
UGF23AI293,Divya Lal Hande,B65,CSE-AIML-B,BIO0293,AIPC355T,Data Engineering,44,26,2,16,3,63.64,DETAINED
UGF23AI294,Harsha Prasad Shah,C65,CSE-AIML-C,BIO0294,AIPC355T,Data Engineering,44,32,4,8,2,81.82,OK
UGF23AI295,Ekta Shankar Yadav,A66,CSE-AIML-A,BIO0295,AIPC355T,Data Engineering,44,33,3,8,1,81.82,OK
UGF23AI296,Manish Das Upadhyay,B66,CSE-AIML-B,BIO0296,AIPC355T,Data Engineering,44,26,2,16,3,63.64,DETAINED
UGF23AI297,Jatin Ghosh,C66,CSE-AIML-C,BIO0297,AIPC355T,Data Engineering,44,37,7,0,1,100.0,OK
UGF23AI298,Nilesh Ram Kulkarni,A67,CSE-AIML-A,BIO0298,AIPC355T,Data Engineering,44,26,6,12,2,72.73,DETAINED
UGF23AI299,Bhavna Raj Bhosale,B67,CSE-AIML-B,BIO0299,AIPC355T,Data Engineering,44,29,0,15,2,65.91,DETAINED
UGF23AI300,Gaurav Jain,C67,CSE-AIML-C,BIO0300,AIPC355T,Data Engineering,44,31,1,12,5,72.73,DETAINED
UGF23AI301,Kalpesh Mishra,A68,CSE-AIML-A,BIO0301,AIPC355T,Data Engineering,44,24,2,18,5,59.09,DETAINED
UGF23AI302,Lakshmi Chand Patil,B68,CSE-AIML-B,BIO0302,AIPC355T,Data Engineering,44,32,8,4,1,90.91,OK
UGF23AI303,Nikhil Rao Agarwal,C68,CSE-AIML-C,BIO0303,AIPC355T,Data Engineering,44,29,4,11,2,75.0,OK
UGF23AI304,Mohit Nath Kumar,A69,CSE-AIML-A,BIO0304,AIPC355T,Data Engineering,44,32,1,11,1,75.0,OK
UGF23AI305,Iqbal Raj Chopra,B69,CSE-AIML-B,BIO0305,AIPC355T,Data Engineering,44,26,4,14,1,68.18,DETAINED
UGF23AI306,Esha Bala Pandey,C69,CSE-AIML-C,BIO0306,AIPC355T,Data Engineering,44,37,3,4,2,90.91,OK
UGF23AI307,Abhishek Kumar Fernandes,A70,CSE-AIML-A,BIO0307,AIPC355T,Data Engineering,44,0,0,44,0,0.0,DETAINED
UGF23AI308,Harsha Raj Mukherjee,B70,CSE-AIML-B,BIO0308,AIPC355T,Data Engineering,44,28,5,11,1,75.0,OK
UGF23AI309,Lakshmi Das Wagh,C70,CSE-AIML-C,BIO0309,AIPC355T,Data Engineering,44,25,2,17,2,61.36,DETAINED
UGF23AI310,Nikhil Lokhande,A71,CSE-AIML-A,BIO0310,AIPC355T,Data Engineering,44,32,7,5,2,88.64,OK
UGF23AI311,Bharat Singh,B71,CSE-AIML-B,BIO0311,AIPC355T,Data Engineering,44,24,4,16,1,63.64,DETAINED
UGF23AI312,Girish Ambhore,C71,CSE-AIML-C,BIO0312,AIPC355T,Data Engineering,44,27,1,16,2,63.64,DETAINED
UGF23AI313,Tariq Prakash More,A72,CSE-AIML-A,BIO0313,AIPC355T,Data Engineering,44,25,4,15,0,65.91,DETAINED
UGF23AI314,Yamini Ram Patil,B72,CSE-AIML-B,BIO0314,AIPC355T,Data Engineering,44,28,2,14,2,68.18,DETAINED
UGF23AI315,Om Chand Upadhyay,C72,CSE-AIML-C,BIO0315,AIPC355T,Data Engineering,44,27,4,13,2,70.45,DETAINED
UGF23AI316,Manish Sai Iyer,A73,CSE-AIML-A,BIO0316,AIPC355T,Data Engineering,44,22,7,15,0,65.91,DETAINED
UGF23AI317,Siddharth Nath Patel,B73,CSE-AIML-B,BIO0317,AIPC355T,Data Engineering,44,0,0,44,0,0.0,DETAINED
UGF23AI318,Rohit Chand Vaghmare,C73,CSE-AIML-C,BIO0318,AIPC355T,Data Engineering,44,33,7,4,0,90.91,OK
UGF23AI319,Anika Rao Bhange,A74,CSE-AIML-A,BIO0319,AIPC355T,Data Engineering,44,24,2,18,0,59.09,DETAINED
UGF23AI320,Rekha Kumar Fernandes,B74,CSE-AIML-B,BIO0320,AIPC355T,Data Engineering,44,34,4,6,1,86.36,OK
UGF23AI321,Yamini Londhe,C74,CSE-AIML-C,BIO0321,AIPC355T,Data Engineering,44,33,2,9,2,79.55,OK
UGF23AI322,Nisha Kharat,A75,CSE-AIML-A,BIO0322,AIPC355T,Data Engineering,44,36,6,2,1,95.45,OK
UGF23AI323,Kamla Kumar,B75,CSE-AIML-B,BIO0323,AIPC355T,Data Engineering,44,25,5,14,1,68.18,DETAINED
UGF23AI324,Gunjan Devi Fernandes,C75,CSE-AIML-C,BIO0324,AIPC355T,Data Engineering,44,38,4,2,3,95.45,OK
UGF23AI325,Gunjan Sai Pawar,A76,CSE-AIML-A,BIO0325,AIPC355T,Data Engineering,44,32,2,10,0,77.27,OK
UGF23AI326,Vanshika Chand Shah,B76,CSE-AIML-B,BIO0326,AIPC355T,Data Engineering,44,37,7,0,4,100.0,OK
UGF23AI327,Nikhil Hivrale,C76,CSE-AIML-C,BIO0327,AIPC355T,Data Engineering,44,33,3,8,2,81.82,OK
UGF23AI328,Chetna Yadav,A77,CSE-AIML-A,BIO0328,AIPC355T,Data Engineering,44,38,5,1,3,97.73,OK
UGF23AI329,Pallavi Prasad Banerjee,B77,CSE-AIML-B,BIO0329,AIPC355T,Data Engineering,44,30,3,11,1,75.0,OK
UGF23AI330,Omkar Chand Lal,C77,CSE-AIML-C,BIO0330,AIPC355T,Data Engineering,44,39,4,1,3,97.73,OK
UGF23AI331,Isha Mane,A78,CSE-AIML-A,BIO0331,AIPC355T,Data Engineering,44,35,7,2,0,95.45,OK
UGF23AI332,Ramesh Shankar Kulkarni,B78,CSE-AIML-B,BIO0332,AIPC355T,Data Engineering,44,30,4,10,3,77.27,OK
UGF23AI333,Chetna Ram Upadhyay,C78,CSE-AIML-C,BIO0333,AIPC355T,Data Engineering,44,38,3,3,5,93.18,OK
UGF23AI334,Esha Prasad Vaidya,A79,CSE-AIML-A,BIO0334,AIPC355T,Data Engineering,44,27,3,14,2,68.18,DETAINED
UGF23AI335,Gunjan Ram Nambiar,B79,CSE-AIML-B,BIO0335,AIPC355T,Data Engineering,44,34,10,0,1,100.0,OK
UGF23AI336,Ritika Lal Ahuja,C79,CSE-AIML-C,BIO0336,AIPC355T,Data Engineering,44,33,5,6,1,86.36,OK
UGF23AI337,Jagdish More,A80,CSE-AIML-A,BIO0337,AIPC355T,Data Engineering,44,22,3,19,1,56.82,DETAINED
UGF23AI338,Farhan Shankar Mishra,B80,CSE-AIML-B,BIO0338,AIPC355T,Data Engineering,44,29,1,14,1,68.18,DETAINED
UGF23AI339,Sumit Jadhav,C80,CSE-AIML-C,BIO0339,AIPC355T,Data Engineering,44,33,3,8,3,81.82,OK
UGF23AI340,Neha Kaur,A81,CSE-AIML-A,BIO0340,AIPC355T,Data Engineering,44,27,2,15,3,65.91,DETAINED
UGF23AI341,Jatin Bala Upadhyay,B81,CSE-AIML-B,BIO0341,AIPC355T,Data Engineering,44,31,3,10,1,77.27,OK
UGF23AI342,Indira Vaidya,C81,CSE-AIML-C,BIO0342,AIPC355T,Data Engineering,44,23,2,19,1,56.82,DETAINED
UGF23AI343,Wasim Das Mishra,A82,CSE-AIML-A,BIO0343,AIPC355T,Data Engineering,44,36,5,3,4,93.18,OK
UGF23AI344,Faisal Shankar Gaikwad,B82,CSE-AIML-B,BIO0344,AIPC355T,Data Engineering,44,31,3,10,0,77.27,OK
UGF23AI345,Gajanan Chand Ambhore,C82,CSE-AIML-C,BIO0345,AIPC355T,Data Engineering,44,35,3,6,1,86.36,OK
UGF23AI346,Kunal Gupta,A83,CSE-AIML-A,BIO0346,AIPC355T,Data Engineering,44,27,3,14,2,68.18,DETAINED
UGF23AI347,Amol Lal Tiwari,B83,CSE-AIML-B,BIO0347,AIPC355T,Data Engineering,44,0,0,44,0,0.0,DETAINED
UGF23AI348,Aarav Upadhyay,C83,CSE-AIML-C,BIO0348,AIPC355T,Data Engineering,44,34,7,3,1,93.18,OK
UGF23AI349,Eshaan Kumar Kumar,A84,CSE-AIML-A,BIO0349,AIPC355T,Data Engineering,44,25,3,16,1,63.64,DETAINED
UGF23AI350,Farhan Rao Banerjee,B84,CSE-AIML-B,BIO0350,AIPC355T,Data Engineering,44,28,4,12,3,72.73,DETAINED
UGF23AI351,Gunjan Lal Gaikwad,C84,CSE-AIML-C,BIO0351,AIPC355T,Data Engineering,44,21,9,14,3,68.18,DETAINED
UGF23AI352,Anjali Raj Naik,A85,CSE-AIML-A,BIO0352,AIPC355T,Data Engineering,44,27,2,15,0,65.91,DETAINED
UGF23AI353,Dhruv Prasad Zende,B85,CSE-AIML-B,BIO0353,AIPC355T,Data Engineering,44,27,4,13,0,70.45,DETAINED
UGF23AI354,Iqbal Prasad Salve,C85,CSE-AIML-C,BIO0354,AIPC355T,Data Engineering,44,27,4,13,0,70.45,DETAINED
UGF23AI355,Hina Bala Agarwal,A86,CSE-AIML-A,BIO0355,AIPC355T,Data Engineering,44,28,1,15,1,65.91,DETAINED
UGF23AI356,Harsha Joshi,B86,CSE-AIML-B,BIO0356,AIPC355T,Data Engineering,44,31,8,5,0,88.64,OK
UGF23AI357,Anjali Ram Gangurde,C86,CSE-AIML-C,BIO0357,AIPC355T,Data Engineering,44,35,5,4,1,90.91,OK
UGF23AI358,Harsha Rao Gaikwad,A87,CSE-AIML-A,BIO0358,AIPC355T,Data Engineering,44,23,4,17,1,61.36,DETAINED
UGF23AI359,Bharat Raj Agarwal,B87,CSE-AIML-B,BIO0359,AIPC355T,Data Engineering,44,31,4,9,4,79.55,OK
UGF23AI360,Sumit Prasad Dalvi,C87,CSE-AIML-C,BIO0360,AIPC355T,Data Engineering,44,28,5,11,2,75.0,OK
UGF23AI361,Firoz Das Narwade,A88,CSE-AIML-A,BIO0361,AIPC355T,Data Engineering,44,37,2,5,4,88.64,OK
UGF23AI362,Divya Das,B88,CSE-AIML-B,BIO0362,AIPC355T,Data Engineering,44,31,4,9,0,79.55,OK
UGF23AI363,Madhuri Devi Pawar,C88,CSE-AIML-C,BIO0363,AIPC355T,Data Engineering,44,33,7,4,3,90.91,OK
UGF23AI364,Disha Shankar Kale,A89,CSE-AIML-A,BIO0364,AIPC355T,Data Engineering,44,30,2,12,1,72.73,DETAINED
UGF23AI365,Rajesh Das Hatwar,B89,CSE-AIML-B,BIO0365,AIPC355T,Data Engineering,44,30,3,11,3,75.0,OK
UGF23AI366,Kalpesh Shankar Ghosh,C89,CSE-AIML-C,BIO0366,AIPC355T,Data Engineering,44,35,5,4,2,90.91,OK
UGF23AI367,Madhuri Hande,A90,CSE-AIML-A,BIO0367,AIPC355T,Data Engineering,44,34,4,6,2,86.36,OK
UGF23AI368,Nisha Lal Shah,B90,CSE-AIML-B,BIO0368,AIPC355T,Data Engineering,44,0,0,44,0,0.0,DETAINED
UGF23AI369,Manish Sai Junghare,C90,CSE-AIML-C,BIO0369,AIPC355T,Data Engineering,44,39,5,0,1,100.0,OK
UGF23AI370,Lakshmi Nath Raut,A91,CSE-AIML-A,BIO0370,AIPC355T,Data Engineering,44,40,3,1,2,97.73,OK
UGF23AI371,Wasim Prasad Patel,B91,CSE-AIML-B,BIO0371,AIPC355T,Data Engineering,44,29,2,13,2,70.45,DETAINED
UGF23AI372,Bhushan Raj Kadam,C91,CSE-AIML-C,BIO0372,AIPC355T,Data Engineering,44,28,6,10,0,77.27,OK
UGF23AI373,Mukesh Ram Zende,A92,CSE-AIML-A,BIO0373,AIPC355T,Data Engineering,44,34,4,6,3,86.36,OK
UGF23AI374,Bhushan Iyer,B92,CSE-AIML-B,BIO0374,AIPC355T,Data Engineering,44,29,4,11,2,75.0,OK
UGF23AI375,Geeta Chand Hatwar,C92,CSE-AIML-C,BIO0375,AIPC355T,Data Engineering,44,33,3,8,4,81.82,OK
UGF23AI376,Faisal Kadam,A93,CSE-AIML-A,BIO0376,AIPC355T,Data Engineering,44,31,6,7,1,84.09,OK
UGF23AI377,Zara Das Kaur,B93,CSE-AIML-B,BIO0377,AIPC355T,Data Engineering,44,0,0,44,0,0.0,DETAINED
UGF23AI378,Zara Nambiar,C93,CSE-AIML-C,BIO0378,AIPC355T,Data Engineering,44,37,4,3,3,93.18,OK
UGF23AI379,Chetan Salve,A94,CSE-AIML-A,BIO0379,AIPC355T,Data Engineering,44,27,4,13,0,70.45,DETAINED
UGF23AI380,Mahesh Shankar Gangurde,B94,CSE-AIML-B,BIO0380,AIPC355T,Data Engineering,44,34,2,8,0,81.82,OK
UGF23AI381,Faisal Das Saxena,C94,CSE-AIML-C,BIO0381,AIPC355T,Data Engineering,44,33,7,4,3,90.91,OK
UGF23AI382,Geeta Raj Joshi,A95,CSE-AIML-A,BIO0382,AIPC355T,Data Engineering,44,26,1,17,2,61.36,DETAINED
UGF23AI383,Ravi Lal Bhosale,B95,CSE-AIML-B,BIO0383,AIPC355T,Data Engineering,44,32,4,8,5,81.82,OK
UGF23AI384,Gaurav Bala Jain,C95,CSE-AIML-C,BIO0384,AIPC355T,Data Engineering,44,26,8,10,4,77.27,OK
UGF23AI385,Om Gupta,A96,CSE-AIML-A,BIO0385,AIPC355T,Data Engineering,44,30,3,11,2,75.0,OK
UGF23AI386,Sarita Das Desai,B96,CSE-AIML-B,BIO0386,AIPC355T,Data Engineering,44,40,2,2,3,95.45,OK
UGF23AI387,Jayesh Nath Hatwar,C96,CSE-AIML-C,BIO0387,AIPC355T,Data Engineering,44,34,3,7,1,84.09,OK
UGF23AI388,Jiya Nath Junghare,A97,CSE-AIML-A,BIO0388,AIPC355T,Data Engineering,44,34,5,5,2,88.64,OK
UGF23AI389,Geeta Prakash Hande,B97,CSE-AIML-B,BIO0389,AIPC355T,Data Engineering,44,28,4,12,2,72.73,DETAINED
UGF23AI390,Urmila Pillai,C97,CSE-AIML-C,BIO0390,AIPC355T,Data Engineering,44,32,3,9,0,79.55,OK
UGF23AI391,Rekha Rao Singh,A98,CSE-AIML-A,BIO0391,AIPC355T,Data Engineering,44,27,4,13,3,70.45,DETAINED
UGF23AI392,Kedar Singh,B98,CSE-AIML-B,BIO0392,AIPC355T,Data Engineering,44,34,3,7,2,84.09,OK
UGF23AI393,Dhruv Das Takle,C98,CSE-AIML-C,BIO0393,AIPC355T,Data Engineering,44,29,2,13,3,70.45,DETAINED
UGF23AI394,Om Nath Londhe,A99,CSE-AIML-A,BIO0394,AIPC355T,Data Engineering,44,31,8,5,2,88.64,OK
UGF23AI395,Hina Kumar Pandey,B99,CSE-AIML-B,BIO0395,AIPC355T,Data Engineering,44,40,3,1,3,97.73,OK
UGF23AI396,Wasim Prakash Ingle,C99,CSE-AIML-C,BIO0396,AIPC355T,Data Engineering,44,28,2,14,0,68.18,DETAINED
UGF23AI397,Nandini Deshpande,A100,CSE-AIML-A,BIO0397,AIPC355T,Data Engineering,44,25,4,15,0,65.91,DETAINED
UGF23AI398,Babita Fulzele,B100,CSE-AIML-B,BIO0398,AIPC355T,Data Engineering,44,31,3,10,2,77.27,OK
UGF23AI399,Hitesh Sai Takle,C100,CSE-AIML-C,BIO0399,AIPC355T,Data Engineering,44,32,6,6,0,86.36,OK
UGF23AI100,Namrata Prasad Patel,A01,CSE-AIML-A,BIO0100,AIPC351T,Generative AI & Prompt Eng,44,26,3,15,0,65.91,DETAINED
UGF23AI101,Jatin Kumar Ambhore,B01,CSE-AIML-B,BIO0101,AIPC351T,Generative AI & Prompt Eng,44,32,3,9,0,79.55,OK
UGF23AI102,Mohit Shankar Gaikwad,C01,CSE-AIML-C,BIO0102,AIPC351T,Generative AI & Prompt Eng,44,29,3,12,0,72.73,DETAINED
UGF23AI103,Suresh Londhe,A02,CSE-AIML-A,BIO0103,AIPC351T,Generative AI & Prompt Eng,44,33,7,4,1,90.91,OK
UGF23AI104,Anjali Nath More,B02,CSE-AIML-B,BIO0104,AIPC351T,Generative AI & Prompt Eng,44,29,5,10,2,77.27,OK
UGF23AI105,Vikas Raj Mukherjee,C02,CSE-AIML-C,BIO0105,AIPC351T,Generative AI & Prompt Eng,44,22,3,19,0,56.82,DETAINED
UGF23AI106,Manish Das Ambhore,A03,CSE-AIML-A,BIO0106,AIPC351T,Generative AI & Prompt Eng,44,30,10,4,3,90.91,OK
UGF23AI107,Mohit Nath Gangurde,B03,CSE-AIML-B,BIO0107,AIPC351T,Generative AI & Prompt Eng,44,36,2,6,2,86.36,OK
UGF23AI108,Kamla Ram Mehta,C03,CSE-AIML-C,BIO0108,AIPC351T,Generative AI & Prompt Eng,44,36,1,7,4,84.09,OK
UGF23AI109,Mohit Rao Agarwal,A04,CSE-AIML-A,BIO0109,AIPC351T,Generative AI & Prompt Eng,44,27,2,15,2,65.91,DETAINED
UGF23AI110,Farhan Nair,B04,CSE-AIML-B,BIO0110,AIPC351T,Generative AI & Prompt Eng,44,39,5,0,2,100.0,OK
UGF23AI111,Mithun Iyer,C04,CSE-AIML-C,BIO0111,AIPC351T,Generative AI & Prompt Eng,44,29,3,12,1,72.73,DETAINED
UGF23AI112,Ravi Kumar Joshi,A05,CSE-AIML-A,BIO0112,AIPC351T,Generative AI & Prompt Eng,44,33,5,6,3,86.36,OK
UGF23AI113,Farhan Dange,B05,CSE-AIML-B,BIO0113,AIPC351T,Generative AI & Prompt Eng,44,33,7,4,1,90.91,OK
UGF23AI114,Onkar Prasad Mishra,C05,CSE-AIML-C,BIO0114,AIPC351T,Generative AI & Prompt Eng,44,36,5,3,1,93.18,OK
UGF23AI115,Divya Zende,A06,CSE-AIML-A,BIO0115,AIPC351T,Generative AI & Prompt Eng,44,37,5,2,4,95.45,OK
UGF23AI116,Nikhil Prakash Hatwar,B06,CSE-AIML-B,BIO0116,AIPC351T,Generative AI & Prompt Eng,44,31,6,7,3,84.09,OK
UGF23AI117,Bhushan Raj Chatterjee,C06,CSE-AIML-C,BIO0117,AIPC351T,Generative AI & Prompt Eng,44,28,9,7,1,84.09,OK
UGF23AI118,Gunjan Pandey,A07,CSE-AIML-A,BIO0118,AIPC351T,Generative AI & Prompt Eng,44,29,4,11,0,75.0,OK
UGF23AI119,Fatima Lal Ahuja,B07,CSE-AIML-B,BIO0119,AIPC351T,Generative AI & Prompt Eng,44,35,7,2,4,95.45,OK
UGF23AI120,Farhan Devi Pandey,C07,CSE-AIML-C,BIO0120,AIPC351T,Generative AI & Prompt Eng,44,38,4,2,1,95.45,OK
UGF23AI121,Manish Chand Mehta,A08,CSE-AIML-A,BIO0121,AIPC351T,Generative AI & Prompt Eng,44,25,6,13,2,70.45,DETAINED
UGF23AI122,Iqbal Raj Pillai,B08,CSE-AIML-B,BIO0122,AIPC351T,Generative AI & Prompt Eng,44,38,1,5,0,88.64,OK
UGF23AI123,Kavya Devi Yadav,C08,CSE-AIML-C,BIO0123,AIPC351T,Generative AI & Prompt Eng,44,0,0,44,0,0.0,DETAINED
UGF23AI124,Priya Das Shah,A09,CSE-AIML-A,BIO0124,AIPC351T,Generative AI & Prompt Eng,44,40,4,0,0,100.0,OK
UGF23AI125,Hina Das Thakur,B09,CSE-AIML-B,BIO0125,AIPC351T,Generative AI & Prompt Eng,44,23,6,15,0,65.91,DETAINED
UGF23AI126,Rajesh Shankar Chavan,C09,CSE-AIML-C,BIO0126,AIPC351T,Generative AI & Prompt Eng,44,24,2,18,0,59.09,DETAINED
UGF23AI127,Indira Sai Hegde,A10,CSE-AIML-A,BIO0127,AIPC351T,Generative AI & Prompt Eng,44,36,5,3,2,93.18,OK
UGF23AI128,Amrita Shankar Londhe,B10,CSE-AIML-B,BIO0128,AIPC351T,Generative AI & Prompt Eng,44,34,7,3,1,93.18,OK
UGF23AI129,Chetna Lal Ghosh,C10,CSE-AIML-C,BIO0129,AIPC351T,Generative AI & Prompt Eng,44,29,8,7,2,84.09,OK
UGF23AI130,Lalit Shankar Salve,A11,CSE-AIML-A,BIO0130,AIPC351T,Generative AI & Prompt Eng,44,27,5,12,1,72.73,DETAINED
UGF23AI131,Pooja Lal Patel,B11,CSE-AIML-B,BIO0131,AIPC351T,Generative AI & Prompt Eng,44,31,2,11,1,75.0,OK
UGF23AI132,Abhishek Kumar Shah,C11,CSE-AIML-C,BIO0132,AIPC351T,Generative AI & Prompt Eng,44,40,3,1,1,97.73,OK
UGF23AI133,Indira Ram Ingole,A12,CSE-AIML-A,BIO0133,AIPC351T,Generative AI & Prompt Eng,44,36,2,6,0,86.36,OK
UGF23AI134,Wasim Nambiar,B12,CSE-AIML-B,BIO0134,AIPC351T,Generative AI & Prompt Eng,44,35,6,3,1,93.18,OK
UGF23AI135,Dev Sai Dalvi,C12,CSE-AIML-C,BIO0135,AIPC351T,Generative AI & Prompt Eng,44,34,6,4,1,90.91,OK
UGF23AI136,Jagdish Naik,A13,CSE-AIML-A,BIO0136,AIPC351T,Generative AI & Prompt Eng,44,32,4,8,3,81.82,OK
UGF23AI137,Sarita Prakash Bhatia,B13,CSE-AIML-B,BIO0137,AIPC351T,Generative AI & Prompt Eng,44,21,4,19,0,56.82,DETAINED
UGF23AI138,Shruti Prakash Das,C13,CSE-AIML-C,BIO0138,AIPC351T,Generative AI & Prompt Eng,44,18,5,21,0,52.27,DETAINED
UGF23AI139,Zara Das Rao,A14,CSE-AIML-A,BIO0139,AIPC351T,Generative AI & Prompt Eng,44,29,5,10,3,77.27,OK
UGF23AI140,Sandeep Rao Bhatia,B14,CSE-AIML-B,BIO0140,AIPC351T,Generative AI & Prompt Eng,44,33,4,7,4,84.09,OK
UGF23AI141,Devika Shankar Joshi,C14,CSE-AIML-C,BIO0141,AIPC351T,Generative AI & Prompt Eng,44,35,4,5,0,88.64,OK
UGF23AI142,Chetan Devi Raut,A15,CSE-AIML-A,BIO0142,AIPC351T,Generative AI & Prompt Eng,44,39,3,2,2,95.45,OK
UGF23AI143,Siddharth Vaghmare,B15,CSE-AIML-B,BIO0143,AIPC351T,Generative AI & Prompt Eng,44,28,3,13,3,70.45,DETAINED
UGF23AI144,Tejas Ram Deshpande,C15,CSE-AIML-C,BIO0144,AIPC351T,Generative AI & Prompt Eng,44,26,4,14,3,68.18,DETAINED
UGF23AI145,Hina Ambhore,A16,CSE-AIML-A,BIO0145,AIPC351T,Generative AI & Prompt Eng,44,28,8,8,0,81.82,OK
UGF23AI146,Yogesh Rao Gangurde,B16,CSE-AIML-B,BIO0146,AIPC351T,Generative AI & Prompt Eng,44,35,8,1,0,97.73,OK
UGF23AI147,Abhishek Nath Ghosh,C16,CSE-AIML-C,BIO0147,AIPC351T,Generative AI & Prompt Eng,44,27,2,15,4,65.91,DETAINED
UGF23AI148,Chandra Kulkarni,A17,CSE-AIML-A,BIO0148,AIPC351T,Generative AI & Prompt Eng,44,31,5,8,0,81.82,OK
UGF23AI149,Om Raj Reddy,B17,CSE-AIML-B,BIO0149,AIPC351T,Generative AI & Prompt Eng,44,19,3,22,0,50.0,DETAINED
UGF23AI150,Sakshi Prasad Ambhore,C17,CSE-AIML-C,BIO0150,AIPC351T,Generative AI & Prompt Eng,44,32,5,7,4,84.09,OK
UGF23AI151,Gajanan Prasad Jain,A18,CSE-AIML-A,BIO0151,AIPC351T,Generative AI & Prompt Eng,44,31,1,12,0,72.73,DETAINED
UGF23AI152,Ritika Bala Vaidya,B18,CSE-AIML-B,BIO0152,AIPC351T,Generative AI & Prompt Eng,44,38,5,1,5,97.73,OK
UGF23AI153,Tariq Lal Joshi,C18,CSE-AIML-C,BIO0153,AIPC351T,Generative AI & Prompt Eng,44,27,7,10,4,77.27,OK
UGF23AI154,Tejas Nair,A19,CSE-AIML-A,BIO0154,AIPC351T,Generative AI & Prompt Eng,44,40,3,1,4,97.73,OK
UGF23AI155,Tushar Chand Dange,B19,CSE-AIML-B,BIO0155,AIPC351T,Generative AI & Prompt Eng,44,34,6,4,1,90.91,OK
UGF23AI156,Pallavi Rao Dalvi,C19,CSE-AIML-C,BIO0156,AIPC351T,Generative AI & Prompt Eng,44,25,3,16,1,63.64,DETAINED
UGF23AI157,Harsha Ram Reddy,A20,CSE-AIML-A,BIO0157,AIPC351T,Generative AI & Prompt Eng,44,32,4,8,1,81.82,OK
UGF23AI158,Jagdish Raj Jain,B20,CSE-AIML-B,BIO0158,AIPC351T,Generative AI & Prompt Eng,44,33,1,10,4,77.27,OK
UGF23AI159,Ravi Prasad Lokhande,C20,CSE-AIML-C,BIO0159,AIPC351T,Generative AI & Prompt Eng,44,28,4,12,1,72.73,DETAINED
UGF23AI160,Pankaj Salve,A21,CSE-AIML-A,BIO0160,AIPC351T,Generative AI & Prompt Eng,44,32,7,5,3,88.64,OK
UGF23AI161,Madhuri Narwade,B21,CSE-AIML-B,BIO0161,AIPC351T,Generative AI & Prompt Eng,44,28,5,11,0,75.0,OK
UGF23AI162,Hemant Naik,C21,CSE-AIML-C,BIO0162,AIPC351T,Generative AI & Prompt Eng,44,39,2,3,0,93.18,OK
UGF23AI163,Aditi Lal Dalvi,A22,CSE-AIML-A,BIO0163,AIPC351T,Generative AI & Prompt Eng,44,33,0,11,1,75.0,OK
UGF23AI164,Vanshika Waghmare,B22,CSE-AIML-B,BIO0164,AIPC351T,Generative AI & Prompt Eng,44,29,5,10,0,77.27,OK
UGF23AI165,Abhishek Bala Patel,C22,CSE-AIML-C,BIO0165,AIPC351T,Generative AI & Prompt Eng,44,29,4,11,4,75.0,OK
UGF23AI166,Gaurav Naik,A23,CSE-AIML-A,BIO0166,AIPC351T,Generative AI & Prompt Eng,44,35,5,4,3,90.91,OK
UGF23AI167,Tushar Agarwal,B23,CSE-AIML-B,BIO0167,AIPC351T,Generative AI & Prompt Eng,44,0,0,44,0,0.0,DETAINED
UGF23AI168,Dhruv Kadam,C23,CSE-AIML-C,BIO0168,AIPC351T,Generative AI & Prompt Eng,44,35,3,6,2,86.36,OK
UGF23AI169,Ritika Kadam,A24,CSE-AIML-A,BIO0169,AIPC351T,Generative AI & Prompt Eng,44,34,6,4,3,90.91,OK
UGF23AI170,Harsha Bala Das,B24,CSE-AIML-B,BIO0170,AIPC351T,Generative AI & Prompt Eng,44,38,5,1,1,97.73,OK
UGF23AI171,Suresh Ram Mehta,C24,CSE-AIML-C,BIO0171,AIPC351T,Generative AI & Prompt Eng,44,31,5,8,2,81.82,OK
UGF23AI172,Tushar Chand Gite,A25,CSE-AIML-A,BIO0172,AIPC351T,Generative AI & Prompt Eng,44,36,6,2,4,95.45,OK
UGF23AI173,Tanvi Sai Mehta,B25,CSE-AIML-B,BIO0173,AIPC351T,Generative AI & Prompt Eng,44,28,5,11,2,75.0,OK
UGF23AI174,Hemant Lal Fulzele,C25,CSE-AIML-C,BIO0174,AIPC351T,Generative AI & Prompt Eng,44,27,4,13,1,70.45,DETAINED
UGF23AI175,Vidya Rao Waghmare,A26,CSE-AIML-A,BIO0175,AIPC351T,Generative AI & Prompt Eng,44,22,3,19,2,56.82,DETAINED
UGF23AI176,Vishal Das Kulkarni,B26,CSE-AIML-B,BIO0176,AIPC351T,Generative AI & Prompt Eng,44,29,5,10,2,77.27,OK
UGF23AI177,Meera Lal Waghmare,C26,CSE-AIML-C,BIO0177,AIPC351T,Generative AI & Prompt Eng,44,23,4,17,2,61.36,DETAINED
UGF23AI178,Isha Mehta,A27,CSE-AIML-A,BIO0178,AIPC351T,Generative AI & Prompt Eng,44,31,3,10,4,77.27,OK
UGF23AI179,Onkar Kumar Mishra,B27,CSE-AIML-B,BIO0179,AIPC351T,Generative AI & Prompt Eng,44,16,3,25,1,43.18,DETAINED
UGF23AI180,Lalita Zende,C27,CSE-AIML-C,BIO0180,AIPC351T,Generative AI & Prompt Eng,44,38,3,3,3,93.18,OK
UGF23AI181,Rahul Sai Jadhav,A28,CSE-AIML-A,BIO0181,AIPC351T,Generative AI & Prompt Eng,44,34,4,6,2,86.36,OK
UGF23AI182,Pallavi Devi Pillai,B28,CSE-AIML-B,BIO0182,AIPC351T,Generative AI & Prompt Eng,44,33,5,6,3,86.36,OK
UGF23AI183,Ekta Raj Vaidya,C28,CSE-AIML-C,BIO0183,AIPC351T,Generative AI & Prompt Eng,44,30,5,9,1,79.55,OK
UGF23AI184,Sneha Lal,A29,CSE-AIML-A,BIO0184,AIPC351T,Generative AI & Prompt Eng,44,36,6,2,2,95.45,OK
UGF23AI185,Zara Kumar Deshpande,B29,CSE-AIML-B,BIO0185,AIPC351T,Generative AI & Prompt Eng,44,34,3,7,1,84.09,OK
UGF23AI186,Neha Rao Banerjee,C29,CSE-AIML-C,BIO0186,AIPC351T,Generative AI & Prompt Eng,44,31,4,9,1,79.55,OK
UGF23AI187,Jayesh Junghare,A30,CSE-AIML-A,BIO0187,AIPC351T,Generative AI & Prompt Eng,44,29,4,11,1,75.0,OK
UGF23AI188,Bhavna Das Bhosale,B30,CSE-AIML-B,BIO0188,AIPC351T,Generative AI & Prompt Eng,44,25,3,16,2,63.64,DETAINED
UGF23AI189,Dhruv Mukherjee,C30,CSE-AIML-C,BIO0189,AIPC351T,Generative AI & Prompt Eng,44,38,4,2,3,95.45,OK
UGF23AI190,Chandra Sai Wagh,A31,CSE-AIML-A,BIO0190,AIPC351T,Generative AI & Prompt Eng,44,30,3,11,5,75.0,OK
UGF23AI191,Yogesh Devi Bhosale,B31,CSE-AIML-B,BIO0191,AIPC351T,Generative AI & Prompt Eng,44,27,2,15,4,65.91,DETAINED
UGF23AI192,Seema Lal Nambiar,C31,CSE-AIML-C,BIO0192,AIPC351T,Generative AI & Prompt Eng,44,31,6,7,0,84.09,OK
UGF23AI193,Farhan Das,A32,CSE-AIML-A,BIO0193,AIPC351T,Generative AI & Prompt Eng,44,22,2,20,1,54.55,DETAINED
UGF23AI194,Omkar Kumar,B32,CSE-AIML-B,BIO0194,AIPC351T,Generative AI & Prompt Eng,44,32,4,8,2,81.82,OK
UGF23AI195,Ramesh Ghosh,C32,CSE-AIML-C,BIO0195,AIPC351T,Generative AI & Prompt Eng,44,25,6,13,2,70.45,DETAINED
UGF23AI196,Lalit Unde,A33,CSE-AIML-A,BIO0196,AIPC351T,Generative AI & Prompt Eng,44,26,5,13,4,70.45,DETAINED
UGF23AI197,Ishaan Apte,B33,CSE-AIML-B,BIO0197,AIPC351T,Generative AI & Prompt Eng,44,0,0,44,0,0.0,DETAINED
UGF23AI198,Chandra Devi Banerjee,C33,CSE-AIML-C,BIO0198,AIPC351T,Generative AI & Prompt Eng,44,40,4,0,2,100.0,OK
UGF23AI199,Yash Ghosh,A34,CSE-AIML-A,BIO0199,AIPC351T,Generative AI & Prompt Eng,44,27,5,12,2,72.73,DETAINED
UGF23AI200,Om Bhatia,B34,CSE-AIML-B,BIO0200,AIPC351T,Generative AI & Prompt Eng,44,32,0,12,3,72.73,DETAINED
UGF23AI201,Chetan Ingole,C34,CSE-AIML-C,BIO0201,AIPC351T,Generative AI & Prompt Eng,44,33,5,6,1,86.36,OK
UGF23AI202,Dayanand Rao Zende,A35,CSE-AIML-A,BIO0202,AIPC351T,Generative AI & Prompt Eng,44,34,9,1,4,97.73,OK
UGF23AI203,Ravi Hegde,B35,CSE-AIML-B,BIO0203,AIPC351T,Generative AI & Prompt Eng,44,33,5,6,2,86.36,OK
UGF23AI204,Priti Ram Dubey,C35,CSE-AIML-C,BIO0204,AIPC351T,Generative AI & Prompt Eng,44,34,6,4,0,90.91,OK
UGF23AI205,Firoz Unde,A36,CSE-AIML-A,BIO0205,AIPC351T,Generative AI & Prompt Eng,44,21,4,19,0,56.82,DETAINED
UGF23AI206,Iqbal Ingle,B36,CSE-AIML-B,BIO0206,AIPC351T,Generative AI & Prompt Eng,44,25,5,14,2,68.18,DETAINED
UGF23AI207,Sarita Devi Unde,C36,CSE-AIML-C,BIO0207,AIPC351T,Generative AI & Prompt Eng,44,26,5,13,0,70.45,DETAINED
UGF23AI208,Akash Rao Rao,A37,CSE-AIML-A,BIO0208,AIPC351T,Generative AI & Prompt Eng,44,38,5,1,1,97.73,OK
UGF23AI209,Rekha Nath Tiwari,B37,CSE-AIML-B,BIO0209,AIPC351T,Generative AI & Prompt Eng,44,33,6,5,1,88.64,OK
UGF23AI210,Seema Mane,C37,CSE-AIML-C,BIO0210,AIPC351T,Generative AI & Prompt Eng,44,34,4,6,2,86.36,OK
UGF23AI211,Hitesh Prakash Gaikwad,A38,CSE-AIML-A,BIO0211,AIPC351T,Generative AI & Prompt Eng,44,0,0,44,0,0.0,DETAINED
UGF23AI212,Vikas Prasad Nair,B38,CSE-AIML-B,BIO0212,AIPC351T,Generative AI & Prompt Eng,44,33,2,9,2,79.55,OK
UGF23AI213,Kiran Chand Mishra,C38,CSE-AIML-C,BIO0213,AIPC351T,Generative AI & Prompt Eng,44,19,7,18,1,59.09,DETAINED
UGF23AI214,Dev Das Londhe,A39,CSE-AIML-A,BIO0214,AIPC351T,Generative AI & Prompt Eng,44,36,3,5,0,88.64,OK
UGF23AI215,Fatima Ram Upadhyay,B39,CSE-AIML-B,BIO0215,AIPC351T,Generative AI & Prompt Eng,44,37,5,2,1,95.45,OK
UGF23AI216,Soham Iyer,C39,CSE-AIML-C,BIO0216,AIPC351T,Generative AI & Prompt Eng,44,22,5,17,1,61.36,DETAINED
UGF23AI217,Tanvi Nath Chopra,A40,CSE-AIML-A,BIO0217,AIPC351T,Generative AI & Prompt Eng,44,26,2,16,1,63.64,DETAINED
UGF23AI218,Gunjan Devi Rao,B40,CSE-AIML-B,BIO0218,AIPC351T,Generative AI & Prompt Eng,44,34,3,7,3,84.09,OK
UGF23AI219,Zara Lal Zende,C40,CSE-AIML-C,BIO0219,AIPC351T,Generative AI & Prompt Eng,44,29,3,12,4,72.73,DETAINED
UGF23AI220,Wasim Bala Nair,A41,CSE-AIML-A,BIO0220,AIPC351T,Generative AI & Prompt Eng,44,24,6,14,1,68.18,DETAINED
UGF23AI221,Lalita Gaikwad,B41,CSE-AIML-B,BIO0221,AIPC351T,Generative AI & Prompt Eng,44,30,5,9,1,79.55,OK
UGF23AI222,Mahesh Wagh,C41,CSE-AIML-C,BIO0222,AIPC351T,Generative AI & Prompt Eng,44,31,1,12,1,72.73,DETAINED
UGF23AI223,Meera Ram Chatterjee,A42,CSE-AIML-A,BIO0223,AIPC351T,Generative AI & Prompt Eng,44,24,9,11,1,75.0,OK
UGF23AI224,Ishaan Raj Wagh,B42,CSE-AIML-B,BIO0224,AIPC351T,Generative AI & Prompt Eng,44,25,9,10,2,77.27,OK
UGF23AI225,Farhan Bala Pawar,C42,CSE-AIML-C,BIO0225,AIPC351T,Generative AI & Prompt Eng,44,23,5,16,1,63.64,DETAINED
UGF23AI226,Aditi Prasad Hivrale,A43,CSE-AIML-A,BIO0226,AIPC351T,Generative AI & Prompt Eng,44,25,3,16,1,63.64,DETAINED
UGF23AI227,Urmila Zende,B43,CSE-AIML-B,BIO0227,AIPC351T,Generative AI & Prompt Eng,44,27,5,12,0,72.73,DETAINED
UGF23AI228,Varun Prakash Raut,C43,CSE-AIML-C,BIO0228,AIPC351T,Generative AI & Prompt Eng,44,31,1,12,2,72.73,DETAINED
UGF23AI229,Kalpesh Bala Hande,A44,CSE-AIML-A,BIO0229,AIPC351T,Generative AI & Prompt Eng,44,30,4,10,0,77.27,OK
UGF23AI230,Nandini Kumar Ingle,B44,CSE-AIML-B,BIO0230,AIPC351T,Generative AI & Prompt Eng,44,25,6,13,1,70.45,DETAINED
UGF23AI231,Vidya Das Kumar,C44,CSE-AIML-C,BIO0231,AIPC351T,Generative AI & Prompt Eng,44,37,4,3,2,93.18,OK
UGF23AI232,Gajanan Raj Tiwari,A45,CSE-AIML-A,BIO0232,AIPC351T,Generative AI & Prompt Eng,44,32,3,9,0,79.55,OK
UGF23AI233,Pankaj Das Upadhyay,B45,CSE-AIML-B,BIO0233,AIPC351T,Generative AI & Prompt Eng,44,30,3,11,3,75.0,OK
UGF23AI234,Faisal Naik,C45,CSE-AIML-C,BIO0234,AIPC351T,Generative AI & Prompt Eng,44,26,4,14,1,68.18,DETAINED
UGF23AI235,Tariq Thakur,A46,CSE-AIML-A,BIO0235,AIPC351T,Generative AI & Prompt Eng,44,31,0,13,3,70.45,DETAINED
UGF23AI236,Chirag Prasad Dalvi,B46,CSE-AIML-B,BIO0236,AIPC351T,Generative AI & Prompt Eng,44,25,3,16,3,63.64,DETAINED
UGF23AI237,Onkar Raj Pillai,C46,CSE-AIML-C,BIO0237,AIPC351T,Generative AI & Prompt Eng,44,33,5,6,1,86.36,OK
UGF23AI238,Aditi Bala Bhange,A47,CSE-AIML-A,BIO0238,AIPC351T,Generative AI & Prompt Eng,44,29,5,10,3,77.27,OK
UGF23AI239,Firoz Reddy,B47,CSE-AIML-B,BIO0239,AIPC351T,Generative AI & Prompt Eng,44,27,4,13,3,70.45,DETAINED
UGF23AI240,Girish Prasad Deshpande,C47,CSE-AIML-C,BIO0240,AIPC351T,Generative AI & Prompt Eng,44,21,5,18,1,59.09,DETAINED
UGF23AI241,Anjali Das Mishra,A48,CSE-AIML-A,BIO0241,AIPC351T,Generative AI & Prompt Eng,44,28,5,11,2,75.0,OK
UGF23AI242,Ravi Das Tiwari,B48,CSE-AIML-B,BIO0242,AIPC351T,Generative AI & Prompt Eng,44,34,8,2,0,95.45,OK
UGF23AI243,Vidya Nair,C48,CSE-AIML-C,BIO0243,AIPC351T,Generative AI & Prompt Eng,44,30,4,10,3,77.27,OK
UGF23AI244,Vidya Shankar Gite,A49,CSE-AIML-A,BIO0244,AIPC351T,Generative AI & Prompt Eng,44,34,5,5,0,88.64,OK
UGF23AI245,Fatima Chand Hatwar,B49,CSE-AIML-B,BIO0245,AIPC351T,Generative AI & Prompt Eng,44,0,0,44,0,0.0,DETAINED
UGF23AI246,Hina Nath Tiwari,C49,CSE-AIML-C,BIO0246,AIPC351T,Generative AI & Prompt Eng,44,34,3,7,0,84.09,OK
UGF23AI247,Zara Prasad Chopra,A50,CSE-AIML-A,BIO0247,AIPC351T,Generative AI & Prompt Eng,44,30,5,9,1,79.55,OK
UGF23AI248,Ritika Das Kale,B50,CSE-AIML-B,BIO0248,AIPC351T,Generative AI & Prompt Eng,44,18,4,22,2,50.0,DETAINED
UGF23AI249,Arjun Ingle,C50,CSE-AIML-C,BIO0249,AIPC351T,Generative AI & Prompt Eng,44,32,3,9,1,79.55,OK
UGF23AI250,Kedar Chatterjee,A51,CSE-AIML-A,BIO0250,AIPC351T,Generative AI & Prompt Eng,44,28,3,13,1,70.45,DETAINED
UGF23AI251,Jayesh Pawar,B51,CSE-AIML-B,BIO0251,AIPC351T,Generative AI & Prompt Eng,44,26,4,14,2,68.18,DETAINED
UGF23AI252,Yamini Das Ahuja,C51,CSE-AIML-C,BIO0252,AIPC351T,Generative AI & Prompt Eng,44,37,5,2,2,95.45,OK
UGF23AI253,Yamini Rao Pillai,A52,CSE-AIML-A,BIO0253,AIPC351T,Generative AI & Prompt Eng,44,30,6,8,2,81.82,OK
UGF23AI254,Priya Ram Ahuja,B52,CSE-AIML-B,BIO0254,AIPC351T,Generative AI & Prompt Eng,44,28,9,7,2,84.09,OK
UGF23AI255,Amrita Rao Banerjee,C52,CSE-AIML-C,BIO0255,AIPC351T,Generative AI & Prompt Eng,44,33,3,8,1,81.82,OK
UGF23AI256,Ravi Lal Verma,A53,CSE-AIML-A,BIO0256,AIPC351T,Generative AI & Prompt Eng,44,33,3,8,0,81.82,OK
UGF23AI257,Vidya Ram Reddy,B53,CSE-AIML-B,BIO0257,AIPC351T,Generative AI & Prompt Eng,44,37,7,0,0,100.0,OK
UGF23AI258,Deepika Kumar,C53,CSE-AIML-C,BIO0258,AIPC351T,Generative AI & Prompt Eng,44,31,2,11,0,75.0,OK
UGF23AI259,Deepika Kharat,A54,CSE-AIML-A,BIO0259,AIPC351T,Generative AI & Prompt Eng,44,17,5,22,0,50.0,DETAINED
UGF23AI260,Seema Sai Chopra,B54,CSE-AIML-B,BIO0260,AIPC351T,Generative AI & Prompt Eng,44,23,4,17,1,61.36,DETAINED
UGF23AI261,Girish Bhange,C54,CSE-AIML-C,BIO0261,AIPC351T,Generative AI & Prompt Eng,44,32,6,6,2,86.36,OK
UGF23AI262,Gaurav Hivrale,A55,CSE-AIML-A,BIO0262,AIPC351T,Generative AI & Prompt Eng,44,33,9,2,3,95.45,OK
UGF23AI263,Vidya Chand Waghmare,B55,CSE-AIML-B,BIO0263,AIPC351T,Generative AI & Prompt Eng,44,20,4,20,0,54.55,DETAINED
UGF23AI264,Esha Das Bhange,C55,CSE-AIML-C,BIO0264,AIPC351T,Generative AI & Prompt Eng,44,21,6,17,1,61.36,DETAINED
UGF23AI265,Divya Ram Junghare,A56,CSE-AIML-A,BIO0265,AIPC351T,Generative AI & Prompt Eng,44,24,4,16,1,63.64,DETAINED
UGF23AI266,Geeta Prakash Nair,B56,CSE-AIML-B,BIO0266,AIPC351T,Generative AI & Prompt Eng,44,26,6,12,0,72.73,DETAINED
UGF23AI267,Jiya Devi Hatwar,C56,CSE-AIML-C,BIO0267,AIPC351T,Generative AI & Prompt Eng,44,23,6,15,1,65.91,DETAINED
UGF23AI268,Aditya Pillai,A57,CSE-AIML-A,BIO0268,AIPC351T,Generative AI & Prompt Eng,44,41,0,3,2,93.18,OK
UGF23AI269,Nikhil Prakash Bhatia,B57,CSE-AIML-B,BIO0269,AIPC351T,Generative AI & Prompt Eng,44,31,4,9,4,79.55,OK
UGF23AI270,Sakshi Ingle,C57,CSE-AIML-C,BIO0270,AIPC351T,Generative AI & Prompt Eng,44,31,3,10,4,77.27,OK
UGF23AI271,Kiran Tiwari,A58,CSE-AIML-A,BIO0271,AIPC351T,Generative AI & Prompt Eng,44,32,5,7,2,84.09,OK
UGF23AI272,Sneha Prakash Londhe,B58,CSE-AIML-B,BIO0272,AIPC351T,Generative AI & Prompt Eng,44,38,4,2,1,95.45,OK
UGF23AI273,Dev Sai Pawar,C58,CSE-AIML-C,BIO0273,AIPC351T,Generative AI & Prompt Eng,44,33,2,9,3,79.55,OK
UGF23AI274,Mithun Sai Waghmare,A59,CSE-AIML-A,BIO0274,AIPC351T,Generative AI & Prompt Eng,44,36,7,1,1,97.73,OK
UGF23AI275,Vishal Sai Shah,B59,CSE-AIML-B,BIO0275,AIPC351T,Generative AI & Prompt Eng,44,30,4,10,3,77.27,OK
UGF23AI276,Anika Shah,C59,CSE-AIML-C,BIO0276,AIPC351T,Generative AI & Prompt Eng,44,18,3,23,1,47.73,DETAINED
UGF23AI277,Ekta Chatterjee,A60,CSE-AIML-A,BIO0277,AIPC351T,Generative AI & Prompt Eng,44,28,3,13,2,70.45,DETAINED
UGF23AI278,Disha Sai Lokhande,B60,CSE-AIML-B,BIO0278,AIPC351T,Generative AI & Prompt Eng,44,25,4,15,0,65.91,DETAINED
UGF23AI279,Ila Devi Dange,C60,CSE-AIML-C,BIO0279,AIPC351T,Generative AI & Prompt Eng,44,32,4,8,1,81.82,OK
UGF23AI280,Kalpesh Prakash Hande,A61,CSE-AIML-A,BIO0280,AIPC351T,Generative AI & Prompt Eng,44,29,5,10,0,77.27,OK
UGF23AI281,Rohit Bala Mehta,B61,CSE-AIML-B,BIO0281,AIPC351T,Generative AI & Prompt Eng,44,32,6,6,2,86.36,OK
UGF23AI282,Onkar Nath Ambhore,C61,CSE-AIML-C,BIO0282,AIPC351T,Generative AI & Prompt Eng,44,37,4,3,3,93.18,OK
UGF23AI283,Disha Pawar,A62,CSE-AIML-A,BIO0283,AIPC351T,Generative AI & Prompt Eng,44,33,2,9,1,79.55,OK
UGF23AI284,Soham Nath Kale,B62,CSE-AIML-B,BIO0284,AIPC351T,Generative AI & Prompt Eng,44,35,4,5,2,88.64,OK
UGF23AI285,Ila Raj Ingole,C62,CSE-AIML-C,BIO0285,AIPC351T,Generative AI & Prompt Eng,44,38,4,2,1,95.45,OK
UGF23AI286,Rohit Shankar Hande,A63,CSE-AIML-A,BIO0286,AIPC351T,Generative AI & Prompt Eng,44,35,3,6,2,86.36,OK
UGF23AI287,Indira Bhatia,B63,CSE-AIML-B,BIO0287,AIPC351T,Generative AI & Prompt Eng,44,39,5,0,4,100.0,OK
UGF23AI288,Babita Lal Kulkarni,C63,CSE-AIML-C,BIO0288,AIPC351T,Generative AI & Prompt Eng,44,26,4,14,0,68.18,DETAINED
UGF23AI289,Hemant Chand More,A64,CSE-AIML-A,BIO0289,AIPC351T,Generative AI & Prompt Eng,44,39,4,1,3,97.73,OK
UGF23AI290,Tariq Shankar Pawar,B64,CSE-AIML-B,BIO0290,AIPC351T,Generative AI & Prompt Eng,44,26,4,14,1,68.18,DETAINED
UGF23AI291,Mukesh Verma,C64,CSE-AIML-C,BIO0291,AIPC351T,Generative AI & Prompt Eng,44,22,1,21,0,52.27,DETAINED
UGF23AI292,Anjali Chand Nair,A65,CSE-AIML-A,BIO0292,AIPC351T,Generative AI & Prompt Eng,44,25,3,16,1,63.64,DETAINED
UGF23AI293,Divya Lal Hande,B65,CSE-AIML-B,BIO0293,AIPC351T,Generative AI & Prompt Eng,44,26,6,12,2,72.73,DETAINED
UGF23AI294,Harsha Prasad Shah,C65,CSE-AIML-C,BIO0294,AIPC351T,Generative AI & Prompt Eng,44,28,3,13,1,70.45,DETAINED
UGF23AI295,Ekta Shankar Yadav,A66,CSE-AIML-A,BIO0295,AIPC351T,Generative AI & Prompt Eng,44,26,1,17,0,61.36,DETAINED
UGF23AI296,Manish Das Upadhyay,B66,CSE-AIML-B,BIO0296,AIPC351T,Generative AI & Prompt Eng,44,25,8,11,2,75.0,OK
UGF23AI297,Jatin Ghosh,C66,CSE-AIML-C,BIO0297,AIPC351T,Generative AI & Prompt Eng,44,34,8,2,4,95.45,OK
UGF23AI298,Nilesh Ram Kulkarni,A67,CSE-AIML-A,BIO0298,AIPC351T,Generative AI & Prompt Eng,44,22,4,18,0,59.09,DETAINED
UGF23AI299,Bhavna Raj Bhosale,B67,CSE-AIML-B,BIO0299,AIPC351T,Generative AI & Prompt Eng,44,18,3,23,1,47.73,DETAINED
UGF23AI300,Gaurav Jain,C67,CSE-AIML-C,BIO0300,AIPC351T,Generative AI & Prompt Eng,44,23,4,17,2,61.36,DETAINED
UGF23AI301,Kalpesh Mishra,A68,CSE-AIML-A,BIO0301,AIPC351T,Generative AI & Prompt Eng,44,29,2,13,1,70.45,DETAINED
UGF23AI302,Lakshmi Chand Patil,B68,CSE-AIML-B,BIO0302,AIPC351T,Generative AI & Prompt Eng,44,38,4,2,0,95.45,OK
UGF23AI303,Nikhil Rao Agarwal,C68,CSE-AIML-C,BIO0303,AIPC351T,Generative AI & Prompt Eng,44,30,4,10,1,77.27,OK
UGF23AI304,Mohit Nath Kumar,A69,CSE-AIML-A,BIO0304,AIPC351T,Generative AI & Prompt Eng,44,36,2,6,2,86.36,OK
UGF23AI305,Iqbal Raj Chopra,B69,CSE-AIML-B,BIO0305,AIPC351T,Generative AI & Prompt Eng,44,26,5,13,3,70.45,DETAINED
UGF23AI306,Esha Bala Pandey,C69,CSE-AIML-C,BIO0306,AIPC351T,Generative AI & Prompt Eng,44,39,2,3,2,93.18,OK
UGF23AI307,Abhishek Kumar Fernandes,A70,CSE-AIML-A,BIO0307,AIPC351T,Generative AI & Prompt Eng,44,0,0,44,0,0.0,DETAINED
UGF23AI308,Harsha Raj Mukherjee,B70,CSE-AIML-B,BIO0308,AIPC351T,Generative AI & Prompt Eng,44,25,6,13,2,70.45,DETAINED
UGF23AI309,Lakshmi Das Wagh,C70,CSE-AIML-C,BIO0309,AIPC351T,Generative AI & Prompt Eng,44,23,4,17,3,61.36,DETAINED
UGF23AI310,Nikhil Lokhande,A71,CSE-AIML-A,BIO0310,AIPC351T,Generative AI & Prompt Eng,44,36,6,2,3,95.45,OK
UGF23AI311,Bharat Singh,B71,CSE-AIML-B,BIO0311,AIPC351T,Generative AI & Prompt Eng,44,21,2,21,0,52.27,DETAINED
UGF23AI312,Girish Ambhore,C71,CSE-AIML-C,BIO0312,AIPC351T,Generative AI & Prompt Eng,44,24,6,14,2,68.18,DETAINED
UGF23AI313,Tariq Prakash More,A72,CSE-AIML-A,BIO0313,AIPC351T,Generative AI & Prompt Eng,44,21,3,20,2,54.55,DETAINED
UGF23AI314,Yamini Ram Patil,B72,CSE-AIML-B,BIO0314,AIPC351T,Generative AI & Prompt Eng,44,24,3,17,1,61.36,DETAINED
UGF23AI315,Om Chand Upadhyay,C72,CSE-AIML-C,BIO0315,AIPC351T,Generative AI & Prompt Eng,44,27,3,14,3,68.18,DETAINED
UGF23AI316,Manish Sai Iyer,A73,CSE-AIML-A,BIO0316,AIPC351T,Generative AI & Prompt Eng,44,25,4,15,2,65.91,DETAINED
UGF23AI317,Siddharth Nath Patel,B73,CSE-AIML-B,BIO0317,AIPC351T,Generative AI & Prompt Eng,44,0,0,44,0,0.0,DETAINED
UGF23AI318,Rohit Chand Vaghmare,C73,CSE-AIML-C,BIO0318,AIPC351T,Generative AI & Prompt Eng,44,38,5,1,3,97.73,OK
UGF23AI319,Anika Rao Bhange,A74,CSE-AIML-A,BIO0319,AIPC351T,Generative AI & Prompt Eng,44,20,5,19,0,56.82,DETAINED
UGF23AI320,Rekha Kumar Fernandes,B74,CSE-AIML-B,BIO0320,AIPC351T,Generative AI & Prompt Eng,44,37,5,2,1,95.45,OK
UGF23AI321,Yamini Londhe,C74,CSE-AIML-C,BIO0321,AIPC351T,Generative AI & Prompt Eng,44,35,2,7,3,84.09,OK
UGF23AI322,Nisha Kharat,A75,CSE-AIML-A,BIO0322,AIPC351T,Generative AI & Prompt Eng,44,40,4,0,1,100.0,OK
UGF23AI323,Kamla Kumar,B75,CSE-AIML-B,BIO0323,AIPC351T,Generative AI & Prompt Eng,44,21,4,19,0,56.82,DETAINED
UGF23AI324,Gunjan Devi Fernandes,C75,CSE-AIML-C,BIO0324,AIPC351T,Generative AI & Prompt Eng,44,37,5,2,1,95.45,OK
UGF23AI325,Gunjan Sai Pawar,A76,CSE-AIML-A,BIO0325,AIPC351T,Generative AI & Prompt Eng,44,23,6,15,0,65.91,DETAINED
UGF23AI326,Vanshika Chand Shah,B76,CSE-AIML-B,BIO0326,AIPC351T,Generative AI & Prompt Eng,44,34,4,6,0,86.36,OK
UGF23AI327,Nikhil Hivrale,C76,CSE-AIML-C,BIO0327,AIPC351T,Generative AI & Prompt Eng,44,25,2,17,3,61.36,DETAINED
UGF23AI328,Chetna Yadav,A77,CSE-AIML-A,BIO0328,AIPC351T,Generative AI & Prompt Eng,44,37,7,0,0,100.0,OK
UGF23AI329,Pallavi Prasad Banerjee,B77,CSE-AIML-B,BIO0329,AIPC351T,Generative AI & Prompt Eng,44,28,3,13,3,70.45,DETAINED
UGF23AI330,Omkar Chand Lal,C77,CSE-AIML-C,BIO0330,AIPC351T,Generative AI & Prompt Eng,44,36,2,6,2,86.36,OK
UGF23AI331,Isha Mane,A78,CSE-AIML-A,BIO0331,AIPC351T,Generative AI & Prompt Eng,44,38,3,3,1,93.18,OK
UGF23AI332,Ramesh Shankar Kulkarni,B78,CSE-AIML-B,BIO0332,AIPC351T,Generative AI & Prompt Eng,44,33,5,6,2,86.36,OK
UGF23AI333,Chetna Ram Upadhyay,C78,CSE-AIML-C,BIO0333,AIPC351T,Generative AI & Prompt Eng,44,37,3,4,0,90.91,OK
UGF23AI334,Esha Prasad Vaidya,A79,CSE-AIML-A,BIO0334,AIPC351T,Generative AI & Prompt Eng,44,25,2,17,5,61.36,DETAINED
UGF23AI335,Gunjan Ram Nambiar,B79,CSE-AIML-B,BIO0335,AIPC351T,Generative AI & Prompt Eng,44,38,5,1,3,97.73,OK
UGF23AI336,Ritika Lal Ahuja,C79,CSE-AIML-C,BIO0336,AIPC351T,Generative AI & Prompt Eng,44,35,4,5,3,88.64,OK
UGF23AI337,Jagdish More,A80,CSE-AIML-A,BIO0337,AIPC351T,Generative AI & Prompt Eng,44,25,5,14,3,68.18,DETAINED
UGF23AI338,Farhan Shankar Mishra,B80,CSE-AIML-B,BIO0338,AIPC351T,Generative AI & Prompt Eng,44,29,3,12,2,72.73,DETAINED
UGF23AI339,Sumit Jadhav,C80,CSE-AIML-C,BIO0339,AIPC351T,Generative AI & Prompt Eng,44,26,6,12,2,72.73,DETAINED
UGF23AI340,Neha Kaur,A81,CSE-AIML-A,BIO0340,AIPC351T,Generative AI & Prompt Eng,44,19,4,21,0,52.27,DETAINED
UGF23AI341,Jatin Bala Upadhyay,B81,CSE-AIML-B,BIO0341,AIPC351T,Generative AI & Prompt Eng,44,32,8,4,1,90.91,OK
UGF23AI342,Indira Vaidya,C81,CSE-AIML-C,BIO0342,AIPC351T,Generative AI & Prompt Eng,44,27,1,16,3,63.64,DETAINED
UGF23AI343,Wasim Das Mishra,A82,CSE-AIML-A,BIO0343,AIPC351T,Generative AI & Prompt Eng,44,32,4,8,2,81.82,OK
UGF23AI344,Faisal Shankar Gaikwad,B82,CSE-AIML-B,BIO0344,AIPC351T,Generative AI & Prompt Eng,44,29,4,11,2,75.0,OK
UGF23AI345,Gajanan Chand Ambhore,C82,CSE-AIML-C,BIO0345,AIPC351T,Generative AI & Prompt Eng,44,32,3,9,1,79.55,OK
UGF23AI346,Kunal Gupta,A83,CSE-AIML-A,BIO0346,AIPC351T,Generative AI & Prompt Eng,44,24,2,18,1,59.09,DETAINED
UGF23AI347,Amol Lal Tiwari,B83,CSE-AIML-B,BIO0347,AIPC351T,Generative AI & Prompt Eng,44,0,0,44,0,0.0,DETAINED
UGF23AI348,Aarav Upadhyay,C83,CSE-AIML-C,BIO0348,AIPC351T,Generative AI & Prompt Eng,44,40,4,0,3,100.0,OK
UGF23AI349,Eshaan Kumar Kumar,A84,CSE-AIML-A,BIO0349,AIPC351T,Generative AI & Prompt Eng,44,30,1,13,0,70.45,DETAINED
UGF23AI350,Farhan Rao Banerjee,B84,CSE-AIML-B,BIO0350,AIPC351T,Generative AI & Prompt Eng,44,36,5,3,2,93.18,OK
UGF23AI351,Gunjan Lal Gaikwad,C84,CSE-AIML-C,BIO0351,AIPC351T,Generative AI & Prompt Eng,44,31,2,11,2,75.0,OK
UGF23AI352,Anjali Raj Naik,A85,CSE-AIML-A,BIO0352,AIPC351T,Generative AI & Prompt Eng,44,32,5,7,1,84.09,OK
UGF23AI353,Dhruv Prasad Zende,B85,CSE-AIML-B,BIO0353,AIPC351T,Generative AI & Prompt Eng,44,30,1,13,1,70.45,DETAINED
UGF23AI354,Iqbal Prasad Salve,C85,CSE-AIML-C,BIO0354,AIPC351T,Generative AI & Prompt Eng,44,27,5,12,3,72.73,DETAINED
UGF23AI355,Hina Bala Agarwal,A86,CSE-AIML-A,BIO0355,AIPC351T,Generative AI & Prompt Eng,44,27,2,15,1,65.91,DETAINED
UGF23AI356,Harsha Joshi,B86,CSE-AIML-B,BIO0356,AIPC351T,Generative AI & Prompt Eng,44,37,2,5,0,88.64,OK
UGF23AI357,Anjali Ram Gangurde,C86,CSE-AIML-C,BIO0357,AIPC351T,Generative AI & Prompt Eng,44,32,5,7,2,84.09,OK
UGF23AI358,Harsha Rao Gaikwad,A87,CSE-AIML-A,BIO0358,AIPC351T,Generative AI & Prompt Eng,44,25,2,17,1,61.36,DETAINED
UGF23AI359,Bharat Raj Agarwal,B87,CSE-AIML-B,BIO0359,AIPC351T,Generative AI & Prompt Eng,44,36,2,6,3,86.36,OK
UGF23AI360,Sumit Prasad Dalvi,C87,CSE-AIML-C,BIO0360,AIPC351T,Generative AI & Prompt Eng,44,29,3,12,2,72.73,DETAINED
UGF23AI361,Firoz Das Narwade,A88,CSE-AIML-A,BIO0361,AIPC351T,Generative AI & Prompt Eng,44,38,5,1,2,97.73,OK
UGF23AI362,Divya Das,B88,CSE-AIML-B,BIO0362,AIPC351T,Generative AI & Prompt Eng,44,33,6,5,1,88.64,OK
UGF23AI363,Madhuri Devi Pawar,C88,CSE-AIML-C,BIO0363,AIPC351T,Generative AI & Prompt Eng,44,35,6,3,2,93.18,OK
UGF23AI364,Disha Shankar Kale,A89,CSE-AIML-A,BIO0364,AIPC351T,Generative AI & Prompt Eng,44,20,3,21,1,52.27,DETAINED
UGF23AI365,Rajesh Das Hatwar,B89,CSE-AIML-B,BIO0365,AIPC351T,Generative AI & Prompt Eng,44,27,1,16,0,63.64,DETAINED
UGF23AI366,Kalpesh Shankar Ghosh,C89,CSE-AIML-C,BIO0366,AIPC351T,Generative AI & Prompt Eng,44,34,7,3,2,93.18,OK
UGF23AI367,Madhuri Hande,A90,CSE-AIML-A,BIO0367,AIPC351T,Generative AI & Prompt Eng,44,36,1,7,4,84.09,OK
UGF23AI368,Nisha Lal Shah,B90,CSE-AIML-B,BIO0368,AIPC351T,Generative AI & Prompt Eng,44,0,0,44,0,0.0,DETAINED
UGF23AI369,Manish Sai Junghare,C90,CSE-AIML-C,BIO0369,AIPC351T,Generative AI & Prompt Eng,44,38,3,3,2,93.18,OK
UGF23AI370,Lakshmi Nath Raut,A91,CSE-AIML-A,BIO0370,AIPC351T,Generative AI & Prompt Eng,44,36,3,5,0,88.64,OK
UGF23AI371,Wasim Prasad Patel,B91,CSE-AIML-B,BIO0371,AIPC351T,Generative AI & Prompt Eng,44,25,7,12,1,72.73,DETAINED
UGF23AI372,Bhushan Raj Kadam,C91,CSE-AIML-C,BIO0372,AIPC351T,Generative AI & Prompt Eng,44,31,3,10,3,77.27,OK
UGF23AI373,Mukesh Ram Zende,A92,CSE-AIML-A,BIO0373,AIPC351T,Generative AI & Prompt Eng,44,36,5,3,3,93.18,OK
UGF23AI374,Bhushan Iyer,B92,CSE-AIML-B,BIO0374,AIPC351T,Generative AI & Prompt Eng,44,26,3,15,0,65.91,DETAINED
UGF23AI375,Geeta Chand Hatwar,C92,CSE-AIML-C,BIO0375,AIPC351T,Generative AI & Prompt Eng,44,32,3,9,0,79.55,OK
UGF23AI376,Faisal Kadam,A93,CSE-AIML-A,BIO0376,AIPC351T,Generative AI & Prompt Eng,44,24,9,11,1,75.0,OK
UGF23AI377,Zara Das Kaur,B93,CSE-AIML-B,BIO0377,AIPC351T,Generative AI & Prompt Eng,44,0,0,44,0,0.0,DETAINED
UGF23AI378,Zara Nambiar,C93,CSE-AIML-C,BIO0378,AIPC351T,Generative AI & Prompt Eng,44,36,5,3,0,93.18,OK
UGF23AI379,Chetan Salve,A94,CSE-AIML-A,BIO0379,AIPC351T,Generative AI & Prompt Eng,44,27,2,15,3,65.91,DETAINED
UGF23AI380,Mahesh Shankar Gangurde,B94,CSE-AIML-B,BIO0380,AIPC351T,Generative AI & Prompt Eng,44,34,1,9,2,79.55,OK
UGF23AI381,Faisal Das Saxena,C94,CSE-AIML-C,BIO0381,AIPC351T,Generative AI & Prompt Eng,44,32,9,3,3,93.18,OK
UGF23AI382,Geeta Raj Joshi,A95,CSE-AIML-A,BIO0382,AIPC351T,Generative AI & Prompt Eng,44,29,1,14,0,68.18,DETAINED
UGF23AI383,Ravi Lal Bhosale,B95,CSE-AIML-B,BIO0383,AIPC351T,Generative AI & Prompt Eng,44,29,3,12,2,72.73,DETAINED
UGF23AI384,Gaurav Bala Jain,C95,CSE-AIML-C,BIO0384,AIPC351T,Generative AI & Prompt Eng,44,19,5,20,3,54.55,DETAINED
UGF23AI385,Om Gupta,A96,CSE-AIML-A,BIO0385,AIPC351T,Generative AI & Prompt Eng,44,29,3,12,1,72.73,DETAINED
UGF23AI386,Sarita Das Desai,B96,CSE-AIML-B,BIO0386,AIPC351T,Generative AI & Prompt Eng,44,32,9,3,0,93.18,OK
UGF23AI387,Jayesh Nath Hatwar,C96,CSE-AIML-C,BIO0387,AIPC351T,Generative AI & Prompt Eng,44,31,5,8,0,81.82,OK
UGF23AI388,Jiya Nath Junghare,A97,CSE-AIML-A,BIO0388,AIPC351T,Generative AI & Prompt Eng,44,32,4,8,2,81.82,OK
UGF23AI389,Geeta Prakash Hande,B97,CSE-AIML-B,BIO0389,AIPC351T,Generative AI & Prompt Eng,44,24,4,16,0,63.64,DETAINED
UGF23AI390,Urmila Pillai,C97,CSE-AIML-C,BIO0390,AIPC351T,Generative AI & Prompt Eng,44,33,2,9,3,79.55,OK
UGF23AI391,Rekha Rao Singh,A98,CSE-AIML-A,BIO0391,AIPC351T,Generative AI & Prompt Eng,44,32,3,9,2,79.55,OK
UGF23AI392,Kedar Singh,B98,CSE-AIML-B,BIO0392,AIPC351T,Generative AI & Prompt Eng,44,28,4,12,1,72.73,DETAINED
UGF23AI393,Dhruv Das Takle,C98,CSE-AIML-C,BIO0393,AIPC351T,Generative AI & Prompt Eng,44,26,3,15,2,65.91,DETAINED
UGF23AI394,Om Nath Londhe,A99,CSE-AIML-A,BIO0394,AIPC351T,Generative AI & Prompt Eng,44,34,5,5,1,88.64,OK
UGF23AI395,Hina Kumar Pandey,B99,CSE-AIML-B,BIO0395,AIPC351T,Generative AI & Prompt Eng,44,35,6,3,1,93.18,OK
UGF23AI396,Wasim Prakash Ingle,C99,CSE-AIML-C,BIO0396,AIPC351T,Generative AI & Prompt Eng,44,32,5,7,3,84.09,OK
UGF23AI397,Nandini Deshpande,A100,CSE-AIML-A,BIO0397,AIPC351T,Generative AI & Prompt Eng,44,27,4,13,2,70.45,DETAINED
UGF23AI398,Babita Fulzele,B100,CSE-AIML-B,BIO0398,AIPC351T,Generative AI & Prompt Eng,44,39,2,3,3,93.18,OK
UGF23AI399,Hitesh Sai Takle,C100,CSE-AIML-C,BIO0399,AIPC351T,Generative AI & Prompt Eng,44,31,3,10,3,77.27,OK
UGF23AI100,Namrata Prasad Patel,A01,CSE-AIML-A,BIO0100,AIPC352T,Computer Vision,44,28,1,15,0,65.91,DETAINED
UGF23AI101,Jatin Kumar Ambhore,B01,CSE-AIML-B,BIO0101,AIPC352T,Computer Vision,44,27,2,15,0,65.91,DETAINED
UGF23AI102,Mohit Shankar Gaikwad,C01,CSE-AIML-C,BIO0102,AIPC352T,Computer Vision,44,25,2,17,1,61.36,DETAINED
UGF23AI103,Suresh Londhe,A02,CSE-AIML-A,BIO0103,AIPC352T,Computer Vision,44,34,3,7,1,84.09,OK
UGF23AI104,Anjali Nath More,B02,CSE-AIML-B,BIO0104,AIPC352T,Computer Vision,44,26,2,16,2,63.64,DETAINED
UGF23AI105,Vikas Raj Mukherjee,C02,CSE-AIML-C,BIO0105,AIPC352T,Computer Vision,44,25,3,16,0,63.64,DETAINED
UGF23AI106,Manish Das Ambhore,A03,CSE-AIML-A,BIO0106,AIPC352T,Computer Vision,44,40,3,1,2,97.73,OK
UGF23AI107,Mohit Nath Gangurde,B03,CSE-AIML-B,BIO0107,AIPC352T,Computer Vision,44,35,6,3,2,93.18,OK
UGF23AI108,Kamla Ram Mehta,C03,CSE-AIML-C,BIO0108,AIPC352T,Computer Vision,44,30,2,12,4,72.73,DETAINED
UGF23AI109,Mohit Rao Agarwal,A04,CSE-AIML-A,BIO0109,AIPC352T,Computer Vision,44,25,2,17,1,61.36,DETAINED
UGF23AI110,Farhan Nair,B04,CSE-AIML-B,BIO0110,AIPC352T,Computer Vision,44,37,7,0,2,100.0,OK
UGF23AI111,Mithun Iyer,C04,CSE-AIML-C,BIO0111,AIPC352T,Computer Vision,44,23,5,16,2,63.64,DETAINED
UGF23AI112,Ravi Kumar Joshi,A05,CSE-AIML-A,BIO0112,AIPC352T,Computer Vision,44,35,4,5,2,88.64,OK
UGF23AI113,Farhan Dange,B05,CSE-AIML-B,BIO0113,AIPC352T,Computer Vision,44,40,0,4,3,90.91,OK
UGF23AI114,Onkar Prasad Mishra,C05,CSE-AIML-C,BIO0114,AIPC352T,Computer Vision,44,38,6,0,1,100.0,OK
UGF23AI115,Divya Zende,A06,CSE-AIML-A,BIO0115,AIPC352T,Computer Vision,44,37,3,4,1,90.91,OK
UGF23AI116,Nikhil Prakash Hatwar,B06,CSE-AIML-B,BIO0116,AIPC352T,Computer Vision,44,42,0,2,2,95.45,OK
UGF23AI117,Bhushan Raj Chatterjee,C06,CSE-AIML-C,BIO0117,AIPC352T,Computer Vision,44,36,3,5,3,88.64,OK
UGF23AI118,Gunjan Pandey,A07,CSE-AIML-A,BIO0118,AIPC352T,Computer Vision,44,26,2,16,0,63.64,DETAINED
UGF23AI119,Fatima Lal Ahuja,B07,CSE-AIML-B,BIO0119,AIPC352T,Computer Vision,44,35,5,4,3,90.91,OK
UGF23AI120,Farhan Devi Pandey,C07,CSE-AIML-C,BIO0120,AIPC352T,Computer Vision,44,39,2,3,3,93.18,OK
UGF23AI121,Manish Chand Mehta,A08,CSE-AIML-A,BIO0121,AIPC352T,Computer Vision,44,25,4,15,3,65.91,DETAINED
UGF23AI122,Iqbal Raj Pillai,B08,CSE-AIML-B,BIO0122,AIPC352T,Computer Vision,44,32,4,8,0,81.82,OK
UGF23AI123,Kavya Devi Yadav,C08,CSE-AIML-C,BIO0123,AIPC352T,Computer Vision,44,0,0,44,0,0.0,DETAINED
UGF23AI124,Priya Das Shah,A09,CSE-AIML-A,BIO0124,AIPC352T,Computer Vision,44,38,3,3,2,93.18,OK
UGF23AI125,Hina Das Thakur,B09,CSE-AIML-B,BIO0125,AIPC352T,Computer Vision,44,32,1,11,2,75.0,OK
UGF23AI126,Rajesh Shankar Chavan,C09,CSE-AIML-C,BIO0126,AIPC352T,Computer Vision,44,18,3,23,0,47.73,DETAINED
UGF23AI127,Indira Sai Hegde,A10,CSE-AIML-A,BIO0127,AIPC352T,Computer Vision,44,35,6,3,2,93.18,OK
UGF23AI128,Amrita Shankar Londhe,B10,CSE-AIML-B,BIO0128,AIPC352T,Computer Vision,44,32,5,7,3,84.09,OK
UGF23AI129,Chetna Lal Ghosh,C10,CSE-AIML-C,BIO0129,AIPC352T,Computer Vision,44,34,4,6,1,86.36,OK
UGF23AI130,Lalit Shankar Salve,A11,CSE-AIML-A,BIO0130,AIPC352T,Computer Vision,44,29,5,10,2,77.27,OK
UGF23AI131,Pooja Lal Patel,B11,CSE-AIML-B,BIO0131,AIPC352T,Computer Vision,44,27,5,12,3,72.73,DETAINED
UGF23AI132,Abhishek Kumar Shah,C11,CSE-AIML-C,BIO0132,AIPC352T,Computer Vision,44,37,6,1,3,97.73,OK
UGF23AI133,Indira Ram Ingole,A12,CSE-AIML-A,BIO0133,AIPC352T,Computer Vision,44,35,5,4,1,90.91,OK
UGF23AI134,Wasim Nambiar,B12,CSE-AIML-B,BIO0134,AIPC352T,Computer Vision,44,32,6,6,1,86.36,OK
UGF23AI135,Dev Sai Dalvi,C12,CSE-AIML-C,BIO0135,AIPC352T,Computer Vision,44,36,6,2,0,95.45,OK
UGF23AI136,Jagdish Naik,A13,CSE-AIML-A,BIO0136,AIPC352T,Computer Vision,44,31,4,9,1,79.55,OK
UGF23AI137,Sarita Prakash Bhatia,B13,CSE-AIML-B,BIO0137,AIPC352T,Computer Vision,44,27,4,13,1,70.45,DETAINED
UGF23AI138,Shruti Prakash Das,C13,CSE-AIML-C,BIO0138,AIPC352T,Computer Vision,44,24,2,18,0,59.09,DETAINED
UGF23AI139,Zara Das Rao,A14,CSE-AIML-A,BIO0139,AIPC352T,Computer Vision,44,32,4,8,1,81.82,OK
UGF23AI140,Sandeep Rao Bhatia,B14,CSE-AIML-B,BIO0140,AIPC352T,Computer Vision,44,27,4,13,4,70.45,DETAINED
UGF23AI141,Devika Shankar Joshi,C14,CSE-AIML-C,BIO0141,AIPC352T,Computer Vision,44,36,2,6,2,86.36,OK
UGF23AI142,Chetan Devi Raut,A15,CSE-AIML-A,BIO0142,AIPC352T,Computer Vision,44,40,3,1,0,97.73,OK
UGF23AI143,Siddharth Vaghmare,B15,CSE-AIML-B,BIO0143,AIPC352T,Computer Vision,44,26,3,15,0,65.91,DETAINED
UGF23AI144,Tejas Ram Deshpande,C15,CSE-AIML-C,BIO0144,AIPC352T,Computer Vision,44,32,1,11,3,75.0,OK
UGF23AI145,Hina Ambhore,A16,CSE-AIML-A,BIO0145,AIPC352T,Computer Vision,44,34,1,9,1,79.55,OK
UGF23AI146,Yogesh Rao Gangurde,B16,CSE-AIML-B,BIO0146,AIPC352T,Computer Vision,44,38,4,2,4,95.45,OK
UGF23AI147,Abhishek Nath Ghosh,C16,CSE-AIML-C,BIO0147,AIPC352T,Computer Vision,44,27,3,14,3,68.18,DETAINED
UGF23AI148,Chandra Kulkarni,A17,CSE-AIML-A,BIO0148,AIPC352T,Computer Vision,44,28,6,10,3,77.27,OK
UGF23AI149,Om Raj Reddy,B17,CSE-AIML-B,BIO0149,AIPC352T,Computer Vision,44,29,4,11,3,75.0,OK
UGF23AI150,Sakshi Prasad Ambhore,C17,CSE-AIML-C,BIO0150,AIPC352T,Computer Vision,44,35,3,6,2,86.36,OK
UGF23AI151,Gajanan Prasad Jain,A18,CSE-AIML-A,BIO0151,AIPC352T,Computer Vision,44,24,6,14,2,68.18,DETAINED
UGF23AI152,Ritika Bala Vaidya,B18,CSE-AIML-B,BIO0152,AIPC352T,Computer Vision,44,34,8,2,0,95.45,OK
UGF23AI153,Tariq Lal Joshi,C18,CSE-AIML-C,BIO0153,AIPC352T,Computer Vision,44,31,6,7,1,84.09,OK
UGF23AI154,Tejas Nair,A19,CSE-AIML-A,BIO0154,AIPC352T,Computer Vision,44,39,4,1,3,97.73,OK
UGF23AI155,Tushar Chand Dange,B19,CSE-AIML-B,BIO0155,AIPC352T,Computer Vision,44,41,3,0,1,100.0,OK
UGF23AI156,Pallavi Rao Dalvi,C19,CSE-AIML-C,BIO0156,AIPC352T,Computer Vision,44,19,2,23,0,47.73,DETAINED
UGF23AI157,Harsha Ram Reddy,A20,CSE-AIML-A,BIO0157,AIPC352T,Computer Vision,44,36,4,4,2,90.91,OK
UGF23AI158,Jagdish Raj Jain,B20,CSE-AIML-B,BIO0158,AIPC352T,Computer Vision,44,26,4,14,4,68.18,DETAINED
UGF23AI159,Ravi Prasad Lokhande,C20,CSE-AIML-C,BIO0159,AIPC352T,Computer Vision,44,24,2,18,3,59.09,DETAINED
UGF23AI160,Pankaj Salve,A21,CSE-AIML-A,BIO0160,AIPC352T,Computer Vision,44,36,5,3,2,93.18,OK
UGF23AI161,Madhuri Narwade,B21,CSE-AIML-B,BIO0161,AIPC352T,Computer Vision,44,21,3,20,1,54.55,DETAINED
UGF23AI162,Hemant Naik,C21,CSE-AIML-C,BIO0162,AIPC352T,Computer Vision,44,40,3,1,3,97.73,OK
UGF23AI163,Aditi Lal Dalvi,A22,CSE-AIML-A,BIO0163,AIPC352T,Computer Vision,44,29,3,12,1,72.73,DETAINED
UGF23AI164,Vanshika Waghmare,B22,CSE-AIML-B,BIO0164,AIPC352T,Computer Vision,44,28,5,11,1,75.0,OK
UGF23AI165,Abhishek Bala Patel,C22,CSE-AIML-C,BIO0165,AIPC352T,Computer Vision,44,28,5,11,0,75.0,OK
UGF23AI166,Gaurav Naik,A23,CSE-AIML-A,BIO0166,AIPC352T,Computer Vision,44,38,4,2,2,95.45,OK
UGF23AI167,Tushar Agarwal,B23,CSE-AIML-B,BIO0167,AIPC352T,Computer Vision,44,0,0,44,0,0.0,DETAINED
UGF23AI168,Dhruv Kadam,C23,CSE-AIML-C,BIO0168,AIPC352T,Computer Vision,44,39,3,2,1,95.45,OK
UGF23AI169,Ritika Kadam,A24,CSE-AIML-A,BIO0169,AIPC352T,Computer Vision,44,41,2,1,1,97.73,OK
UGF23AI170,Harsha Bala Das,B24,CSE-AIML-B,BIO0170,AIPC352T,Computer Vision,44,41,2,1,3,97.73,OK
UGF23AI171,Suresh Ram Mehta,C24,CSE-AIML-C,BIO0171,AIPC352T,Computer Vision,44,34,5,5,0,88.64,OK
UGF23AI172,Tushar Chand Gite,A25,CSE-AIML-A,BIO0172,AIPC352T,Computer Vision,44,37,4,3,1,93.18,OK
UGF23AI173,Tanvi Sai Mehta,B25,CSE-AIML-B,BIO0173,AIPC352T,Computer Vision,44,28,1,15,0,65.91,DETAINED
UGF23AI174,Hemant Lal Fulzele,C25,CSE-AIML-C,BIO0174,AIPC352T,Computer Vision,44,24,3,17,2,61.36,DETAINED
UGF23AI175,Vidya Rao Waghmare,A26,CSE-AIML-A,BIO0175,AIPC352T,Computer Vision,44,20,6,18,1,59.09,DETAINED
UGF23AI176,Vishal Das Kulkarni,B26,CSE-AIML-B,BIO0176,AIPC352T,Computer Vision,44,29,3,12,1,72.73,DETAINED
UGF23AI177,Meera Lal Waghmare,C26,CSE-AIML-C,BIO0177,AIPC352T,Computer Vision,44,23,3,18,2,59.09,DETAINED
UGF23AI178,Isha Mehta,A27,CSE-AIML-A,BIO0178,AIPC352T,Computer Vision,44,22,3,19,1,56.82,DETAINED
UGF23AI179,Onkar Kumar Mishra,B27,CSE-AIML-B,BIO0179,AIPC352T,Computer Vision,44,21,4,19,1,56.82,DETAINED
UGF23AI180,Lalita Zende,C27,CSE-AIML-C,BIO0180,AIPC352T,Computer Vision,44,33,6,5,2,88.64,OK
UGF23AI181,Rahul Sai Jadhav,A28,CSE-AIML-A,BIO0181,AIPC352T,Computer Vision,44,34,3,7,3,84.09,OK
UGF23AI182,Pallavi Devi Pillai,B28,CSE-AIML-B,BIO0182,AIPC352T,Computer Vision,44,41,3,0,1,100.0,OK
UGF23AI183,Ekta Raj Vaidya,C28,CSE-AIML-C,BIO0183,AIPC352T,Computer Vision,44,25,4,15,2,65.91,DETAINED
UGF23AI184,Sneha Lal,A29,CSE-AIML-A,BIO0184,AIPC352T,Computer Vision,44,37,7,0,1,100.0,OK
UGF23AI185,Zara Kumar Deshpande,B29,CSE-AIML-B,BIO0185,AIPC352T,Computer Vision,44,34,4,6,1,86.36,OK
UGF23AI186,Neha Rao Banerjee,C29,CSE-AIML-C,BIO0186,AIPC352T,Computer Vision,44,32,4,8,1,81.82,OK
UGF23AI187,Jayesh Junghare,A30,CSE-AIML-A,BIO0187,AIPC352T,Computer Vision,44,33,5,6,1,86.36,OK
UGF23AI188,Bhavna Das Bhosale,B30,CSE-AIML-B,BIO0188,AIPC352T,Computer Vision,44,22,7,15,2,65.91,DETAINED
UGF23AI189,Dhruv Mukherjee,C30,CSE-AIML-C,BIO0189,AIPC352T,Computer Vision,44,32,3,9,2,79.55,OK
UGF23AI190,Chandra Sai Wagh,A31,CSE-AIML-A,BIO0190,AIPC352T,Computer Vision,44,30,8,6,0,86.36,OK
UGF23AI191,Yogesh Devi Bhosale,B31,CSE-AIML-B,BIO0191,AIPC352T,Computer Vision,44,27,6,11,2,75.0,OK
UGF23AI192,Seema Lal Nambiar,C31,CSE-AIML-C,BIO0192,AIPC352T,Computer Vision,44,34,6,4,2,90.91,OK
UGF23AI193,Farhan Das,A32,CSE-AIML-A,BIO0193,AIPC352T,Computer Vision,44,23,3,18,1,59.09,DETAINED
UGF23AI194,Omkar Kumar,B32,CSE-AIML-B,BIO0194,AIPC352T,Computer Vision,44,33,2,9,3,79.55,OK
UGF23AI195,Ramesh Ghosh,C32,CSE-AIML-C,BIO0195,AIPC352T,Computer Vision,44,28,0,16,2,63.64,DETAINED
UGF23AI196,Lalit Unde,A33,CSE-AIML-A,BIO0196,AIPC352T,Computer Vision,44,20,4,20,1,54.55,DETAINED
UGF23AI197,Ishaan Apte,B33,CSE-AIML-B,BIO0197,AIPC352T,Computer Vision,44,0,0,44,0,0.0,DETAINED
UGF23AI198,Chandra Devi Banerjee,C33,CSE-AIML-C,BIO0198,AIPC352T,Computer Vision,44,38,4,2,3,95.45,OK
UGF23AI199,Yash Ghosh,A34,CSE-AIML-A,BIO0199,AIPC352T,Computer Vision,44,29,3,12,2,72.73,DETAINED
UGF23AI200,Om Bhatia,B34,CSE-AIML-B,BIO0200,AIPC352T,Computer Vision,44,30,3,11,0,75.0,OK
UGF23AI201,Chetan Ingole,C34,CSE-AIML-C,BIO0201,AIPC352T,Computer Vision,44,34,3,7,1,84.09,OK
UGF23AI202,Dayanand Rao Zende,A35,CSE-AIML-A,BIO0202,AIPC352T,Computer Vision,44,35,6,3,3,93.18,OK
UGF23AI203,Ravi Hegde,B35,CSE-AIML-B,BIO0203,AIPC352T,Computer Vision,44,38,5,1,4,97.73,OK
UGF23AI204,Priti Ram Dubey,C35,CSE-AIML-C,BIO0204,AIPC352T,Computer Vision,44,31,0,13,2,70.45,DETAINED
UGF23AI205,Firoz Unde,A36,CSE-AIML-A,BIO0205,AIPC352T,Computer Vision,44,23,1,20,3,54.55,DETAINED
UGF23AI206,Iqbal Ingle,B36,CSE-AIML-B,BIO0206,AIPC352T,Computer Vision,44,28,7,9,1,79.55,OK
UGF23AI207,Sarita Devi Unde,C36,CSE-AIML-C,BIO0207,AIPC352T,Computer Vision,44,27,4,13,1,70.45,DETAINED
UGF23AI208,Akash Rao Rao,A37,CSE-AIML-A,BIO0208,AIPC352T,Computer Vision,44,38,5,1,3,97.73,OK
UGF23AI209,Rekha Nath Tiwari,B37,CSE-AIML-B,BIO0209,AIPC352T,Computer Vision,44,31,3,10,1,77.27,OK
UGF23AI210,Seema Mane,C37,CSE-AIML-C,BIO0210,AIPC352T,Computer Vision,44,32,5,7,1,84.09,OK
UGF23AI211,Hitesh Prakash Gaikwad,A38,CSE-AIML-A,BIO0211,AIPC352T,Computer Vision,44,0,0,44,0,0.0,DETAINED
UGF23AI212,Vikas Prasad Nair,B38,CSE-AIML-B,BIO0212,AIPC352T,Computer Vision,44,33,3,8,2,81.82,OK
UGF23AI213,Kiran Chand Mishra,C38,CSE-AIML-C,BIO0213,AIPC352T,Computer Vision,44,27,1,16,0,63.64,DETAINED
UGF23AI214,Dev Das Londhe,A39,CSE-AIML-A,BIO0214,AIPC352T,Computer Vision,44,24,5,15,0,65.91,DETAINED
UGF23AI215,Fatima Ram Upadhyay,B39,CSE-AIML-B,BIO0215,AIPC352T,Computer Vision,44,40,3,1,2,97.73,OK
UGF23AI216,Soham Iyer,C39,CSE-AIML-C,BIO0216,AIPC352T,Computer Vision,44,29,5,10,2,77.27,OK
UGF23AI217,Tanvi Nath Chopra,A40,CSE-AIML-A,BIO0217,AIPC352T,Computer Vision,44,18,4,22,1,50.0,DETAINED
UGF23AI218,Gunjan Devi Rao,B40,CSE-AIML-B,BIO0218,AIPC352T,Computer Vision,44,37,2,5,2,88.64,OK
UGF23AI219,Zara Lal Zende,C40,CSE-AIML-C,BIO0219,AIPC352T,Computer Vision,44,26,4,14,0,68.18,DETAINED
UGF23AI220,Wasim Bala Nair,A41,CSE-AIML-A,BIO0220,AIPC352T,Computer Vision,44,22,3,19,1,56.82,DETAINED
UGF23AI221,Lalita Gaikwad,B41,CSE-AIML-B,BIO0221,AIPC352T,Computer Vision,44,25,7,12,2,72.73,DETAINED
UGF23AI222,Mahesh Wagh,C41,CSE-AIML-C,BIO0222,AIPC352T,Computer Vision,44,28,3,13,0,70.45,DETAINED
UGF23AI223,Meera Ram Chatterjee,A42,CSE-AIML-A,BIO0223,AIPC352T,Computer Vision,44,29,0,15,1,65.91,DETAINED
UGF23AI224,Ishaan Raj Wagh,B42,CSE-AIML-B,BIO0224,AIPC352T,Computer Vision,44,34,0,10,0,77.27,OK
UGF23AI225,Farhan Bala Pawar,C42,CSE-AIML-C,BIO0225,AIPC352T,Computer Vision,44,31,4,9,1,79.55,OK
UGF23AI226,Aditi Prasad Hivrale,A43,CSE-AIML-A,BIO0226,AIPC352T,Computer Vision,44,19,3,22,1,50.0,DETAINED
UGF23AI227,Urmila Zende,B43,CSE-AIML-B,BIO0227,AIPC352T,Computer Vision,44,25,2,17,2,61.36,DETAINED
UGF23AI228,Varun Prakash Raut,C43,CSE-AIML-C,BIO0228,AIPC352T,Computer Vision,44,21,6,17,0,61.36,DETAINED
UGF23AI229,Kalpesh Bala Hande,A44,CSE-AIML-A,BIO0229,AIPC352T,Computer Vision,44,31,5,8,1,81.82,OK
UGF23AI230,Nandini Kumar Ingle,B44,CSE-AIML-B,BIO0230,AIPC352T,Computer Vision,44,25,6,13,1,70.45,DETAINED
UGF23AI231,Vidya Das Kumar,C44,CSE-AIML-C,BIO0231,AIPC352T,Computer Vision,44,39,4,1,3,97.73,OK
UGF23AI232,Gajanan Raj Tiwari,A45,CSE-AIML-A,BIO0232,AIPC352T,Computer Vision,44,32,9,3,2,93.18,OK
UGF23AI233,Pankaj Das Upadhyay,B45,CSE-AIML-B,BIO0233,AIPC352T,Computer Vision,44,31,4,9,2,79.55,OK
UGF23AI234,Faisal Naik,C45,CSE-AIML-C,BIO0234,AIPC352T,Computer Vision,44,25,3,16,2,63.64,DETAINED
UGF23AI235,Tariq Thakur,A46,CSE-AIML-A,BIO0235,AIPC352T,Computer Vision,44,32,3,9,3,79.55,OK
UGF23AI236,Chirag Prasad Dalvi,B46,CSE-AIML-B,BIO0236,AIPC352T,Computer Vision,44,32,2,10,4,77.27,OK
UGF23AI237,Onkar Raj Pillai,C46,CSE-AIML-C,BIO0237,AIPC352T,Computer Vision,44,37,3,4,1,90.91,OK
UGF23AI238,Aditi Bala Bhange,A47,CSE-AIML-A,BIO0238,AIPC352T,Computer Vision,44,26,5,13,0,70.45,DETAINED
UGF23AI239,Firoz Reddy,B47,CSE-AIML-B,BIO0239,AIPC352T,Computer Vision,44,26,6,12,1,72.73,DETAINED
UGF23AI240,Girish Prasad Deshpande,C47,CSE-AIML-C,BIO0240,AIPC352T,Computer Vision,44,27,2,15,0,65.91,DETAINED
UGF23AI241,Anjali Das Mishra,A48,CSE-AIML-A,BIO0241,AIPC352T,Computer Vision,44,29,5,10,2,77.27,OK
UGF23AI242,Ravi Das Tiwari,B48,CSE-AIML-B,BIO0242,AIPC352T,Computer Vision,44,36,5,3,2,93.18,OK
UGF23AI243,Vidya Nair,C48,CSE-AIML-C,BIO0243,AIPC352T,Computer Vision,44,26,4,14,0,68.18,DETAINED
UGF23AI244,Vidya Shankar Gite,A49,CSE-AIML-A,BIO0244,AIPC352T,Computer Vision,44,32,7,5,4,88.64,OK
UGF23AI245,Fatima Chand Hatwar,B49,CSE-AIML-B,BIO0245,AIPC352T,Computer Vision,44,0,0,44,0,0.0,DETAINED
UGF23AI246,Hina Nath Tiwari,C49,CSE-AIML-C,BIO0246,AIPC352T,Computer Vision,44,34,4,6,2,86.36,OK
UGF23AI247,Zara Prasad Chopra,A50,CSE-AIML-A,BIO0247,AIPC352T,Computer Vision,44,25,4,15,0,65.91,DETAINED
UGF23AI248,Ritika Das Kale,B50,CSE-AIML-B,BIO0248,AIPC352T,Computer Vision,44,28,2,14,0,68.18,DETAINED
UGF23AI249,Arjun Ingle,C50,CSE-AIML-C,BIO0249,AIPC352T,Computer Vision,44,28,2,14,3,68.18,DETAINED
UGF23AI250,Kedar Chatterjee,A51,CSE-AIML-A,BIO0250,AIPC352T,Computer Vision,44,30,5,9,3,79.55,OK
UGF23AI251,Jayesh Pawar,B51,CSE-AIML-B,BIO0251,AIPC352T,Computer Vision,44,32,3,9,1,79.55,OK
UGF23AI252,Yamini Das Ahuja,C51,CSE-AIML-C,BIO0252,AIPC352T,Computer Vision,44,38,5,1,1,97.73,OK
UGF23AI253,Yamini Rao Pillai,A52,CSE-AIML-A,BIO0253,AIPC352T,Computer Vision,44,27,5,12,1,72.73,DETAINED
UGF23AI254,Priya Ram Ahuja,B52,CSE-AIML-B,BIO0254,AIPC352T,Computer Vision,44,32,4,8,3,81.82,OK
UGF23AI255,Amrita Rao Banerjee,C52,CSE-AIML-C,BIO0255,AIPC352T,Computer Vision,44,30,7,7,3,84.09,OK
UGF23AI256,Ravi Lal Verma,A53,CSE-AIML-A,BIO0256,AIPC352T,Computer Vision,44,25,11,8,4,81.82,OK
UGF23AI257,Vidya Ram Reddy,B53,CSE-AIML-B,BIO0257,AIPC352T,Computer Vision,44,37,7,0,1,100.0,OK
UGF23AI258,Deepika Kumar,C53,CSE-AIML-C,BIO0258,AIPC352T,Computer Vision,44,26,8,10,1,77.27,OK
UGF23AI259,Deepika Kharat,A54,CSE-AIML-A,BIO0259,AIPC352T,Computer Vision,44,23,1,20,2,54.55,DETAINED
UGF23AI260,Seema Sai Chopra,B54,CSE-AIML-B,BIO0260,AIPC352T,Computer Vision,44,29,5,10,1,77.27,OK
UGF23AI261,Girish Bhange,C54,CSE-AIML-C,BIO0261,AIPC352T,Computer Vision,44,31,6,7,1,84.09,OK
UGF23AI262,Gaurav Hivrale,A55,CSE-AIML-A,BIO0262,AIPC352T,Computer Vision,44,36,6,2,1,95.45,OK
UGF23AI263,Vidya Chand Waghmare,B55,CSE-AIML-B,BIO0263,AIPC352T,Computer Vision,44,32,2,10,2,77.27,OK
UGF23AI264,Esha Das Bhange,C55,CSE-AIML-C,BIO0264,AIPC352T,Computer Vision,44,33,2,9,2,79.55,OK
UGF23AI265,Divya Ram Junghare,A56,CSE-AIML-A,BIO0265,AIPC352T,Computer Vision,44,31,4,9,3,79.55,OK
UGF23AI266,Geeta Prakash Nair,B56,CSE-AIML-B,BIO0266,AIPC352T,Computer Vision,44,35,0,9,3,79.55,OK
UGF23AI267,Jiya Devi Hatwar,C56,CSE-AIML-C,BIO0267,AIPC352T,Computer Vision,44,25,2,17,1,61.36,DETAINED
UGF23AI268,Aditya Pillai,A57,CSE-AIML-A,BIO0268,AIPC352T,Computer Vision,44,33,6,5,4,88.64,OK
UGF23AI269,Nikhil Prakash Bhatia,B57,CSE-AIML-B,BIO0269,AIPC352T,Computer Vision,44,26,3,15,0,65.91,DETAINED
UGF23AI270,Sakshi Ingle,C57,CSE-AIML-C,BIO0270,AIPC352T,Computer Vision,44,35,1,8,2,81.82,OK
UGF23AI271,Kiran Tiwari,A58,CSE-AIML-A,BIO0271,AIPC352T,Computer Vision,44,34,4,6,1,86.36,OK
UGF23AI272,Sneha Prakash Londhe,B58,CSE-AIML-B,BIO0272,AIPC352T,Computer Vision,44,37,5,2,1,95.45,OK
UGF23AI273,Dev Sai Pawar,C58,CSE-AIML-C,BIO0273,AIPC352T,Computer Vision,44,31,4,9,1,79.55,OK
UGF23AI274,Mithun Sai Waghmare,A59,CSE-AIML-A,BIO0274,AIPC352T,Computer Vision,44,36,6,2,2,95.45,OK
UGF23AI275,Vishal Sai Shah,B59,CSE-AIML-B,BIO0275,AIPC352T,Computer Vision,44,29,1,14,1,68.18,DETAINED
UGF23AI276,Anika Shah,C59,CSE-AIML-C,BIO0276,AIPC352T,Computer Vision,44,25,5,14,2,68.18,DETAINED
UGF23AI277,Ekta Chatterjee,A60,CSE-AIML-A,BIO0277,AIPC352T,Computer Vision,44,29,2,13,1,70.45,DETAINED
UGF23AI278,Disha Sai Lokhande,B60,CSE-AIML-B,BIO0278,AIPC352T,Computer Vision,44,25,5,14,0,68.18,DETAINED
UGF23AI279,Ila Devi Dange,C60,CSE-AIML-C,BIO0279,AIPC352T,Computer Vision,44,24,7,13,3,70.45,DETAINED
UGF23AI280,Kalpesh Prakash Hande,A61,CSE-AIML-A,BIO0280,AIPC352T,Computer Vision,44,25,1,18,0,59.09,DETAINED
UGF23AI281,Rohit Bala Mehta,B61,CSE-AIML-B,BIO0281,AIPC352T,Computer Vision,44,35,3,6,1,86.36,OK
UGF23AI282,Onkar Nath Ambhore,C61,CSE-AIML-C,BIO0282,AIPC352T,Computer Vision,44,33,5,6,1,86.36,OK
UGF23AI283,Disha Pawar,A62,CSE-AIML-A,BIO0283,AIPC352T,Computer Vision,44,24,2,18,2,59.09,DETAINED
UGF23AI284,Soham Nath Kale,B62,CSE-AIML-B,BIO0284,AIPC352T,Computer Vision,44,30,3,11,0,75.0,OK
UGF23AI285,Ila Raj Ingole,C62,CSE-AIML-C,BIO0285,AIPC352T,Computer Vision,44,37,5,2,2,95.45,OK
UGF23AI286,Rohit Shankar Hande,A63,CSE-AIML-A,BIO0286,AIPC352T,Computer Vision,44,29,3,12,2,72.73,DETAINED
UGF23AI287,Indira Bhatia,B63,CSE-AIML-B,BIO0287,AIPC352T,Computer Vision,44,35,8,1,0,97.73,OK
UGF23AI288,Babita Lal Kulkarni,C63,CSE-AIML-C,BIO0288,AIPC352T,Computer Vision,44,30,8,6,2,86.36,OK
UGF23AI289,Hemant Chand More,A64,CSE-AIML-A,BIO0289,AIPC352T,Computer Vision,44,36,6,2,3,95.45,OK
UGF23AI290,Tariq Shankar Pawar,B64,CSE-AIML-B,BIO0290,AIPC352T,Computer Vision,44,28,2,14,3,68.18,DETAINED
UGF23AI291,Mukesh Verma,C64,CSE-AIML-C,BIO0291,AIPC352T,Computer Vision,44,31,3,10,1,77.27,OK
UGF23AI292,Anjali Chand Nair,A65,CSE-AIML-A,BIO0292,AIPC352T,Computer Vision,44,27,3,14,1,68.18,DETAINED
UGF23AI293,Divya Lal Hande,B65,CSE-AIML-B,BIO0293,AIPC352T,Computer Vision,44,31,2,11,2,75.0,OK
UGF23AI294,Harsha Prasad Shah,C65,CSE-AIML-C,BIO0294,AIPC352T,Computer Vision,44,28,8,8,3,81.82,OK
UGF23AI295,Ekta Shankar Yadav,A66,CSE-AIML-A,BIO0295,AIPC352T,Computer Vision,44,29,4,11,4,75.0,OK
UGF23AI296,Manish Das Upadhyay,B66,CSE-AIML-B,BIO0296,AIPC352T,Computer Vision,44,23,5,16,2,63.64,DETAINED
UGF23AI297,Jatin Ghosh,C66,CSE-AIML-C,BIO0297,AIPC352T,Computer Vision,44,41,2,1,2,97.73,OK
UGF23AI298,Nilesh Ram Kulkarni,A67,CSE-AIML-A,BIO0298,AIPC352T,Computer Vision,44,24,7,13,2,70.45,DETAINED
UGF23AI299,Bhavna Raj Bhosale,B67,CSE-AIML-B,BIO0299,AIPC352T,Computer Vision,44,25,6,13,1,70.45,DETAINED
UGF23AI300,Gaurav Jain,C67,CSE-AIML-C,BIO0300,AIPC352T,Computer Vision,44,31,2,11,1,75.0,OK
UGF23AI301,Kalpesh Mishra,A68,CSE-AIML-A,BIO0301,AIPC352T,Computer Vision,44,27,5,12,2,72.73,DETAINED
UGF23AI302,Lakshmi Chand Patil,B68,CSE-AIML-B,BIO0302,AIPC352T,Computer Vision,44,38,3,3,3,93.18,OK
UGF23AI303,Nikhil Rao Agarwal,C68,CSE-AIML-C,BIO0303,AIPC352T,Computer Vision,44,34,2,8,0,81.82,OK
UGF23AI304,Mohit Nath Kumar,A69,CSE-AIML-A,BIO0304,AIPC352T,Computer Vision,44,34,4,6,4,86.36,OK
UGF23AI305,Iqbal Raj Chopra,B69,CSE-AIML-B,BIO0305,AIPC352T,Computer Vision,44,26,2,16,1,63.64,DETAINED
UGF23AI306,Esha Bala Pandey,C69,CSE-AIML-C,BIO0306,AIPC352T,Computer Vision,44,31,6,7,1,84.09,OK
UGF23AI307,Abhishek Kumar Fernandes,A70,CSE-AIML-A,BIO0307,AIPC352T,Computer Vision,44,0,0,44,0,0.0,DETAINED
UGF23AI308,Harsha Raj Mukherjee,B70,CSE-AIML-B,BIO0308,AIPC352T,Computer Vision,44,25,5,14,1,68.18,DETAINED
UGF23AI309,Lakshmi Das Wagh,C70,CSE-AIML-C,BIO0309,AIPC352T,Computer Vision,44,23,3,18,2,59.09,DETAINED
UGF23AI310,Nikhil Lokhande,A71,CSE-AIML-A,BIO0310,AIPC352T,Computer Vision,44,31,7,6,3,86.36,OK
UGF23AI311,Bharat Singh,B71,CSE-AIML-B,BIO0311,AIPC352T,Computer Vision,44,21,1,22,1,50.0,DETAINED
UGF23AI312,Girish Ambhore,C71,CSE-AIML-C,BIO0312,AIPC352T,Computer Vision,44,27,4,13,2,70.45,DETAINED
UGF23AI313,Tariq Prakash More,A72,CSE-AIML-A,BIO0313,AIPC352T,Computer Vision,44,23,5,16,2,63.64,DETAINED
UGF23AI314,Yamini Ram Patil,B72,CSE-AIML-B,BIO0314,AIPC352T,Computer Vision,44,26,2,16,2,63.64,DETAINED
UGF23AI315,Om Chand Upadhyay,C72,CSE-AIML-C,BIO0315,AIPC352T,Computer Vision,44,26,5,13,1,70.45,DETAINED
UGF23AI316,Manish Sai Iyer,A73,CSE-AIML-A,BIO0316,AIPC352T,Computer Vision,44,30,3,11,1,75.0,OK
UGF23AI317,Siddharth Nath Patel,B73,CSE-AIML-B,BIO0317,AIPC352T,Computer Vision,44,0,0,44,0,0.0,DETAINED
UGF23AI318,Rohit Chand Vaghmare,C73,CSE-AIML-C,BIO0318,AIPC352T,Computer Vision,44,42,0,2,2,95.45,OK
UGF23AI319,Anika Rao Bhange,A74,CSE-AIML-A,BIO0319,AIPC352T,Computer Vision,44,23,4,17,2,61.36,DETAINED
UGF23AI320,Rekha Kumar Fernandes,B74,CSE-AIML-B,BIO0320,AIPC352T,Computer Vision,44,37,3,4,2,90.91,OK
UGF23AI321,Yamini Londhe,C74,CSE-AIML-C,BIO0321,AIPC352T,Computer Vision,44,34,4,6,1,86.36,OK
UGF23AI322,Nisha Kharat,A75,CSE-AIML-A,BIO0322,AIPC352T,Computer Vision,44,38,3,3,2,93.18,OK
UGF23AI323,Kamla Kumar,B75,CSE-AIML-B,BIO0323,AIPC352T,Computer Vision,44,26,5,13,1,70.45,DETAINED
UGF23AI324,Gunjan Devi Fernandes,C75,CSE-AIML-C,BIO0324,AIPC352T,Computer Vision,44,39,4,1,2,97.73,OK
UGF23AI325,Gunjan Sai Pawar,A76,CSE-AIML-A,BIO0325,AIPC352T,Computer Vision,44,27,4,13,3,70.45,DETAINED
UGF23AI326,Vanshika Chand Shah,B76,CSE-AIML-B,BIO0326,AIPC352T,Computer Vision,44,38,5,1,5,97.73,OK
UGF23AI327,Nikhil Hivrale,C76,CSE-AIML-C,BIO0327,AIPC352T,Computer Vision,44,29,7,8,0,81.82,OK
UGF23AI328,Chetna Yadav,A77,CSE-AIML-A,BIO0328,AIPC352T,Computer Vision,44,35,5,4,2,90.91,OK
UGF23AI329,Pallavi Prasad Banerjee,B77,CSE-AIML-B,BIO0329,AIPC352T,Computer Vision,44,32,3,9,2,79.55,OK
UGF23AI330,Omkar Chand Lal,C77,CSE-AIML-C,BIO0330,AIPC352T,Computer Vision,44,30,8,6,1,86.36,OK
UGF23AI331,Isha Mane,A78,CSE-AIML-A,BIO0331,AIPC352T,Computer Vision,44,41,0,3,1,93.18,OK
UGF23AI332,Ramesh Shankar Kulkarni,B78,CSE-AIML-B,BIO0332,AIPC352T,Computer Vision,44,29,5,10,3,77.27,OK
UGF23AI333,Chetna Ram Upadhyay,C78,CSE-AIML-C,BIO0333,AIPC352T,Computer Vision,44,35,7,2,3,95.45,OK
UGF23AI334,Esha Prasad Vaidya,A79,CSE-AIML-A,BIO0334,AIPC352T,Computer Vision,44,27,2,15,0,65.91,DETAINED
UGF23AI335,Gunjan Ram Nambiar,B79,CSE-AIML-B,BIO0335,AIPC352T,Computer Vision,44,38,6,0,1,100.0,OK
UGF23AI336,Ritika Lal Ahuja,C79,CSE-AIML-C,BIO0336,AIPC352T,Computer Vision,44,37,1,6,2,86.36,OK
UGF23AI337,Jagdish More,A80,CSE-AIML-A,BIO0337,AIPC352T,Computer Vision,44,33,3,8,2,81.82,OK
UGF23AI338,Farhan Shankar Mishra,B80,CSE-AIML-B,BIO0338,AIPC352T,Computer Vision,44,29,2,13,1,70.45,DETAINED
UGF23AI339,Sumit Jadhav,C80,CSE-AIML-C,BIO0339,AIPC352T,Computer Vision,44,33,3,8,0,81.82,OK
UGF23AI340,Neha Kaur,A81,CSE-AIML-A,BIO0340,AIPC352T,Computer Vision,44,32,4,8,2,81.82,OK
UGF23AI341,Jatin Bala Upadhyay,B81,CSE-AIML-B,BIO0341,AIPC352T,Computer Vision,44,34,3,7,5,84.09,OK
UGF23AI342,Indira Vaidya,C81,CSE-AIML-C,BIO0342,AIPC352T,Computer Vision,44,25,1,18,3,59.09,DETAINED
UGF23AI343,Wasim Das Mishra,A82,CSE-AIML-A,BIO0343,AIPC352T,Computer Vision,44,36,2,6,3,86.36,OK
UGF23AI344,Faisal Shankar Gaikwad,B82,CSE-AIML-B,BIO0344,AIPC352T,Computer Vision,44,30,4,10,2,77.27,OK
UGF23AI345,Gajanan Chand Ambhore,C82,CSE-AIML-C,BIO0345,AIPC352T,Computer Vision,44,34,2,8,1,81.82,OK
UGF23AI346,Kunal Gupta,A83,CSE-AIML-A,BIO0346,AIPC352T,Computer Vision,44,25,5,14,1,68.18,DETAINED
UGF23AI347,Amol Lal Tiwari,B83,CSE-AIML-B,BIO0347,AIPC352T,Computer Vision,44,0,0,44,0,0.0,DETAINED
UGF23AI348,Aarav Upadhyay,C83,CSE-AIML-C,BIO0348,AIPC352T,Computer Vision,44,38,6,0,2,100.0,OK
UGF23AI349,Eshaan Kumar Kumar,A84,CSE-AIML-A,BIO0349,AIPC352T,Computer Vision,44,28,2,14,1,68.18,DETAINED
UGF23AI350,Farhan Rao Banerjee,B84,CSE-AIML-B,BIO0350,AIPC352T,Computer Vision,44,22,4,18,0,59.09,DETAINED
UGF23AI351,Gunjan Lal Gaikwad,C84,CSE-AIML-C,BIO0351,AIPC352T,Computer Vision,44,29,5,10,2,77.27,OK
UGF23AI352,Anjali Raj Naik,A85,CSE-AIML-A,BIO0352,AIPC352T,Computer Vision,44,20,7,17,3,61.36,DETAINED
UGF23AI353,Dhruv Prasad Zende,B85,CSE-AIML-B,BIO0353,AIPC352T,Computer Vision,44,31,5,8,5,81.82,OK
UGF23AI354,Iqbal Prasad Salve,C85,CSE-AIML-C,BIO0354,AIPC352T,Computer Vision,44,23,6,15,3,65.91,DETAINED
UGF23AI355,Hina Bala Agarwal,A86,CSE-AIML-A,BIO0355,AIPC352T,Computer Vision,44,21,2,21,1,52.27,DETAINED
UGF23AI356,Harsha Joshi,B86,CSE-AIML-B,BIO0356,AIPC352T,Computer Vision,44,34,6,4,0,90.91,OK
UGF23AI357,Anjali Ram Gangurde,C86,CSE-AIML-C,BIO0357,AIPC352T,Computer Vision,44,40,1,3,1,93.18,OK
UGF23AI358,Harsha Rao Gaikwad,A87,CSE-AIML-A,BIO0358,AIPC352T,Computer Vision,44,29,2,13,0,70.45,DETAINED
UGF23AI359,Bharat Raj Agarwal,B87,CSE-AIML-B,BIO0359,AIPC352T,Computer Vision,44,25,5,14,0,68.18,DETAINED
UGF23AI360,Sumit Prasad Dalvi,C87,CSE-AIML-C,BIO0360,AIPC352T,Computer Vision,44,31,3,10,1,77.27,OK
UGF23AI361,Firoz Das Narwade,A88,CSE-AIML-A,BIO0361,AIPC352T,Computer Vision,44,31,11,2,1,95.45,OK
UGF23AI362,Divya Das,B88,CSE-AIML-B,BIO0362,AIPC352T,Computer Vision,44,34,3,7,3,84.09,OK
UGF23AI363,Madhuri Devi Pawar,C88,CSE-AIML-C,BIO0363,AIPC352T,Computer Vision,44,36,6,2,2,95.45,OK
UGF23AI364,Disha Shankar Kale,A89,CSE-AIML-A,BIO0364,AIPC352T,Computer Vision,44,32,4,8,2,81.82,OK
UGF23AI365,Rajesh Das Hatwar,B89,CSE-AIML-B,BIO0365,AIPC352T,Computer Vision,44,28,1,15,2,65.91,DETAINED
UGF23AI366,Kalpesh Shankar Ghosh,C89,CSE-AIML-C,BIO0366,AIPC352T,Computer Vision,44,35,4,5,2,88.64,OK
UGF23AI367,Madhuri Hande,A90,CSE-AIML-A,BIO0367,AIPC352T,Computer Vision,44,29,7,8,2,81.82,OK
UGF23AI368,Nisha Lal Shah,B90,CSE-AIML-B,BIO0368,AIPC352T,Computer Vision,44,0,0,44,0,0.0,DETAINED
UGF23AI369,Manish Sai Junghare,C90,CSE-AIML-C,BIO0369,AIPC352T,Computer Vision,44,37,7,0,0,100.0,OK
UGF23AI370,Lakshmi Nath Raut,A91,CSE-AIML-A,BIO0370,AIPC352T,Computer Vision,44,36,7,1,3,97.73,OK
UGF23AI371,Wasim Prasad Patel,B91,CSE-AIML-B,BIO0371,AIPC352T,Computer Vision,44,19,7,18,0,59.09,DETAINED
UGF23AI372,Bhushan Raj Kadam,C91,CSE-AIML-C,BIO0372,AIPC352T,Computer Vision,44,31,4,9,3,79.55,OK
UGF23AI373,Mukesh Ram Zende,A92,CSE-AIML-A,BIO0373,AIPC352T,Computer Vision,44,31,8,5,1,88.64,OK
UGF23AI374,Bhushan Iyer,B92,CSE-AIML-B,BIO0374,AIPC352T,Computer Vision,44,28,5,11,5,75.0,OK
UGF23AI375,Geeta Chand Hatwar,C92,CSE-AIML-C,BIO0375,AIPC352T,Computer Vision,44,29,4,11,1,75.0,OK
UGF23AI376,Faisal Kadam,A93,CSE-AIML-A,BIO0376,AIPC352T,Computer Vision,44,28,6,10,2,77.27,OK
UGF23AI377,Zara Das Kaur,B93,CSE-AIML-B,BIO0377,AIPC352T,Computer Vision,44,0,0,44,0,0.0,DETAINED
UGF23AI378,Zara Nambiar,C93,CSE-AIML-C,BIO0378,AIPC352T,Computer Vision,44,33,4,7,4,84.09,OK
UGF23AI379,Chetan Salve,A94,CSE-AIML-A,BIO0379,AIPC352T,Computer Vision,44,19,6,19,1,56.82,DETAINED
UGF23AI380,Mahesh Shankar Gangurde,B94,CSE-AIML-B,BIO0380,AIPC352T,Computer Vision,44,32,4,8,1,81.82,OK
UGF23AI381,Faisal Das Saxena,C94,CSE-AIML-C,BIO0381,AIPC352T,Computer Vision,44,38,3,3,4,93.18,OK
UGF23AI382,Geeta Raj Joshi,A95,CSE-AIML-A,BIO0382,AIPC352T,Computer Vision,44,28,4,12,2,72.73,DETAINED
UGF23AI383,Ravi Lal Bhosale,B95,CSE-AIML-B,BIO0383,AIPC352T,Computer Vision,44,32,2,10,2,77.27,OK
UGF23AI384,Gaurav Bala Jain,C95,CSE-AIML-C,BIO0384,AIPC352T,Computer Vision,44,30,5,9,1,79.55,OK
UGF23AI385,Om Gupta,A96,CSE-AIML-A,BIO0385,AIPC352T,Computer Vision,44,29,4,11,1,75.0,OK
UGF23AI386,Sarita Das Desai,B96,CSE-AIML-B,BIO0386,AIPC352T,Computer Vision,44,33,6,5,0,88.64,OK
UGF23AI387,Jayesh Nath Hatwar,C96,CSE-AIML-C,BIO0387,AIPC352T,Computer Vision,44,33,3,8,0,81.82,OK
UGF23AI388,Jiya Nath Junghare,A97,CSE-AIML-A,BIO0388,AIPC352T,Computer Vision,44,38,3,3,1,93.18,OK
UGF23AI389,Geeta Prakash Hande,B97,CSE-AIML-B,BIO0389,AIPC352T,Computer Vision,44,27,3,14,2,68.18,DETAINED
UGF23AI390,Urmila Pillai,C97,CSE-AIML-C,BIO0390,AIPC352T,Computer Vision,44,31,3,10,0,77.27,OK
UGF23AI391,Rekha Rao Singh,A98,CSE-AIML-A,BIO0391,AIPC352T,Computer Vision,44,39,1,4,2,90.91,OK
UGF23AI392,Kedar Singh,B98,CSE-AIML-B,BIO0392,AIPC352T,Computer Vision,44,32,4,8,2,81.82,OK
UGF23AI393,Dhruv Das Takle,C98,CSE-AIML-C,BIO0393,AIPC352T,Computer Vision,44,28,3,13,0,70.45,DETAINED
UGF23AI394,Om Nath Londhe,A99,CSE-AIML-A,BIO0394,AIPC352T,Computer Vision,44,32,3,9,1,79.55,OK
UGF23AI395,Hina Kumar Pandey,B99,CSE-AIML-B,BIO0395,AIPC352T,Computer Vision,44,36,6,2,2,95.45,OK
UGF23AI396,Wasim Prakash Ingle,C99,CSE-AIML-C,BIO0396,AIPC352T,Computer Vision,44,30,3,11,1,75.0,OK
UGF23AI397,Nandini Deshpande,A100,CSE-AIML-A,BIO0397,AIPC352T,Computer Vision,44,21,4,19,4,56.82,DETAINED
UGF23AI398,Babita Fulzele,B100,CSE-AIML-B,BIO0398,AIPC352T,Computer Vision,44,38,4,2,1,95.45,OK
UGF23AI399,Hitesh Sai Takle,C100,CSE-AIML-C,BIO0399,AIPC352T,Computer Vision,44,28,4,12,0,72.73,DETAINED
UGF23AI100,Namrata Prasad Patel,A01,CSE-AIML-A,BIO0100,AIPC353T,NLP & Text Analytics,43,30,1,12,1,72.09,DETAINED
UGF23AI101,Jatin Kumar Ambhore,B01,CSE-AIML-B,BIO0101,AIPC353T,NLP & Text Analytics,43,24,6,13,2,69.77,DETAINED
UGF23AI102,Mohit Shankar Gaikwad,C01,CSE-AIML-C,BIO0102,AIPC353T,NLP & Text Analytics,43,27,3,13,1,69.77,DETAINED
UGF23AI103,Suresh Londhe,A02,CSE-AIML-A,BIO0103,AIPC353T,NLP & Text Analytics,43,36,1,6,3,86.05,OK
UGF23AI104,Anjali Nath More,B02,CSE-AIML-B,BIO0104,AIPC353T,NLP & Text Analytics,43,27,2,14,1,67.44,DETAINED
UGF23AI105,Vikas Raj Mukherjee,C02,CSE-AIML-C,BIO0105,AIPC353T,NLP & Text Analytics,43,28,3,12,0,72.09,DETAINED
UGF23AI106,Manish Das Ambhore,A03,CSE-AIML-A,BIO0106,AIPC353T,NLP & Text Analytics,43,34,8,1,2,97.67,OK
UGF23AI107,Mohit Nath Gangurde,B03,CSE-AIML-B,BIO0107,AIPC353T,NLP & Text Analytics,43,32,7,4,1,90.7,OK
UGF23AI108,Kamla Ram Mehta,C03,CSE-AIML-C,BIO0108,AIPC353T,NLP & Text Analytics,43,29,2,12,0,72.09,DETAINED
UGF23AI109,Mohit Rao Agarwal,A04,CSE-AIML-A,BIO0109,AIPC353T,NLP & Text Analytics,43,25,7,11,0,74.42,DETAINED
UGF23AI110,Farhan Nair,B04,CSE-AIML-B,BIO0110,AIPC353T,NLP & Text Analytics,43,40,3,0,1,100.0,OK
UGF23AI111,Mithun Iyer,C04,CSE-AIML-C,BIO0111,AIPC353T,NLP & Text Analytics,43,25,2,16,0,62.79,DETAINED
UGF23AI112,Ravi Kumar Joshi,A05,CSE-AIML-A,BIO0112,AIPC353T,NLP & Text Analytics,43,35,4,4,1,90.7,OK
UGF23AI113,Farhan Dange,B05,CSE-AIML-B,BIO0113,AIPC353T,NLP & Text Analytics,43,31,5,7,1,83.72,OK
UGF23AI114,Onkar Prasad Mishra,C05,CSE-AIML-C,BIO0114,AIPC353T,NLP & Text Analytics,43,35,1,7,0,83.72,OK
UGF23AI115,Divya Zende,A06,CSE-AIML-A,BIO0115,AIPC353T,NLP & Text Analytics,43,33,6,4,0,90.7,OK
UGF23AI116,Nikhil Prakash Hatwar,B06,CSE-AIML-B,BIO0116,AIPC353T,NLP & Text Analytics,43,31,3,9,2,79.07,OK
UGF23AI117,Bhushan Raj Chatterjee,C06,CSE-AIML-C,BIO0117,AIPC353T,NLP & Text Analytics,43,25,6,12,1,72.09,DETAINED
UGF23AI118,Gunjan Pandey,A07,CSE-AIML-A,BIO0118,AIPC353T,NLP & Text Analytics,43,25,3,15,2,65.12,DETAINED
UGF23AI119,Fatima Lal Ahuja,B07,CSE-AIML-B,BIO0119,AIPC353T,NLP & Text Analytics,43,38,5,0,1,100.0,OK
UGF23AI120,Farhan Devi Pandey,C07,CSE-AIML-C,BIO0120,AIPC353T,NLP & Text Analytics,43,36,5,2,2,95.35,OK
UGF23AI121,Manish Chand Mehta,A08,CSE-AIML-A,BIO0121,AIPC353T,NLP & Text Analytics,43,35,0,8,0,81.4,OK
UGF23AI122,Iqbal Raj Pillai,B08,CSE-AIML-B,BIO0122,AIPC353T,NLP & Text Analytics,43,33,2,8,2,81.4,OK
UGF23AI123,Kavya Devi Yadav,C08,CSE-AIML-C,BIO0123,AIPC353T,NLP & Text Analytics,43,0,0,43,0,0.0,DETAINED
UGF23AI124,Priya Das Shah,A09,CSE-AIML-A,BIO0124,AIPC353T,NLP & Text Analytics,43,33,4,6,1,86.05,OK
UGF23AI125,Hina Das Thakur,B09,CSE-AIML-B,BIO0125,AIPC353T,NLP & Text Analytics,43,24,6,13,3,69.77,DETAINED
UGF23AI126,Rajesh Shankar Chavan,C09,CSE-AIML-C,BIO0126,AIPC353T,NLP & Text Analytics,43,22,2,19,1,55.81,DETAINED
UGF23AI127,Indira Sai Hegde,A10,CSE-AIML-A,BIO0127,AIPC353T,NLP & Text Analytics,43,30,8,5,1,88.37,OK
UGF23AI128,Amrita Shankar Londhe,B10,CSE-AIML-B,BIO0128,AIPC353T,NLP & Text Analytics,43,33,5,5,3,88.37,OK
UGF23AI129,Chetna Lal Ghosh,C10,CSE-AIML-C,BIO0129,AIPC353T,NLP & Text Analytics,43,28,3,12,0,72.09,DETAINED
UGF23AI130,Lalit Shankar Salve,A11,CSE-AIML-A,BIO0130,AIPC353T,NLP & Text Analytics,43,27,1,15,1,65.12,DETAINED
UGF23AI131,Pooja Lal Patel,B11,CSE-AIML-B,BIO0131,AIPC353T,NLP & Text Analytics,43,26,4,13,1,69.77,DETAINED
UGF23AI132,Abhishek Kumar Shah,C11,CSE-AIML-C,BIO0132,AIPC353T,NLP & Text Analytics,43,36,5,2,7,95.35,OK
UGF23AI133,Indira Ram Ingole,A12,CSE-AIML-A,BIO0133,AIPC353T,NLP & Text Analytics,43,34,5,4,2,90.7,OK
UGF23AI134,Wasim Nambiar,B12,CSE-AIML-B,BIO0134,AIPC353T,NLP & Text Analytics,43,32,3,8,4,81.4,OK
UGF23AI135,Dev Sai Dalvi,C12,CSE-AIML-C,BIO0135,AIPC353T,NLP & Text Analytics,43,34,3,6,1,86.05,OK
UGF23AI136,Jagdish Naik,A13,CSE-AIML-A,BIO0136,AIPC353T,NLP & Text Analytics,43,28,2,13,2,69.77,DETAINED
UGF23AI137,Sarita Prakash Bhatia,B13,CSE-AIML-B,BIO0137,AIPC353T,NLP & Text Analytics,43,26,5,12,1,72.09,DETAINED
UGF23AI138,Shruti Prakash Das,C13,CSE-AIML-C,BIO0138,AIPC353T,NLP & Text Analytics,43,22,6,15,2,65.12,DETAINED
UGF23AI139,Zara Das Rao,A14,CSE-AIML-A,BIO0139,AIPC353T,NLP & Text Analytics,43,31,5,7,1,83.72,OK
UGF23AI140,Sandeep Rao Bhatia,B14,CSE-AIML-B,BIO0140,AIPC353T,NLP & Text Analytics,43,30,3,10,1,76.74,OK
UGF23AI141,Devika Shankar Joshi,C14,CSE-AIML-C,BIO0141,AIPC353T,NLP & Text Analytics,43,29,4,10,1,76.74,OK
UGF23AI142,Chetan Devi Raut,A15,CSE-AIML-A,BIO0142,AIPC353T,NLP & Text Analytics,43,37,5,1,4,97.67,OK
UGF23AI143,Siddharth Vaghmare,B15,CSE-AIML-B,BIO0143,AIPC353T,NLP & Text Analytics,43,22,6,15,1,65.12,DETAINED
UGF23AI144,Tejas Ram Deshpande,C15,CSE-AIML-C,BIO0144,AIPC353T,NLP & Text Analytics,43,21,6,16,0,62.79,DETAINED
UGF23AI145,Hina Ambhore,A16,CSE-AIML-A,BIO0145,AIPC353T,NLP & Text Analytics,43,29,2,12,1,72.09,DETAINED
UGF23AI146,Yogesh Rao Gangurde,B16,CSE-AIML-B,BIO0146,AIPC353T,NLP & Text Analytics,43,37,2,4,4,90.7,OK
UGF23AI147,Abhishek Nath Ghosh,C16,CSE-AIML-C,BIO0147,AIPC353T,NLP & Text Analytics,43,27,4,12,0,72.09,DETAINED
UGF23AI148,Chandra Kulkarni,A17,CSE-AIML-A,BIO0148,AIPC353T,NLP & Text Analytics,43,30,6,7,1,83.72,OK
UGF23AI149,Om Raj Reddy,B17,CSE-AIML-B,BIO0149,AIPC353T,NLP & Text Analytics,43,22,2,19,2,55.81,DETAINED
UGF23AI150,Sakshi Prasad Ambhore,C17,CSE-AIML-C,BIO0150,AIPC353T,NLP & Text Analytics,43,32,5,6,1,86.05,OK
UGF23AI151,Gajanan Prasad Jain,A18,CSE-AIML-A,BIO0151,AIPC353T,NLP & Text Analytics,43,24,2,17,1,60.47,DETAINED
UGF23AI152,Ritika Bala Vaidya,B18,CSE-AIML-B,BIO0152,AIPC353T,NLP & Text Analytics,43,34,7,2,3,95.35,OK
UGF23AI153,Tariq Lal Joshi,C18,CSE-AIML-C,BIO0153,AIPC353T,NLP & Text Analytics,43,28,2,13,1,69.77,DETAINED
UGF23AI154,Tejas Nair,A19,CSE-AIML-A,BIO0154,AIPC353T,NLP & Text Analytics,43,33,9,1,2,97.67,OK
UGF23AI155,Tushar Chand Dange,B19,CSE-AIML-B,BIO0155,AIPC353T,NLP & Text Analytics,43,36,7,0,3,100.0,OK
UGF23AI156,Pallavi Rao Dalvi,C19,CSE-AIML-C,BIO0156,AIPC353T,NLP & Text Analytics,43,19,8,16,3,62.79,DETAINED
UGF23AI157,Harsha Ram Reddy,A20,CSE-AIML-A,BIO0157,AIPC353T,NLP & Text Analytics,43,36,2,5,1,88.37,OK
UGF23AI158,Jagdish Raj Jain,B20,CSE-AIML-B,BIO0158,AIPC353T,NLP & Text Analytics,43,31,2,10,2,76.74,OK
UGF23AI159,Ravi Prasad Lokhande,C20,CSE-AIML-C,BIO0159,AIPC353T,NLP & Text Analytics,43,23,0,20,3,53.49,DETAINED
UGF23AI160,Pankaj Salve,A21,CSE-AIML-A,BIO0160,AIPC353T,NLP & Text Analytics,43,39,3,1,0,97.67,OK
UGF23AI161,Madhuri Narwade,B21,CSE-AIML-B,BIO0161,AIPC353T,NLP & Text Analytics,43,22,2,19,2,55.81,DETAINED
UGF23AI162,Hemant Naik,C21,CSE-AIML-C,BIO0162,AIPC353T,NLP & Text Analytics,43,34,5,4,0,90.7,OK
UGF23AI163,Aditi Lal Dalvi,A22,CSE-AIML-A,BIO0163,AIPC353T,NLP & Text Analytics,43,31,4,8,1,81.4,OK
UGF23AI164,Vanshika Waghmare,B22,CSE-AIML-B,BIO0164,AIPC353T,NLP & Text Analytics,43,32,3,8,1,81.4,OK
UGF23AI165,Abhishek Bala Patel,C22,CSE-AIML-C,BIO0165,AIPC353T,NLP & Text Analytics,43,21,6,16,0,62.79,DETAINED
UGF23AI166,Gaurav Naik,A23,CSE-AIML-A,BIO0166,AIPC353T,NLP & Text Analytics,43,38,3,2,2,95.35,OK
UGF23AI167,Tushar Agarwal,B23,CSE-AIML-B,BIO0167,AIPC353T,NLP & Text Analytics,43,0,0,43,0,0.0,DETAINED
UGF23AI168,Dhruv Kadam,C23,CSE-AIML-C,BIO0168,AIPC353T,NLP & Text Analytics,43,29,7,7,1,83.72,OK
UGF23AI169,Ritika Kadam,A24,CSE-AIML-A,BIO0169,AIPC353T,NLP & Text Analytics,43,30,5,8,0,81.4,OK
UGF23AI170,Harsha Bala Das,B24,CSE-AIML-B,BIO0170,AIPC353T,NLP & Text Analytics,43,38,4,1,2,97.67,OK
UGF23AI171,Suresh Ram Mehta,C24,CSE-AIML-C,BIO0171,AIPC353T,NLP & Text Analytics,43,34,3,6,4,86.05,OK
UGF23AI172,Tushar Chand Gite,A25,CSE-AIML-A,BIO0172,AIPC353T,NLP & Text Analytics,43,36,4,3,4,93.02,OK
UGF23AI173,Tanvi Sai Mehta,B25,CSE-AIML-B,BIO0173,AIPC353T,NLP & Text Analytics,43,30,2,11,3,74.42,DETAINED
UGF23AI174,Hemant Lal Fulzele,C25,CSE-AIML-C,BIO0174,AIPC353T,NLP & Text Analytics,43,28,3,12,2,72.09,DETAINED
UGF23AI175,Vidya Rao Waghmare,A26,CSE-AIML-A,BIO0175,AIPC353T,NLP & Text Analytics,43,25,2,16,0,62.79,DETAINED
UGF23AI176,Vishal Das Kulkarni,B26,CSE-AIML-B,BIO0176,AIPC353T,NLP & Text Analytics,43,26,3,14,0,67.44,DETAINED
UGF23AI177,Meera Lal Waghmare,C26,CSE-AIML-C,BIO0177,AIPC353T,NLP & Text Analytics,43,24,3,16,0,62.79,DETAINED
UGF23AI178,Isha Mehta,A27,CSE-AIML-A,BIO0178,AIPC353T,NLP & Text Analytics,43,27,4,12,3,72.09,DETAINED
UGF23AI179,Onkar Kumar Mishra,B27,CSE-AIML-B,BIO0179,AIPC353T,NLP & Text Analytics,43,21,4,18,5,58.14,DETAINED
UGF23AI180,Lalita Zende,C27,CSE-AIML-C,BIO0180,AIPC353T,NLP & Text Analytics,43,32,5,6,3,86.05,OK
UGF23AI181,Rahul Sai Jadhav,A28,CSE-AIML-A,BIO0181,AIPC353T,NLP & Text Analytics,43,31,5,7,1,83.72,OK
UGF23AI182,Pallavi Devi Pillai,B28,CSE-AIML-B,BIO0182,AIPC353T,NLP & Text Analytics,43,34,4,5,0,88.37,OK
UGF23AI183,Ekta Raj Vaidya,C28,CSE-AIML-C,BIO0183,AIPC353T,NLP & Text Analytics,43,24,3,16,3,62.79,DETAINED
UGF23AI184,Sneha Lal,A29,CSE-AIML-A,BIO0184,AIPC353T,NLP & Text Analytics,43,34,4,5,4,88.37,OK
UGF23AI185,Zara Kumar Deshpande,B29,CSE-AIML-B,BIO0185,AIPC353T,NLP & Text Analytics,43,31,3,9,0,79.07,OK
UGF23AI186,Neha Rao Banerjee,C29,CSE-AIML-C,BIO0186,AIPC353T,NLP & Text Analytics,43,30,4,9,2,79.07,OK
UGF23AI187,Jayesh Junghare,A30,CSE-AIML-A,BIO0187,AIPC353T,NLP & Text Analytics,43,32,7,4,0,90.7,OK
UGF23AI188,Bhavna Das Bhosale,B30,CSE-AIML-B,BIO0188,AIPC353T,NLP & Text Analytics,43,28,4,11,3,74.42,DETAINED
UGF23AI189,Dhruv Mukherjee,C30,CSE-AIML-C,BIO0189,AIPC353T,NLP & Text Analytics,43,34,2,7,3,83.72,OK
UGF23AI190,Chandra Sai Wagh,A31,CSE-AIML-A,BIO0190,AIPC353T,NLP & Text Analytics,43,34,2,7,3,83.72,OK
UGF23AI191,Yogesh Devi Bhosale,B31,CSE-AIML-B,BIO0191,AIPC353T,NLP & Text Analytics,43,26,6,11,1,74.42,DETAINED
UGF23AI192,Seema Lal Nambiar,C31,CSE-AIML-C,BIO0192,AIPC353T,NLP & Text Analytics,43,28,3,12,1,72.09,DETAINED
UGF23AI193,Farhan Das,A32,CSE-AIML-A,BIO0193,AIPC353T,NLP & Text Analytics,43,27,1,15,1,65.12,DETAINED
UGF23AI194,Omkar Kumar,B32,CSE-AIML-B,BIO0194,AIPC353T,NLP & Text Analytics,43,26,5,12,5,72.09,DETAINED
UGF23AI195,Ramesh Ghosh,C32,CSE-AIML-C,BIO0195,AIPC353T,NLP & Text Analytics,43,30,2,11,2,74.42,DETAINED
UGF23AI196,Lalit Unde,A33,CSE-AIML-A,BIO0196,AIPC353T,NLP & Text Analytics,43,33,1,9,2,79.07,OK
UGF23AI197,Ishaan Apte,B33,CSE-AIML-B,BIO0197,AIPC353T,NLP & Text Analytics,43,0,0,43,0,0.0,DETAINED
UGF23AI198,Chandra Devi Banerjee,C33,CSE-AIML-C,BIO0198,AIPC353T,NLP & Text Analytics,43,34,5,4,1,90.7,OK
UGF23AI199,Yash Ghosh,A34,CSE-AIML-A,BIO0199,AIPC353T,NLP & Text Analytics,43,28,3,12,4,72.09,DETAINED
UGF23AI200,Om Bhatia,B34,CSE-AIML-B,BIO0200,AIPC353T,NLP & Text Analytics,43,27,3,13,0,69.77,DETAINED
UGF23AI201,Chetan Ingole,C34,CSE-AIML-C,BIO0201,AIPC353T,NLP & Text Analytics,43,38,0,5,1,88.37,OK
UGF23AI202,Dayanand Rao Zende,A35,CSE-AIML-A,BIO0202,AIPC353T,NLP & Text Analytics,43,40,3,0,1,100.0,OK
UGF23AI203,Ravi Hegde,B35,CSE-AIML-B,BIO0203,AIPC353T,NLP & Text Analytics,43,37,4,2,2,95.35,OK
UGF23AI204,Priti Ram Dubey,C35,CSE-AIML-C,BIO0204,AIPC353T,NLP & Text Analytics,43,29,6,8,3,81.4,OK
UGF23AI205,Firoz Unde,A36,CSE-AIML-A,BIO0205,AIPC353T,NLP & Text Analytics,43,33,2,8,1,81.4,OK
UGF23AI206,Iqbal Ingle,B36,CSE-AIML-B,BIO0206,AIPC353T,NLP & Text Analytics,43,25,3,15,1,65.12,DETAINED
UGF23AI207,Sarita Devi Unde,C36,CSE-AIML-C,BIO0207,AIPC353T,NLP & Text Analytics,43,32,2,9,0,79.07,OK
UGF23AI208,Akash Rao Rao,A37,CSE-AIML-A,BIO0208,AIPC353T,NLP & Text Analytics,43,35,5,3,2,93.02,OK
UGF23AI209,Rekha Nath Tiwari,B37,CSE-AIML-B,BIO0209,AIPC353T,NLP & Text Analytics,43,31,4,8,0,81.4,OK
UGF23AI210,Seema Mane,C37,CSE-AIML-C,BIO0210,AIPC353T,NLP & Text Analytics,43,33,4,6,0,86.05,OK
UGF23AI211,Hitesh Prakash Gaikwad,A38,CSE-AIML-A,BIO0211,AIPC353T,NLP & Text Analytics,43,0,0,43,0,0.0,DETAINED
UGF23AI212,Vikas Prasad Nair,B38,CSE-AIML-B,BIO0212,AIPC353T,NLP & Text Analytics,43,30,9,4,0,90.7,OK
UGF23AI213,Kiran Chand Mishra,C38,CSE-AIML-C,BIO0213,AIPC353T,NLP & Text Analytics,43,17,4,22,0,48.84,DETAINED
UGF23AI214,Dev Das Londhe,A39,CSE-AIML-A,BIO0214,AIPC353T,NLP & Text Analytics,43,26,7,10,2,76.74,OK
UGF23AI215,Fatima Ram Upadhyay,B39,CSE-AIML-B,BIO0215,AIPC353T,NLP & Text Analytics,43,39,4,0,2,100.0,OK
UGF23AI216,Soham Iyer,C39,CSE-AIML-C,BIO0216,AIPC353T,NLP & Text Analytics,43,26,3,14,1,67.44,DETAINED
UGF23AI217,Tanvi Nath Chopra,A40,CSE-AIML-A,BIO0217,AIPC353T,NLP & Text Analytics,43,23,5,15,0,65.12,DETAINED
UGF23AI218,Gunjan Devi Rao,B40,CSE-AIML-B,BIO0218,AIPC353T,NLP & Text Analytics,43,34,1,8,1,81.4,OK
UGF23AI219,Zara Lal Zende,C40,CSE-AIML-C,BIO0219,AIPC353T,NLP & Text Analytics,43,25,4,14,2,67.44,DETAINED
UGF23AI220,Wasim Bala Nair,A41,CSE-AIML-A,BIO0220,AIPC353T,NLP & Text Analytics,43,25,3,15,1,65.12,DETAINED
UGF23AI221,Lalita Gaikwad,B41,CSE-AIML-B,BIO0221,AIPC353T,NLP & Text Analytics,43,32,3,8,0,81.4,OK
UGF23AI222,Mahesh Wagh,C41,CSE-AIML-C,BIO0222,AIPC353T,NLP & Text Analytics,43,29,4,10,1,76.74,OK
UGF23AI223,Meera Ram Chatterjee,A42,CSE-AIML-A,BIO0223,AIPC353T,NLP & Text Analytics,43,32,4,7,3,83.72,OK
UGF23AI224,Ishaan Raj Wagh,B42,CSE-AIML-B,BIO0224,AIPC353T,NLP & Text Analytics,43,32,6,5,1,88.37,OK
UGF23AI225,Farhan Bala Pawar,C42,CSE-AIML-C,BIO0225,AIPC353T,NLP & Text Analytics,43,30,4,9,2,79.07,OK
UGF23AI226,Aditi Prasad Hivrale,A43,CSE-AIML-A,BIO0226,AIPC353T,NLP & Text Analytics,43,22,2,19,1,55.81,DETAINED
UGF23AI227,Urmila Zende,B43,CSE-AIML-B,BIO0227,AIPC353T,NLP & Text Analytics,43,27,2,14,1,67.44,DETAINED
UGF23AI228,Varun Prakash Raut,C43,CSE-AIML-C,BIO0228,AIPC353T,NLP & Text Analytics,43,27,5,11,2,74.42,DETAINED
UGF23AI229,Kalpesh Bala Hande,A44,CSE-AIML-A,BIO0229,AIPC353T,NLP & Text Analytics,43,28,8,7,1,83.72,OK
UGF23AI230,Nandini Kumar Ingle,B44,CSE-AIML-B,BIO0230,AIPC353T,NLP & Text Analytics,43,25,3,15,2,65.12,DETAINED
UGF23AI231,Vidya Das Kumar,C44,CSE-AIML-C,BIO0231,AIPC353T,NLP & Text Analytics,43,37,4,2,1,95.35,OK
UGF23AI232,Gajanan Raj Tiwari,A45,CSE-AIML-A,BIO0232,AIPC353T,NLP & Text Analytics,43,32,3,8,1,81.4,OK
UGF23AI233,Pankaj Das Upadhyay,B45,CSE-AIML-B,BIO0233,AIPC353T,NLP & Text Analytics,43,29,4,10,1,76.74,OK
UGF23AI234,Faisal Naik,C45,CSE-AIML-C,BIO0234,AIPC353T,NLP & Text Analytics,43,28,1,14,1,67.44,DETAINED
UGF23AI235,Tariq Thakur,A46,CSE-AIML-A,BIO0235,AIPC353T,NLP & Text Analytics,43,28,6,9,1,79.07,OK
UGF23AI236,Chirag Prasad Dalvi,B46,CSE-AIML-B,BIO0236,AIPC353T,NLP & Text Analytics,43,27,2,14,3,67.44,DETAINED
UGF23AI237,Onkar Raj Pillai,C46,CSE-AIML-C,BIO0237,AIPC353T,NLP & Text Analytics,43,35,7,1,1,97.67,OK
UGF23AI238,Aditi Bala Bhange,A47,CSE-AIML-A,BIO0238,AIPC353T,NLP & Text Analytics,43,22,3,18,1,58.14,DETAINED
UGF23AI239,Firoz Reddy,B47,CSE-AIML-B,BIO0239,AIPC353T,NLP & Text Analytics,43,30,4,9,1,79.07,OK
UGF23AI240,Girish Prasad Deshpande,C47,CSE-AIML-C,BIO0240,AIPC353T,NLP & Text Analytics,43,29,2,12,3,72.09,DETAINED
UGF23AI241,Anjali Das Mishra,A48,CSE-AIML-A,BIO0241,AIPC353T,NLP & Text Analytics,43,26,3,14,3,67.44,DETAINED
UGF23AI242,Ravi Das Tiwari,B48,CSE-AIML-B,BIO0242,AIPC353T,NLP & Text Analytics,43,30,8,5,2,88.37,OK
UGF23AI243,Vidya Nair,C48,CSE-AIML-C,BIO0243,AIPC353T,NLP & Text Analytics,43,29,4,10,1,76.74,OK
UGF23AI244,Vidya Shankar Gite,A49,CSE-AIML-A,BIO0244,AIPC353T,NLP & Text Analytics,43,28,8,7,0,83.72,OK
UGF23AI245,Fatima Chand Hatwar,B49,CSE-AIML-B,BIO0245,AIPC353T,NLP & Text Analytics,43,0,0,43,0,0.0,DETAINED
UGF23AI246,Hina Nath Tiwari,C49,CSE-AIML-C,BIO0246,AIPC353T,NLP & Text Analytics,43,37,1,5,0,88.37,OK
UGF23AI247,Zara Prasad Chopra,A50,CSE-AIML-A,BIO0247,AIPC353T,NLP & Text Analytics,43,29,5,9,4,79.07,OK
UGF23AI248,Ritika Das Kale,B50,CSE-AIML-B,BIO0248,AIPC353T,NLP & Text Analytics,43,21,8,14,0,67.44,DETAINED
UGF23AI249,Arjun Ingle,C50,CSE-AIML-C,BIO0249,AIPC353T,NLP & Text Analytics,43,27,2,14,1,67.44,DETAINED
UGF23AI250,Kedar Chatterjee,A51,CSE-AIML-A,BIO0250,AIPC353T,NLP & Text Analytics,43,32,2,9,1,79.07,OK
UGF23AI251,Jayesh Pawar,B51,CSE-AIML-B,BIO0251,AIPC353T,NLP & Text Analytics,43,25,3,15,2,65.12,DETAINED
UGF23AI252,Yamini Das Ahuja,C51,CSE-AIML-C,BIO0252,AIPC353T,NLP & Text Analytics,43,36,5,2,2,95.35,OK
UGF23AI253,Yamini Rao Pillai,A52,CSE-AIML-A,BIO0253,AIPC353T,NLP & Text Analytics,43,25,9,9,0,79.07,OK
UGF23AI254,Priya Ram Ahuja,B52,CSE-AIML-B,BIO0254,AIPC353T,NLP & Text Analytics,43,30,2,11,1,74.42,DETAINED
UGF23AI255,Amrita Rao Banerjee,C52,CSE-AIML-C,BIO0255,AIPC353T,NLP & Text Analytics,43,26,6,11,3,74.42,DETAINED
UGF23AI256,Ravi Lal Verma,A53,CSE-AIML-A,BIO0256,AIPC353T,NLP & Text Analytics,43,29,2,12,0,72.09,DETAINED
UGF23AI257,Vidya Ram Reddy,B53,CSE-AIML-B,BIO0257,AIPC353T,NLP & Text Analytics,43,36,4,3,0,93.02,OK
UGF23AI258,Deepika Kumar,C53,CSE-AIML-C,BIO0258,AIPC353T,NLP & Text Analytics,43,28,7,8,1,81.4,OK
UGF23AI259,Deepika Kharat,A54,CSE-AIML-A,BIO0259,AIPC353T,NLP & Text Analytics,43,24,5,14,1,67.44,DETAINED
UGF23AI260,Seema Sai Chopra,B54,CSE-AIML-B,BIO0260,AIPC353T,NLP & Text Analytics,43,30,2,11,3,74.42,DETAINED
UGF23AI261,Girish Bhange,C54,CSE-AIML-C,BIO0261,AIPC353T,NLP & Text Analytics,43,27,7,9,1,79.07,OK
UGF23AI262,Gaurav Hivrale,A55,CSE-AIML-A,BIO0262,AIPC353T,NLP & Text Analytics,43,38,4,1,3,97.67,OK
UGF23AI263,Vidya Chand Waghmare,B55,CSE-AIML-B,BIO0263,AIPC353T,NLP & Text Analytics,43,30,3,10,0,76.74,OK
UGF23AI264,Esha Das Bhange,C55,CSE-AIML-C,BIO0264,AIPC353T,NLP & Text Analytics,43,30,1,12,1,72.09,DETAINED
UGF23AI265,Divya Ram Junghare,A56,CSE-AIML-A,BIO0265,AIPC353T,NLP & Text Analytics,43,28,2,13,1,69.77,DETAINED
UGF23AI266,Geeta Prakash Nair,B56,CSE-AIML-B,BIO0266,AIPC353T,NLP & Text Analytics,43,27,3,13,1,69.77,DETAINED
UGF23AI267,Jiya Devi Hatwar,C56,CSE-AIML-C,BIO0267,AIPC353T,NLP & Text Analytics,43,22,2,19,2,55.81,DETAINED
UGF23AI268,Aditya Pillai,A57,CSE-AIML-A,BIO0268,AIPC353T,NLP & Text Analytics,43,28,4,11,1,74.42,DETAINED
UGF23AI269,Nikhil Prakash Bhatia,B57,CSE-AIML-B,BIO0269,AIPC353T,NLP & Text Analytics,43,27,3,13,2,69.77,DETAINED
UGF23AI270,Sakshi Ingle,C57,CSE-AIML-C,BIO0270,AIPC353T,NLP & Text Analytics,43,30,2,11,1,74.42,DETAINED
UGF23AI271,Kiran Tiwari,A58,CSE-AIML-A,BIO0271,AIPC353T,NLP & Text Analytics,43,30,4,9,2,79.07,OK
UGF23AI272,Sneha Prakash Londhe,B58,CSE-AIML-B,BIO0272,AIPC353T,NLP & Text Analytics,43,31,8,4,5,90.7,OK
UGF23AI273,Dev Sai Pawar,C58,CSE-AIML-C,BIO0273,AIPC353T,NLP & Text Analytics,43,30,7,6,2,86.05,OK
UGF23AI274,Mithun Sai Waghmare,A59,CSE-AIML-A,BIO0274,AIPC353T,NLP & Text Analytics,43,34,7,2,1,95.35,OK
UGF23AI275,Vishal Sai Shah,B59,CSE-AIML-B,BIO0275,AIPC353T,NLP & Text Analytics,43,29,2,12,1,72.09,DETAINED
UGF23AI276,Anika Shah,C59,CSE-AIML-C,BIO0276,AIPC353T,NLP & Text Analytics,43,27,5,11,3,74.42,DETAINED
UGF23AI277,Ekta Chatterjee,A60,CSE-AIML-A,BIO0277,AIPC353T,NLP & Text Analytics,43,20,8,15,3,65.12,DETAINED
UGF23AI278,Disha Sai Lokhande,B60,CSE-AIML-B,BIO0278,AIPC353T,NLP & Text Analytics,43,32,2,9,2,79.07,OK
UGF23AI279,Ila Devi Dange,C60,CSE-AIML-C,BIO0279,AIPC353T,NLP & Text Analytics,43,32,3,8,2,81.4,OK
UGF23AI280,Kalpesh Prakash Hande,A61,CSE-AIML-A,BIO0280,AIPC353T,NLP & Text Analytics,43,30,2,11,0,74.42,DETAINED
UGF23AI281,Rohit Bala Mehta,B61,CSE-AIML-B,BIO0281,AIPC353T,NLP & Text Analytics,43,35,3,5,1,88.37,OK
UGF23AI282,Onkar Nath Ambhore,C61,CSE-AIML-C,BIO0282,AIPC353T,NLP & Text Analytics,43,35,7,1,4,97.67,OK
UGF23AI283,Disha Pawar,A62,CSE-AIML-A,BIO0283,AIPC353T,NLP & Text Analytics,43,26,4,13,3,69.77,DETAINED
UGF23AI284,Soham Nath Kale,B62,CSE-AIML-B,BIO0284,AIPC353T,NLP & Text Analytics,43,23,8,12,0,72.09,DETAINED
UGF23AI285,Ila Raj Ingole,C62,CSE-AIML-C,BIO0285,AIPC353T,NLP & Text Analytics,43,35,6,2,3,95.35,OK
UGF23AI286,Rohit Shankar Hande,A63,CSE-AIML-A,BIO0286,AIPC353T,NLP & Text Analytics,43,25,8,10,0,76.74,OK
UGF23AI287,Indira Bhatia,B63,CSE-AIML-B,BIO0287,AIPC353T,NLP & Text Analytics,43,37,6,0,3,100.0,OK
UGF23AI288,Babita Lal Kulkarni,C63,CSE-AIML-C,BIO0288,AIPC353T,NLP & Text Analytics,43,31,5,7,1,83.72,OK
UGF23AI289,Hemant Chand More,A64,CSE-AIML-A,BIO0289,AIPC353T,NLP & Text Analytics,43,36,5,2,3,95.35,OK
UGF23AI290,Tariq Shankar Pawar,B64,CSE-AIML-B,BIO0290,AIPC353T,NLP & Text Analytics,43,25,3,15,0,65.12,DETAINED
UGF23AI291,Mukesh Verma,C64,CSE-AIML-C,BIO0291,AIPC353T,NLP & Text Analytics,43,24,1,18,3,58.14,DETAINED
UGF23AI292,Anjali Chand Nair,A65,CSE-AIML-A,BIO0292,AIPC353T,NLP & Text Analytics,43,25,4,14,5,67.44,DETAINED
UGF23AI293,Divya Lal Hande,B65,CSE-AIML-B,BIO0293,AIPC353T,NLP & Text Analytics,43,28,4,11,1,74.42,DETAINED
UGF23AI294,Harsha Prasad Shah,C65,CSE-AIML-C,BIO0294,AIPC353T,NLP & Text Analytics,43,33,1,9,3,79.07,OK
UGF23AI295,Ekta Shankar Yadav,A66,CSE-AIML-A,BIO0295,AIPC353T,NLP & Text Analytics,43,26,6,11,0,74.42,DETAINED
UGF23AI296,Manish Das Upadhyay,B66,CSE-AIML-B,BIO0296,AIPC353T,NLP & Text Analytics,43,26,4,13,2,69.77,DETAINED
UGF23AI297,Jatin Ghosh,C66,CSE-AIML-C,BIO0297,AIPC353T,NLP & Text Analytics,43,42,1,0,4,100.0,OK
UGF23AI298,Nilesh Ram Kulkarni,A67,CSE-AIML-A,BIO0298,AIPC353T,NLP & Text Analytics,43,27,3,13,1,69.77,DETAINED
UGF23AI299,Bhavna Raj Bhosale,B67,CSE-AIML-B,BIO0299,AIPC353T,NLP & Text Analytics,43,22,2,19,2,55.81,DETAINED
UGF23AI300,Gaurav Jain,C67,CSE-AIML-C,BIO0300,AIPC353T,NLP & Text Analytics,43,31,2,10,1,76.74,OK
UGF23AI301,Kalpesh Mishra,A68,CSE-AIML-A,BIO0301,AIPC353T,NLP & Text Analytics,43,27,4,12,0,72.09,DETAINED
UGF23AI302,Lakshmi Chand Patil,B68,CSE-AIML-B,BIO0302,AIPC353T,NLP & Text Analytics,43,39,1,3,2,93.02,OK
UGF23AI303,Nikhil Rao Agarwal,C68,CSE-AIML-C,BIO0303,AIPC353T,NLP & Text Analytics,43,29,4,10,3,76.74,OK
UGF23AI304,Mohit Nath Kumar,A69,CSE-AIML-A,BIO0304,AIPC353T,NLP & Text Analytics,43,28,3,12,2,72.09,DETAINED
UGF23AI305,Iqbal Raj Chopra,B69,CSE-AIML-B,BIO0305,AIPC353T,NLP & Text Analytics,43,24,3,16,3,62.79,DETAINED
UGF23AI306,Esha Bala Pandey,C69,CSE-AIML-C,BIO0306,AIPC353T,NLP & Text Analytics,43,35,0,8,2,81.4,OK
UGF23AI307,Abhishek Kumar Fernandes,A70,CSE-AIML-A,BIO0307,AIPC353T,NLP & Text Analytics,43,0,0,43,0,0.0,DETAINED
UGF23AI308,Harsha Raj Mukherjee,B70,CSE-AIML-B,BIO0308,AIPC353T,NLP & Text Analytics,43,31,2,10,2,76.74,OK
UGF23AI309,Lakshmi Das Wagh,C70,CSE-AIML-C,BIO0309,AIPC353T,NLP & Text Analytics,43,28,3,12,1,72.09,DETAINED
UGF23AI310,Nikhil Lokhande,A71,CSE-AIML-A,BIO0310,AIPC353T,NLP & Text Analytics,43,36,5,2,0,95.35,OK
UGF23AI311,Bharat Singh,B71,CSE-AIML-B,BIO0311,AIPC353T,NLP & Text Analytics,43,23,3,17,0,60.47,DETAINED
UGF23AI312,Girish Ambhore,C71,CSE-AIML-C,BIO0312,AIPC353T,NLP & Text Analytics,43,26,3,14,0,67.44,DETAINED
UGF23AI313,Tariq Prakash More,A72,CSE-AIML-A,BIO0313,AIPC353T,NLP & Text Analytics,43,23,5,15,2,65.12,DETAINED
UGF23AI314,Yamini Ram Patil,B72,CSE-AIML-B,BIO0314,AIPC353T,NLP & Text Analytics,43,25,4,14,1,67.44,DETAINED
UGF23AI315,Om Chand Upadhyay,C72,CSE-AIML-C,BIO0315,AIPC353T,NLP & Text Analytics,43,24,3,16,1,62.79,DETAINED
UGF23AI316,Manish Sai Iyer,A73,CSE-AIML-A,BIO0316,AIPC353T,NLP & Text Analytics,43,26,3,14,1,67.44,DETAINED
UGF23AI317,Siddharth Nath Patel,B73,CSE-AIML-B,BIO0317,AIPC353T,NLP & Text Analytics,43,0,0,43,0,0.0,DETAINED
UGF23AI318,Rohit Chand Vaghmare,C73,CSE-AIML-C,BIO0318,AIPC353T,NLP & Text Analytics,43,37,6,0,2,100.0,OK
UGF23AI319,Anika Rao Bhange,A74,CSE-AIML-A,BIO0319,AIPC353T,NLP & Text Analytics,43,21,4,18,1,58.14,DETAINED
UGF23AI320,Rekha Kumar Fernandes,B74,CSE-AIML-B,BIO0320,AIPC353T,NLP & Text Analytics,43,33,2,8,1,81.4,OK
UGF23AI321,Yamini Londhe,C74,CSE-AIML-C,BIO0321,AIPC353T,NLP & Text Analytics,43,31,5,7,3,83.72,OK
UGF23AI322,Nisha Kharat,A75,CSE-AIML-A,BIO0322,AIPC353T,NLP & Text Analytics,43,35,4,4,1,90.7,OK
UGF23AI323,Kamla Kumar,B75,CSE-AIML-B,BIO0323,AIPC353T,NLP & Text Analytics,43,24,4,15,0,65.12,DETAINED
UGF23AI324,Gunjan Devi Fernandes,C75,CSE-AIML-C,BIO0324,AIPC353T,NLP & Text Analytics,43,37,6,0,4,100.0,OK
UGF23AI325,Gunjan Sai Pawar,A76,CSE-AIML-A,BIO0325,AIPC353T,NLP & Text Analytics,43,27,3,13,1,69.77,DETAINED
UGF23AI326,Vanshika Chand Shah,B76,CSE-AIML-B,BIO0326,AIPC353T,NLP & Text Analytics,43,34,7,2,2,95.35,OK
UGF23AI327,Nikhil Hivrale,C76,CSE-AIML-C,BIO0327,AIPC353T,NLP & Text Analytics,43,27,4,12,2,72.09,DETAINED
UGF23AI328,Chetna Yadav,A77,CSE-AIML-A,BIO0328,AIPC353T,NLP & Text Analytics,43,37,4,2,0,95.35,OK
UGF23AI329,Pallavi Prasad Banerjee,B77,CSE-AIML-B,BIO0329,AIPC353T,NLP & Text Analytics,43,15,7,21,3,51.16,DETAINED
UGF23AI330,Omkar Chand Lal,C77,CSE-AIML-C,BIO0330,AIPC353T,NLP & Text Analytics,43,32,7,4,1,90.7,OK
UGF23AI331,Isha Mane,A78,CSE-AIML-A,BIO0331,AIPC353T,NLP & Text Analytics,43,35,6,2,0,95.35,OK
UGF23AI332,Ramesh Shankar Kulkarni,B78,CSE-AIML-B,BIO0332,AIPC353T,NLP & Text Analytics,43,27,8,8,0,81.4,OK
UGF23AI333,Chetna Ram Upadhyay,C78,CSE-AIML-C,BIO0333,AIPC353T,NLP & Text Analytics,43,37,5,1,1,97.67,OK
UGF23AI334,Esha Prasad Vaidya,A79,CSE-AIML-A,BIO0334,AIPC353T,NLP & Text Analytics,43,21,3,19,0,55.81,DETAINED
UGF23AI335,Gunjan Ram Nambiar,B79,CSE-AIML-B,BIO0335,AIPC353T,NLP & Text Analytics,43,37,3,3,3,93.02,OK
UGF23AI336,Ritika Lal Ahuja,C79,CSE-AIML-C,BIO0336,AIPC353T,NLP & Text Analytics,43,31,4,8,3,81.4,OK
UGF23AI337,Jagdish More,A80,CSE-AIML-A,BIO0337,AIPC353T,NLP & Text Analytics,43,20,4,19,0,55.81,DETAINED
UGF23AI338,Farhan Shankar Mishra,B80,CSE-AIML-B,BIO0338,AIPC353T,NLP & Text Analytics,43,28,6,9,2,79.07,OK
UGF23AI339,Sumit Jadhav,C80,CSE-AIML-C,BIO0339,AIPC353T,NLP & Text Analytics,43,20,9,14,0,67.44,DETAINED
UGF23AI340,Neha Kaur,A81,CSE-AIML-A,BIO0340,AIPC353T,NLP & Text Analytics,43,21,3,19,1,55.81,DETAINED
UGF23AI341,Jatin Bala Upadhyay,B81,CSE-AIML-B,BIO0341,AIPC353T,NLP & Text Analytics,43,34,3,6,0,86.05,OK
UGF23AI342,Indira Vaidya,C81,CSE-AIML-C,BIO0342,AIPC353T,NLP & Text Analytics,43,25,5,13,1,69.77,DETAINED
UGF23AI343,Wasim Das Mishra,A82,CSE-AIML-A,BIO0343,AIPC353T,NLP & Text Analytics,43,33,5,5,4,88.37,OK
UGF23AI344,Faisal Shankar Gaikwad,B82,CSE-AIML-B,BIO0344,AIPC353T,NLP & Text Analytics,43,25,7,11,5,74.42,DETAINED
UGF23AI345,Gajanan Chand Ambhore,C82,CSE-AIML-C,BIO0345,AIPC353T,NLP & Text Analytics,43,31,4,8,0,81.4,OK
UGF23AI346,Kunal Gupta,A83,CSE-AIML-A,BIO0346,AIPC353T,NLP & Text Analytics,43,23,6,14,2,67.44,DETAINED
UGF23AI347,Amol Lal Tiwari,B83,CSE-AIML-B,BIO0347,AIPC353T,NLP & Text Analytics,43,0,0,43,0,0.0,DETAINED
UGF23AI348,Aarav Upadhyay,C83,CSE-AIML-C,BIO0348,AIPC353T,NLP & Text Analytics,43,37,4,2,5,95.35,OK
UGF23AI349,Eshaan Kumar Kumar,A84,CSE-AIML-A,BIO0349,AIPC353T,NLP & Text Analytics,43,26,5,12,2,72.09,DETAINED
UGF23AI350,Farhan Rao Banerjee,B84,CSE-AIML-B,BIO0350,AIPC353T,NLP & Text Analytics,43,26,4,13,1,69.77,DETAINED
UGF23AI351,Gunjan Lal Gaikwad,C84,CSE-AIML-C,BIO0351,AIPC353T,NLP & Text Analytics,43,28,3,12,1,72.09,DETAINED
UGF23AI352,Anjali Raj Naik,A85,CSE-AIML-A,BIO0352,AIPC353T,NLP & Text Analytics,43,27,3,13,3,69.77,DETAINED
UGF23AI353,Dhruv Prasad Zende,B85,CSE-AIML-B,BIO0353,AIPC353T,NLP & Text Analytics,43,31,3,9,1,79.07,OK
UGF23AI354,Iqbal Prasad Salve,C85,CSE-AIML-C,BIO0354,AIPC353T,NLP & Text Analytics,43,25,9,9,3,79.07,OK
UGF23AI355,Hina Bala Agarwal,A86,CSE-AIML-A,BIO0355,AIPC353T,NLP & Text Analytics,43,29,3,11,2,74.42,DETAINED
UGF23AI356,Harsha Joshi,B86,CSE-AIML-B,BIO0356,AIPC353T,NLP & Text Analytics,43,32,6,5,0,88.37,OK
UGF23AI357,Anjali Ram Gangurde,C86,CSE-AIML-C,BIO0357,AIPC353T,NLP & Text Analytics,43,34,6,3,2,93.02,OK
UGF23AI358,Harsha Rao Gaikwad,A87,CSE-AIML-A,BIO0358,AIPC353T,NLP & Text Analytics,43,27,2,14,1,67.44,DETAINED
UGF23AI359,Bharat Raj Agarwal,B87,CSE-AIML-B,BIO0359,AIPC353T,NLP & Text Analytics,43,32,3,8,1,81.4,OK
UGF23AI360,Sumit Prasad Dalvi,C87,CSE-AIML-C,BIO0360,AIPC353T,NLP & Text Analytics,43,30,4,9,0,79.07,OK
UGF23AI361,Firoz Das Narwade,A88,CSE-AIML-A,BIO0361,AIPC353T,NLP & Text Analytics,43,32,8,3,1,93.02,OK
UGF23AI362,Divya Das,B88,CSE-AIML-B,BIO0362,AIPC353T,NLP & Text Analytics,43,35,4,4,0,90.7,OK
UGF23AI363,Madhuri Devi Pawar,C88,CSE-AIML-C,BIO0363,AIPC353T,NLP & Text Analytics,43,34,6,3,1,93.02,OK
UGF23AI364,Disha Shankar Kale,A89,CSE-AIML-A,BIO0364,AIPC353T,NLP & Text Analytics,43,26,3,14,2,67.44,DETAINED
UGF23AI365,Rajesh Das Hatwar,B89,CSE-AIML-B,BIO0365,AIPC353T,NLP & Text Analytics,43,28,1,14,1,67.44,DETAINED
UGF23AI366,Kalpesh Shankar Ghosh,C89,CSE-AIML-C,BIO0366,AIPC353T,NLP & Text Analytics,43,33,7,3,3,93.02,OK
UGF23AI367,Madhuri Hande,A90,CSE-AIML-A,BIO0367,AIPC353T,NLP & Text Analytics,43,36,4,3,3,93.02,OK
UGF23AI368,Nisha Lal Shah,B90,CSE-AIML-B,BIO0368,AIPC353T,NLP & Text Analytics,43,0,0,43,0,0.0,DETAINED
UGF23AI369,Manish Sai Junghare,C90,CSE-AIML-C,BIO0369,AIPC353T,NLP & Text Analytics,43,36,5,2,2,95.35,OK
UGF23AI370,Lakshmi Nath Raut,A91,CSE-AIML-A,BIO0370,AIPC353T,NLP & Text Analytics,43,34,7,2,3,95.35,OK
UGF23AI371,Wasim Prasad Patel,B91,CSE-AIML-B,BIO0371,AIPC353T,NLP & Text Analytics,43,30,2,11,1,74.42,DETAINED
UGF23AI372,Bhushan Raj Kadam,C91,CSE-AIML-C,BIO0372,AIPC353T,NLP & Text Analytics,43,26,10,7,3,83.72,OK
UGF23AI373,Mukesh Ram Zende,A92,CSE-AIML-A,BIO0373,AIPC353T,NLP & Text Analytics,43,38,3,2,3,95.35,OK
UGF23AI374,Bhushan Iyer,B92,CSE-AIML-B,BIO0374,AIPC353T,NLP & Text Analytics,43,22,6,15,2,65.12,DETAINED
UGF23AI375,Geeta Chand Hatwar,C92,CSE-AIML-C,BIO0375,AIPC353T,NLP & Text Analytics,43,29,10,4,1,90.7,OK
UGF23AI376,Faisal Kadam,A93,CSE-AIML-A,BIO0376,AIPC353T,NLP & Text Analytics,43,30,2,11,1,74.42,DETAINED
UGF23AI377,Zara Das Kaur,B93,CSE-AIML-B,BIO0377,AIPC353T,NLP & Text Analytics,43,0,0,43,0,0.0,DETAINED
UGF23AI378,Zara Nambiar,C93,CSE-AIML-C,BIO0378,AIPC353T,NLP & Text Analytics,43,36,3,4,2,90.7,OK
UGF23AI379,Chetan Salve,A94,CSE-AIML-A,BIO0379,AIPC353T,NLP & Text Analytics,43,27,6,10,5,76.74,OK
UGF23AI380,Mahesh Shankar Gangurde,B94,CSE-AIML-B,BIO0380,AIPC353T,NLP & Text Analytics,43,27,5,11,2,74.42,DETAINED
UGF23AI381,Faisal Das Saxena,C94,CSE-AIML-C,BIO0381,AIPC353T,NLP & Text Analytics,43,33,3,7,3,83.72,OK
UGF23AI382,Geeta Raj Joshi,A95,CSE-AIML-A,BIO0382,AIPC353T,NLP & Text Analytics,43,24,4,15,0,65.12,DETAINED
UGF23AI383,Ravi Lal Bhosale,B95,CSE-AIML-B,BIO0383,AIPC353T,NLP & Text Analytics,43,29,4,10,3,76.74,OK
UGF23AI384,Gaurav Bala Jain,C95,CSE-AIML-C,BIO0384,AIPC353T,NLP & Text Analytics,43,32,2,9,0,79.07,OK
UGF23AI385,Om Gupta,A96,CSE-AIML-A,BIO0385,AIPC353T,NLP & Text Analytics,43,28,8,7,2,83.72,OK
UGF23AI386,Sarita Das Desai,B96,CSE-AIML-B,BIO0386,AIPC353T,NLP & Text Analytics,43,30,7,6,2,86.05,OK
UGF23AI387,Jayesh Nath Hatwar,C96,CSE-AIML-C,BIO0387,AIPC353T,NLP & Text Analytics,43,31,5,7,2,83.72,OK
UGF23AI388,Jiya Nath Junghare,A97,CSE-AIML-A,BIO0388,AIPC353T,NLP & Text Analytics,43,36,5,2,2,95.35,OK
UGF23AI389,Geeta Prakash Hande,B97,CSE-AIML-B,BIO0389,AIPC353T,NLP & Text Analytics,43,22,4,17,2,60.47,DETAINED
UGF23AI390,Urmila Pillai,C97,CSE-AIML-C,BIO0390,AIPC353T,NLP & Text Analytics,43,31,5,7,1,83.72,OK
UGF23AI391,Rekha Rao Singh,A98,CSE-AIML-A,BIO0391,AIPC353T,NLP & Text Analytics,43,26,4,13,0,69.77,DETAINED
UGF23AI392,Kedar Singh,B98,CSE-AIML-B,BIO0392,AIPC353T,NLP & Text Analytics,43,29,8,6,0,86.05,OK
UGF23AI393,Dhruv Das Takle,C98,CSE-AIML-C,BIO0393,AIPC353T,NLP & Text Analytics,43,24,3,16,1,62.79,DETAINED
UGF23AI394,Om Nath Londhe,A99,CSE-AIML-A,BIO0394,AIPC353T,NLP & Text Analytics,43,35,1,7,0,83.72,OK
UGF23AI395,Hina Kumar Pandey,B99,CSE-AIML-B,BIO0395,AIPC353T,NLP & Text Analytics,43,37,5,1,3,97.67,OK
UGF23AI396,Wasim Prakash Ingle,C99,CSE-AIML-C,BIO0396,AIPC353T,NLP & Text Analytics,43,27,7,9,4,79.07,OK
UGF23AI397,Nandini Deshpande,A100,CSE-AIML-A,BIO0397,AIPC353T,NLP & Text Analytics,43,25,5,13,2,69.77,DETAINED
UGF23AI398,Babita Fulzele,B100,CSE-AIML-B,BIO0398,AIPC353T,NLP & Text Analytics,43,34,4,5,1,88.37,OK
UGF23AI399,Hitesh Sai Takle,C100,CSE-AIML-C,BIO0399,AIPC353T,NLP & Text Analytics,43,29,3,11,1,74.42,DETAINED
UGF23AI100,Namrata Prasad Patel,A01,CSE-AIML-A,BIO0100,AIPC354T,Cloud Computing,43,31,2,10,0,76.74,OK
UGF23AI101,Jatin Kumar Ambhore,B01,CSE-AIML-B,BIO0101,AIPC354T,Cloud Computing,43,28,4,11,0,74.42,DETAINED
UGF23AI102,Mohit Shankar Gaikwad,C01,CSE-AIML-C,BIO0102,AIPC354T,Cloud Computing,43,29,3,11,4,74.42,DETAINED
UGF23AI103,Suresh Londhe,A02,CSE-AIML-A,BIO0103,AIPC354T,Cloud Computing,43,33,4,6,1,86.05,OK
UGF23AI104,Anjali Nath More,B02,CSE-AIML-B,BIO0104,AIPC354T,Cloud Computing,43,27,4,12,1,72.09,DETAINED
UGF23AI105,Vikas Raj Mukherjee,C02,CSE-AIML-C,BIO0105,AIPC354T,Cloud Computing,43,24,3,16,4,62.79,DETAINED
UGF23AI106,Manish Das Ambhore,A03,CSE-AIML-A,BIO0106,AIPC354T,Cloud Computing,43,33,5,5,4,88.37,OK
UGF23AI107,Mohit Nath Gangurde,B03,CSE-AIML-B,BIO0107,AIPC354T,Cloud Computing,43,36,2,5,2,88.37,OK
UGF23AI108,Kamla Ram Mehta,C03,CSE-AIML-C,BIO0108,AIPC354T,Cloud Computing,43,29,4,10,4,76.74,OK
UGF23AI109,Mohit Rao Agarwal,A04,CSE-AIML-A,BIO0109,AIPC354T,Cloud Computing,43,19,1,23,1,46.51,DETAINED
UGF23AI110,Farhan Nair,B04,CSE-AIML-B,BIO0110,AIPC354T,Cloud Computing,43,33,8,2,1,95.35,OK
UGF23AI111,Mithun Iyer,C04,CSE-AIML-C,BIO0111,AIPC354T,Cloud Computing,43,29,4,10,2,76.74,OK
UGF23AI112,Ravi Kumar Joshi,A05,CSE-AIML-A,BIO0112,AIPC354T,Cloud Computing,43,33,4,6,0,86.05,OK
UGF23AI113,Farhan Dange,B05,CSE-AIML-B,BIO0113,AIPC354T,Cloud Computing,43,36,2,5,3,88.37,OK
UGF23AI114,Onkar Prasad Mishra,C05,CSE-AIML-C,BIO0114,AIPC354T,Cloud Computing,43,33,6,4,4,90.7,OK
UGF23AI115,Divya Zende,A06,CSE-AIML-A,BIO0115,AIPC354T,Cloud Computing,43,33,9,1,0,97.67,OK
UGF23AI116,Nikhil Prakash Hatwar,B06,CSE-AIML-B,BIO0116,AIPC354T,Cloud Computing,43,37,3,3,1,93.02,OK
UGF23AI117,Bhushan Raj Chatterjee,C06,CSE-AIML-C,BIO0117,AIPC354T,Cloud Computing,43,29,2,12,1,72.09,DETAINED
UGF23AI118,Gunjan Pandey,A07,CSE-AIML-A,BIO0118,AIPC354T,Cloud Computing,43,20,3,20,0,53.49,DETAINED
UGF23AI119,Fatima Lal Ahuja,B07,CSE-AIML-B,BIO0119,AIPC354T,Cloud Computing,43,33,9,1,0,97.67,OK
UGF23AI120,Farhan Devi Pandey,C07,CSE-AIML-C,BIO0120,AIPC354T,Cloud Computing,43,36,6,1,1,97.67,OK
UGF23AI121,Manish Chand Mehta,A08,CSE-AIML-A,BIO0121,AIPC354T,Cloud Computing,43,34,4,5,1,88.37,OK
UGF23AI122,Iqbal Raj Pillai,B08,CSE-AIML-B,BIO0122,AIPC354T,Cloud Computing,43,28,4,11,2,74.42,DETAINED
UGF23AI123,Kavya Devi Yadav,C08,CSE-AIML-C,BIO0123,AIPC354T,Cloud Computing,43,0,0,43,0,0.0,DETAINED
UGF23AI124,Priya Das Shah,A09,CSE-AIML-A,BIO0124,AIPC354T,Cloud Computing,43,37,1,5,4,88.37,OK
UGF23AI125,Hina Das Thakur,B09,CSE-AIML-B,BIO0125,AIPC354T,Cloud Computing,43,21,6,16,0,62.79,DETAINED
UGF23AI126,Rajesh Shankar Chavan,C09,CSE-AIML-C,BIO0126,AIPC354T,Cloud Computing,43,30,1,12,2,72.09,DETAINED
UGF23AI127,Indira Sai Hegde,A10,CSE-AIML-A,BIO0127,AIPC354T,Cloud Computing,43,40,3,0,2,100.0,OK
UGF23AI128,Amrita Shankar Londhe,B10,CSE-AIML-B,BIO0128,AIPC354T,Cloud Computing,43,35,3,5,1,88.37,OK
UGF23AI129,Chetna Lal Ghosh,C10,CSE-AIML-C,BIO0129,AIPC354T,Cloud Computing,43,30,7,6,1,86.05,OK
UGF23AI130,Lalit Shankar Salve,A11,CSE-AIML-A,BIO0130,AIPC354T,Cloud Computing,43,27,4,12,1,72.09,DETAINED
UGF23AI131,Pooja Lal Patel,B11,CSE-AIML-B,BIO0131,AIPC354T,Cloud Computing,43,26,3,14,2,67.44,DETAINED
UGF23AI132,Abhishek Kumar Shah,C11,CSE-AIML-C,BIO0132,AIPC354T,Cloud Computing,43,38,5,0,4,100.0,OK
UGF23AI133,Indira Ram Ingole,A12,CSE-AIML-A,BIO0133,AIPC354T,Cloud Computing,43,35,4,4,1,90.7,OK
UGF23AI134,Wasim Nambiar,B12,CSE-AIML-B,BIO0134,AIPC354T,Cloud Computing,43,34,4,5,1,88.37,OK
UGF23AI135,Dev Sai Dalvi,C12,CSE-AIML-C,BIO0135,AIPC354T,Cloud Computing,43,37,4,2,1,95.35,OK
UGF23AI136,Jagdish Naik,A13,CSE-AIML-A,BIO0136,AIPC354T,Cloud Computing,43,21,7,15,2,65.12,DETAINED
UGF23AI137,Sarita Prakash Bhatia,B13,CSE-AIML-B,BIO0137,AIPC354T,Cloud Computing,43,32,1,10,1,76.74,OK
UGF23AI138,Shruti Prakash Das,C13,CSE-AIML-C,BIO0138,AIPC354T,Cloud Computing,43,23,3,17,3,60.47,DETAINED
UGF23AI139,Zara Das Rao,A14,CSE-AIML-A,BIO0139,AIPC354T,Cloud Computing,43,23,7,13,1,69.77,DETAINED
UGF23AI140,Sandeep Rao Bhatia,B14,CSE-AIML-B,BIO0140,AIPC354T,Cloud Computing,43,29,1,13,2,69.77,DETAINED
UGF23AI141,Devika Shankar Joshi,C14,CSE-AIML-C,BIO0141,AIPC354T,Cloud Computing,43,33,2,8,5,81.4,OK
UGF23AI142,Chetan Devi Raut,A15,CSE-AIML-A,BIO0142,AIPC354T,Cloud Computing,43,34,8,1,1,97.67,OK
UGF23AI143,Siddharth Vaghmare,B15,CSE-AIML-B,BIO0143,AIPC354T,Cloud Computing,43,26,4,13,0,69.77,DETAINED
UGF23AI144,Tejas Ram Deshpande,C15,CSE-AIML-C,BIO0144,AIPC354T,Cloud Computing,43,23,5,15,2,65.12,DETAINED
UGF23AI145,Hina Ambhore,A16,CSE-AIML-A,BIO0145,AIPC354T,Cloud Computing,43,34,0,9,1,79.07,OK
UGF23AI146,Yogesh Rao Gangurde,B16,CSE-AIML-B,BIO0146,AIPC354T,Cloud Computing,43,38,3,2,3,95.35,OK
UGF23AI147,Abhishek Nath Ghosh,C16,CSE-AIML-C,BIO0147,AIPC354T,Cloud Computing,43,25,2,16,0,62.79,DETAINED
UGF23AI148,Chandra Kulkarni,A17,CSE-AIML-A,BIO0148,AIPC354T,Cloud Computing,43,31,5,7,1,83.72,OK
UGF23AI149,Om Raj Reddy,B17,CSE-AIML-B,BIO0149,AIPC354T,Cloud Computing,43,23,3,17,4,60.47,DETAINED
UGF23AI150,Sakshi Prasad Ambhore,C17,CSE-AIML-C,BIO0150,AIPC354T,Cloud Computing,43,36,4,3,1,93.02,OK
UGF23AI151,Gajanan Prasad Jain,A18,CSE-AIML-A,BIO0151,AIPC354T,Cloud Computing,43,27,5,11,2,74.42,DETAINED
UGF23AI152,Ritika Bala Vaidya,B18,CSE-AIML-B,BIO0152,AIPC354T,Cloud Computing,43,37,3,3,0,93.02,OK
UGF23AI153,Tariq Lal Joshi,C18,CSE-AIML-C,BIO0153,AIPC354T,Cloud Computing,43,29,3,11,0,74.42,DETAINED
UGF23AI154,Tejas Nair,A19,CSE-AIML-A,BIO0154,AIPC354T,Cloud Computing,43,38,4,1,3,97.67,OK
UGF23AI155,Tushar Chand Dange,B19,CSE-AIML-B,BIO0155,AIPC354T,Cloud Computing,43,37,5,1,2,97.67,OK
UGF23AI156,Pallavi Rao Dalvi,C19,CSE-AIML-C,BIO0156,AIPC354T,Cloud Computing,43,19,6,18,1,58.14,DETAINED
UGF23AI157,Harsha Ram Reddy,A20,CSE-AIML-A,BIO0157,AIPC354T,Cloud Computing,43,32,2,9,1,79.07,OK
UGF23AI158,Jagdish Raj Jain,B20,CSE-AIML-B,BIO0158,AIPC354T,Cloud Computing,43,23,5,15,1,65.12,DETAINED
UGF23AI159,Ravi Prasad Lokhande,C20,CSE-AIML-C,BIO0159,AIPC354T,Cloud Computing,43,28,2,13,2,69.77,DETAINED
UGF23AI160,Pankaj Salve,A21,CSE-AIML-A,BIO0160,AIPC354T,Cloud Computing,43,36,5,2,2,95.35,OK
UGF23AI161,Madhuri Narwade,B21,CSE-AIML-B,BIO0161,AIPC354T,Cloud Computing,43,22,2,19,1,55.81,DETAINED
UGF23AI162,Hemant Naik,C21,CSE-AIML-C,BIO0162,AIPC354T,Cloud Computing,43,40,1,2,3,95.35,OK
UGF23AI163,Aditi Lal Dalvi,A22,CSE-AIML-A,BIO0163,AIPC354T,Cloud Computing,43,28,3,12,1,72.09,DETAINED
UGF23AI164,Vanshika Waghmare,B22,CSE-AIML-B,BIO0164,AIPC354T,Cloud Computing,43,32,1,10,2,76.74,OK
UGF23AI165,Abhishek Bala Patel,C22,CSE-AIML-C,BIO0165,AIPC354T,Cloud Computing,43,25,1,17,2,60.47,DETAINED
UGF23AI166,Gaurav Naik,A23,CSE-AIML-A,BIO0166,AIPC354T,Cloud Computing,43,36,5,2,6,95.35,OK
UGF23AI167,Tushar Agarwal,B23,CSE-AIML-B,BIO0167,AIPC354T,Cloud Computing,43,0,0,43,0,0.0,DETAINED
UGF23AI168,Dhruv Kadam,C23,CSE-AIML-C,BIO0168,AIPC354T,Cloud Computing,43,36,2,5,1,88.37,OK
UGF23AI169,Ritika Kadam,A24,CSE-AIML-A,BIO0169,AIPC354T,Cloud Computing,43,35,3,5,3,88.37,OK
UGF23AI170,Harsha Bala Das,B24,CSE-AIML-B,BIO0170,AIPC354T,Cloud Computing,43,34,9,0,4,100.0,OK
UGF23AI171,Suresh Ram Mehta,C24,CSE-AIML-C,BIO0171,AIPC354T,Cloud Computing,43,33,7,3,2,93.02,OK
UGF23AI172,Tushar Chand Gite,A25,CSE-AIML-A,BIO0172,AIPC354T,Cloud Computing,43,34,4,5,1,88.37,OK
UGF23AI173,Tanvi Sai Mehta,B25,CSE-AIML-B,BIO0173,AIPC354T,Cloud Computing,43,28,4,11,2,74.42,DETAINED
UGF23AI174,Hemant Lal Fulzele,C25,CSE-AIML-C,BIO0174,AIPC354T,Cloud Computing,43,30,0,13,0,69.77,DETAINED
UGF23AI175,Vidya Rao Waghmare,A26,CSE-AIML-A,BIO0175,AIPC354T,Cloud Computing,43,21,5,17,1,60.47,DETAINED
UGF23AI176,Vishal Das Kulkarni,B26,CSE-AIML-B,BIO0176,AIPC354T,Cloud Computing,43,26,5,12,1,72.09,DETAINED
UGF23AI177,Meera Lal Waghmare,C26,CSE-AIML-C,BIO0177,AIPC354T,Cloud Computing,43,29,3,11,0,74.42,DETAINED
UGF23AI178,Isha Mehta,A27,CSE-AIML-A,BIO0178,AIPC354T,Cloud Computing,43,26,2,15,1,65.12,DETAINED
UGF23AI179,Onkar Kumar Mishra,B27,CSE-AIML-B,BIO0179,AIPC354T,Cloud Computing,43,24,3,16,0,62.79,DETAINED
UGF23AI180,Lalita Zende,C27,CSE-AIML-C,BIO0180,AIPC354T,Cloud Computing,43,31,5,7,2,83.72,OK
UGF23AI181,Rahul Sai Jadhav,A28,CSE-AIML-A,BIO0181,AIPC354T,Cloud Computing,43,31,4,8,2,81.4,OK
UGF23AI182,Pallavi Devi Pillai,B28,CSE-AIML-B,BIO0182,AIPC354T,Cloud Computing,43,34,6,3,2,93.02,OK
UGF23AI183,Ekta Raj Vaidya,C28,CSE-AIML-C,BIO0183,AIPC354T,Cloud Computing,43,27,3,13,2,69.77,DETAINED
UGF23AI184,Sneha Lal,A29,CSE-AIML-A,BIO0184,AIPC354T,Cloud Computing,43,38,3,2,5,95.35,OK
UGF23AI185,Zara Kumar Deshpande,B29,CSE-AIML-B,BIO0185,AIPC354T,Cloud Computing,43,34,1,8,3,81.4,OK
UGF23AI186,Neha Rao Banerjee,C29,CSE-AIML-C,BIO0186,AIPC354T,Cloud Computing,43,21,11,11,1,74.42,DETAINED
UGF23AI187,Jayesh Junghare,A30,CSE-AIML-A,BIO0187,AIPC354T,Cloud Computing,43,34,4,5,2,88.37,OK
UGF23AI188,Bhavna Das Bhosale,B30,CSE-AIML-B,BIO0188,AIPC354T,Cloud Computing,43,27,4,12,1,72.09,DETAINED
UGF23AI189,Dhruv Mukherjee,C30,CSE-AIML-C,BIO0189,AIPC354T,Cloud Computing,43,32,4,7,1,83.72,OK
UGF23AI190,Chandra Sai Wagh,A31,CSE-AIML-A,BIO0190,AIPC354T,Cloud Computing,43,31,3,9,3,79.07,OK
UGF23AI191,Yogesh Devi Bhosale,B31,CSE-AIML-B,BIO0191,AIPC354T,Cloud Computing,43,29,1,13,3,69.77,DETAINED
UGF23AI192,Seema Lal Nambiar,C31,CSE-AIML-C,BIO0192,AIPC354T,Cloud Computing,43,32,3,8,2,81.4,OK
UGF23AI193,Farhan Das,A32,CSE-AIML-A,BIO0193,AIPC354T,Cloud Computing,43,28,1,14,2,67.44,DETAINED
UGF23AI194,Omkar Kumar,B32,CSE-AIML-B,BIO0194,AIPC354T,Cloud Computing,43,26,3,14,0,67.44,DETAINED
UGF23AI195,Ramesh Ghosh,C32,CSE-AIML-C,BIO0195,AIPC354T,Cloud Computing,43,22,4,17,0,60.47,DETAINED
UGF23AI196,Lalit Unde,A33,CSE-AIML-A,BIO0196,AIPC354T,Cloud Computing,43,20,5,18,1,58.14,DETAINED
UGF23AI197,Ishaan Apte,B33,CSE-AIML-B,BIO0197,AIPC354T,Cloud Computing,43,0,0,43,0,0.0,DETAINED
UGF23AI198,Chandra Devi Banerjee,C33,CSE-AIML-C,BIO0198,AIPC354T,Cloud Computing,43,39,3,1,1,97.67,OK
UGF23AI199,Yash Ghosh,A34,CSE-AIML-A,BIO0199,AIPC354T,Cloud Computing,43,29,1,13,2,69.77,DETAINED
UGF23AI200,Om Bhatia,B34,CSE-AIML-B,BIO0200,AIPC354T,Cloud Computing,43,25,5,13,3,69.77,DETAINED
UGF23AI201,Chetan Ingole,C34,CSE-AIML-C,BIO0201,AIPC354T,Cloud Computing,43,32,3,8,3,81.4,OK
UGF23AI202,Dayanand Rao Zende,A35,CSE-AIML-A,BIO0202,AIPC354T,Cloud Computing,43,36,3,4,1,90.7,OK
UGF23AI203,Ravi Hegde,B35,CSE-AIML-B,BIO0203,AIPC354T,Cloud Computing,43,30,9,4,3,90.7,OK
UGF23AI204,Priti Ram Dubey,C35,CSE-AIML-C,BIO0204,AIPC354T,Cloud Computing,43,31,1,11,1,74.42,DETAINED
UGF23AI205,Firoz Unde,A36,CSE-AIML-A,BIO0205,AIPC354T,Cloud Computing,43,25,3,15,1,65.12,DETAINED
UGF23AI206,Iqbal Ingle,B36,CSE-AIML-B,BIO0206,AIPC354T,Cloud Computing,43,30,3,10,0,76.74,OK
UGF23AI207,Sarita Devi Unde,C36,CSE-AIML-C,BIO0207,AIPC354T,Cloud Computing,43,31,3,9,2,79.07,OK
UGF23AI208,Akash Rao Rao,A37,CSE-AIML-A,BIO0208,AIPC354T,Cloud Computing,43,36,6,1,3,97.67,OK
UGF23AI209,Rekha Nath Tiwari,B37,CSE-AIML-B,BIO0209,AIPC354T,Cloud Computing,43,26,4,13,2,69.77,DETAINED
UGF23AI210,Seema Mane,C37,CSE-AIML-C,BIO0210,AIPC354T,Cloud Computing,43,35,4,4,0,90.7,OK
UGF23AI211,Hitesh Prakash Gaikwad,A38,CSE-AIML-A,BIO0211,AIPC354T,Cloud Computing,43,0,0,43,0,0.0,DETAINED
UGF23AI212,Vikas Prasad Nair,B38,CSE-AIML-B,BIO0212,AIPC354T,Cloud Computing,43,25,5,13,0,69.77,DETAINED
UGF23AI213,Kiran Chand Mishra,C38,CSE-AIML-C,BIO0213,AIPC354T,Cloud Computing,43,27,3,13,1,69.77,DETAINED
UGF23AI214,Dev Das Londhe,A39,CSE-AIML-A,BIO0214,AIPC354T,Cloud Computing,43,30,2,11,3,74.42,DETAINED
UGF23AI215,Fatima Ram Upadhyay,B39,CSE-AIML-B,BIO0215,AIPC354T,Cloud Computing,43,40,3,0,2,100.0,OK
UGF23AI216,Soham Iyer,C39,CSE-AIML-C,BIO0216,AIPC354T,Cloud Computing,43,26,7,10,2,76.74,OK
UGF23AI217,Tanvi Nath Chopra,A40,CSE-AIML-A,BIO0217,AIPC354T,Cloud Computing,43,27,1,15,1,65.12,DETAINED
UGF23AI218,Gunjan Devi Rao,B40,CSE-AIML-B,BIO0218,AIPC354T,Cloud Computing,43,33,3,7,1,83.72,OK
UGF23AI219,Zara Lal Zende,C40,CSE-AIML-C,BIO0219,AIPC354T,Cloud Computing,43,27,7,9,1,79.07,OK
UGF23AI220,Wasim Bala Nair,A41,CSE-AIML-A,BIO0220,AIPC354T,Cloud Computing,43,21,5,17,1,60.47,DETAINED
UGF23AI221,Lalita Gaikwad,B41,CSE-AIML-B,BIO0221,AIPC354T,Cloud Computing,43,24,5,14,4,67.44,DETAINED
UGF23AI222,Mahesh Wagh,C41,CSE-AIML-C,BIO0222,AIPC354T,Cloud Computing,43,28,4,11,2,74.42,DETAINED
UGF23AI223,Meera Ram Chatterjee,A42,CSE-AIML-A,BIO0223,AIPC354T,Cloud Computing,43,28,6,9,2,79.07,OK
UGF23AI224,Ishaan Raj Wagh,B42,CSE-AIML-B,BIO0224,AIPC354T,Cloud Computing,43,28,3,12,1,72.09,DETAINED
UGF23AI225,Farhan Bala Pawar,C42,CSE-AIML-C,BIO0225,AIPC354T,Cloud Computing,43,27,3,13,0,69.77,DETAINED
UGF23AI226,Aditi Prasad Hivrale,A43,CSE-AIML-A,BIO0226,AIPC354T,Cloud Computing,43,23,3,17,0,60.47,DETAINED
UGF23AI227,Urmila Zende,B43,CSE-AIML-B,BIO0227,AIPC354T,Cloud Computing,43,23,6,14,2,67.44,DETAINED
UGF23AI228,Varun Prakash Raut,C43,CSE-AIML-C,BIO0228,AIPC354T,Cloud Computing,43,24,1,18,1,58.14,DETAINED
UGF23AI229,Kalpesh Bala Hande,A44,CSE-AIML-A,BIO0229,AIPC354T,Cloud Computing,43,36,1,6,2,86.05,OK
UGF23AI230,Nandini Kumar Ingle,B44,CSE-AIML-B,BIO0230,AIPC354T,Cloud Computing,43,23,3,17,1,60.47,DETAINED
UGF23AI231,Vidya Das Kumar,C44,CSE-AIML-C,BIO0231,AIPC354T,Cloud Computing,43,37,4,2,1,95.35,OK
UGF23AI232,Gajanan Raj Tiwari,A45,CSE-AIML-A,BIO0232,AIPC354T,Cloud Computing,43,34,3,6,2,86.05,OK
UGF23AI233,Pankaj Das Upadhyay,B45,CSE-AIML-B,BIO0233,AIPC354T,Cloud Computing,43,27,2,14,4,67.44,DETAINED
UGF23AI234,Faisal Naik,C45,CSE-AIML-C,BIO0234,AIPC354T,Cloud Computing,43,29,2,12,0,72.09,DETAINED
UGF23AI235,Tariq Thakur,A46,CSE-AIML-A,BIO0235,AIPC354T,Cloud Computing,43,31,4,8,2,81.4,OK
UGF23AI236,Chirag Prasad Dalvi,B46,CSE-AIML-B,BIO0236,AIPC354T,Cloud Computing,43,25,9,9,1,79.07,OK
UGF23AI237,Onkar Raj Pillai,C46,CSE-AIML-C,BIO0237,AIPC354T,Cloud Computing,43,36,6,1,2,97.67,OK
UGF23AI238,Aditi Bala Bhange,A47,CSE-AIML-A,BIO0238,AIPC354T,Cloud Computing,43,27,4,12,1,72.09,DETAINED
UGF23AI239,Firoz Reddy,B47,CSE-AIML-B,BIO0239,AIPC354T,Cloud Computing,43,31,4,8,1,81.4,OK
UGF23AI240,Girish Prasad Deshpande,C47,CSE-AIML-C,BIO0240,AIPC354T,Cloud Computing,43,28,2,13,1,69.77,DETAINED
UGF23AI241,Anjali Das Mishra,A48,CSE-AIML-A,BIO0241,AIPC354T,Cloud Computing,43,31,5,7,2,83.72,OK
UGF23AI242,Ravi Das Tiwari,B48,CSE-AIML-B,BIO0242,AIPC354T,Cloud Computing,43,34,8,1,4,97.67,OK
UGF23AI243,Vidya Nair,C48,CSE-AIML-C,BIO0243,AIPC354T,Cloud Computing,43,31,0,12,1,72.09,DETAINED
UGF23AI244,Vidya Shankar Gite,A49,CSE-AIML-A,BIO0244,AIPC354T,Cloud Computing,43,29,3,11,2,74.42,DETAINED
UGF23AI245,Fatima Chand Hatwar,B49,CSE-AIML-B,BIO0245,AIPC354T,Cloud Computing,43,0,0,43,0,0.0,DETAINED
UGF23AI246,Hina Nath Tiwari,C49,CSE-AIML-C,BIO0246,AIPC354T,Cloud Computing,43,34,4,5,2,88.37,OK
UGF23AI247,Zara Prasad Chopra,A50,CSE-AIML-A,BIO0247,AIPC354T,Cloud Computing,43,29,4,10,3,76.74,OK
UGF23AI248,Ritika Das Kale,B50,CSE-AIML-B,BIO0248,AIPC354T,Cloud Computing,43,23,1,19,1,55.81,DETAINED
UGF23AI249,Arjun Ingle,C50,CSE-AIML-C,BIO0249,AIPC354T,Cloud Computing,43,25,1,17,1,60.47,DETAINED
UGF23AI250,Kedar Chatterjee,A51,CSE-AIML-A,BIO0250,AIPC354T,Cloud Computing,43,35,4,4,0,90.7,OK
UGF23AI251,Jayesh Pawar,B51,CSE-AIML-B,BIO0251,AIPC354T,Cloud Computing,43,31,5,7,0,83.72,OK
UGF23AI252,Yamini Das Ahuja,C51,CSE-AIML-C,BIO0252,AIPC354T,Cloud Computing,43,39,3,1,2,97.67,OK
UGF23AI253,Yamini Rao Pillai,A52,CSE-AIML-A,BIO0253,AIPC354T,Cloud Computing,43,24,6,13,1,69.77,DETAINED
UGF23AI254,Priya Ram Ahuja,B52,CSE-AIML-B,BIO0254,AIPC354T,Cloud Computing,43,29,4,10,2,76.74,OK
UGF23AI255,Amrita Rao Banerjee,C52,CSE-AIML-C,BIO0255,AIPC354T,Cloud Computing,43,33,5,5,1,88.37,OK
UGF23AI256,Ravi Lal Verma,A53,CSE-AIML-A,BIO0256,AIPC354T,Cloud Computing,43,32,2,9,2,79.07,OK
UGF23AI257,Vidya Ram Reddy,B53,CSE-AIML-B,BIO0257,AIPC354T,Cloud Computing,43,39,3,1,4,97.67,OK
UGF23AI258,Deepika Kumar,C53,CSE-AIML-C,BIO0258,AIPC354T,Cloud Computing,43,29,6,8,1,81.4,OK
UGF23AI259,Deepika Kharat,A54,CSE-AIML-A,BIO0259,AIPC354T,Cloud Computing,43,20,5,18,1,58.14,DETAINED
UGF23AI260,Seema Sai Chopra,B54,CSE-AIML-B,BIO0260,AIPC354T,Cloud Computing,43,30,7,6,2,86.05,OK
UGF23AI261,Girish Bhange,C54,CSE-AIML-C,BIO0261,AIPC354T,Cloud Computing,43,33,8,2,5,95.35,OK
UGF23AI262,Gaurav Hivrale,A55,CSE-AIML-A,BIO0262,AIPC354T,Cloud Computing,43,36,4,3,1,93.02,OK
UGF23AI263,Vidya Chand Waghmare,B55,CSE-AIML-B,BIO0263,AIPC354T,Cloud Computing,43,26,4,13,1,69.77,DETAINED
UGF23AI264,Esha Das Bhange,C55,CSE-AIML-C,BIO0264,AIPC354T,Cloud Computing,43,21,5,17,1,60.47,DETAINED
UGF23AI265,Divya Ram Junghare,A56,CSE-AIML-A,BIO0265,AIPC354T,Cloud Computing,43,22,2,19,1,55.81,DETAINED
UGF23AI266,Geeta Prakash Nair,B56,CSE-AIML-B,BIO0266,AIPC354T,Cloud Computing,43,26,4,13,3,69.77,DETAINED
UGF23AI267,Jiya Devi Hatwar,C56,CSE-AIML-C,BIO0267,AIPC354T,Cloud Computing,43,17,2,24,1,44.19,DETAINED
UGF23AI268,Aditya Pillai,A57,CSE-AIML-A,BIO0268,AIPC354T,Cloud Computing,43,34,2,7,2,83.72,OK
UGF23AI269,Nikhil Prakash Bhatia,B57,CSE-AIML-B,BIO0269,AIPC354T,Cloud Computing,43,25,5,13,1,69.77,DETAINED
UGF23AI270,Sakshi Ingle,C57,CSE-AIML-C,BIO0270,AIPC354T,Cloud Computing,43,30,2,11,0,74.42,DETAINED
UGF23AI271,Kiran Tiwari,A58,CSE-AIML-A,BIO0271,AIPC354T,Cloud Computing,43,25,8,10,2,76.74,OK
UGF23AI272,Sneha Prakash Londhe,B58,CSE-AIML-B,BIO0272,AIPC354T,Cloud Computing,43,35,4,4,1,90.7,OK
UGF23AI273,Dev Sai Pawar,C58,CSE-AIML-C,BIO0273,AIPC354T,Cloud Computing,43,36,3,4,6,90.7,OK
UGF23AI274,Mithun Sai Waghmare,A59,CSE-AIML-A,BIO0274,AIPC354T,Cloud Computing,43,32,10,1,3,97.67,OK
UGF23AI275,Vishal Sai Shah,B59,CSE-AIML-B,BIO0275,AIPC354T,Cloud Computing,43,23,4,16,1,62.79,DETAINED
UGF23AI276,Anika Shah,C59,CSE-AIML-C,BIO0276,AIPC354T,Cloud Computing,43,27,7,9,2,79.07,OK
UGF23AI277,Ekta Chatterjee,A60,CSE-AIML-A,BIO0277,AIPC354T,Cloud Computing,43,25,3,15,1,65.12,DETAINED
UGF23AI278,Disha Sai Lokhande,B60,CSE-AIML-B,BIO0278,AIPC354T,Cloud Computing,43,24,4,15,0,65.12,DETAINED
UGF23AI279,Ila Devi Dange,C60,CSE-AIML-C,BIO0279,AIPC354T,Cloud Computing,43,29,7,7,2,83.72,OK
UGF23AI280,Kalpesh Prakash Hande,A61,CSE-AIML-A,BIO0280,AIPC354T,Cloud Computing,43,24,1,18,2,58.14,DETAINED
UGF23AI281,Rohit Bala Mehta,B61,CSE-AIML-B,BIO0281,AIPC354T,Cloud Computing,43,37,3,3,2,93.02,OK
UGF23AI282,Onkar Nath Ambhore,C61,CSE-AIML-C,BIO0282,AIPC354T,Cloud Computing,43,35,5,3,1,93.02,OK
UGF23AI283,Disha Pawar,A62,CSE-AIML-A,BIO0283,AIPC354T,Cloud Computing,43,28,5,10,0,76.74,OK
UGF23AI284,Soham Nath Kale,B62,CSE-AIML-B,BIO0284,AIPC354T,Cloud Computing,43,29,5,9,4,79.07,OK
UGF23AI285,Ila Raj Ingole,C62,CSE-AIML-C,BIO0285,AIPC354T,Cloud Computing,43,31,8,4,3,90.7,OK
UGF23AI286,Rohit Shankar Hande,A63,CSE-AIML-A,BIO0286,AIPC354T,Cloud Computing,43,32,4,7,2,83.72,OK
UGF23AI287,Indira Bhatia,B63,CSE-AIML-B,BIO0287,AIPC354T,Cloud Computing,43,38,4,1,2,97.67,OK
UGF23AI288,Babita Lal Kulkarni,C63,CSE-AIML-C,BIO0288,AIPC354T,Cloud Computing,43,32,2,9,2,79.07,OK
UGF23AI289,Hemant Chand More,A64,CSE-AIML-A,BIO0289,AIPC354T,Cloud Computing,43,35,8,0,3,100.0,OK
UGF23AI290,Tariq Shankar Pawar,B64,CSE-AIML-B,BIO0290,AIPC354T,Cloud Computing,43,25,2,16,2,62.79,DETAINED
UGF23AI291,Mukesh Verma,C64,CSE-AIML-C,BIO0291,AIPC354T,Cloud Computing,43,24,6,13,0,69.77,DETAINED
UGF23AI292,Anjali Chand Nair,A65,CSE-AIML-A,BIO0292,AIPC354T,Cloud Computing,43,25,5,13,2,69.77,DETAINED
UGF23AI293,Divya Lal Hande,B65,CSE-AIML-B,BIO0293,AIPC354T,Cloud Computing,43,24,7,12,2,72.09,DETAINED
UGF23AI294,Harsha Prasad Shah,C65,CSE-AIML-C,BIO0294,AIPC354T,Cloud Computing,43,29,7,7,1,83.72,OK
UGF23AI295,Ekta Shankar Yadav,A66,CSE-AIML-A,BIO0295,AIPC354T,Cloud Computing,43,28,2,13,1,69.77,DETAINED
UGF23AI296,Manish Das Upadhyay,B66,CSE-AIML-B,BIO0296,AIPC354T,Cloud Computing,43,23,6,14,1,67.44,DETAINED
UGF23AI297,Jatin Ghosh,C66,CSE-AIML-C,BIO0297,AIPC354T,Cloud Computing,43,40,2,1,3,97.67,OK
UGF23AI298,Nilesh Ram Kulkarni,A67,CSE-AIML-A,BIO0298,AIPC354T,Cloud Computing,43,24,5,14,4,67.44,DETAINED
UGF23AI299,Bhavna Raj Bhosale,B67,CSE-AIML-B,BIO0299,AIPC354T,Cloud Computing,43,24,1,18,1,58.14,DETAINED
UGF23AI300,Gaurav Jain,C67,CSE-AIML-C,BIO0300,AIPC354T,Cloud Computing,43,25,6,12,0,72.09,DETAINED
UGF23AI301,Kalpesh Mishra,A68,CSE-AIML-A,BIO0301,AIPC354T,Cloud Computing,43,24,8,11,3,74.42,DETAINED
UGF23AI302,Lakshmi Chand Patil,B68,CSE-AIML-B,BIO0302,AIPC354T,Cloud Computing,43,32,5,6,1,86.05,OK
UGF23AI303,Nikhil Rao Agarwal,C68,CSE-AIML-C,BIO0303,AIPC354T,Cloud Computing,43,33,1,9,0,79.07,OK
UGF23AI304,Mohit Nath Kumar,A69,CSE-AIML-A,BIO0304,AIPC354T,Cloud Computing,43,32,5,6,1,86.05,OK
UGF23AI305,Iqbal Raj Chopra,B69,CSE-AIML-B,BIO0305,AIPC354T,Cloud Computing,43,22,3,18,1,58.14,DETAINED
UGF23AI306,Esha Bala Pandey,C69,CSE-AIML-C,BIO0306,AIPC354T,Cloud Computing,43,33,5,5,2,88.37,OK
UGF23AI307,Abhishek Kumar Fernandes,A70,CSE-AIML-A,BIO0307,AIPC354T,Cloud Computing,43,0,0,43,0,0.0,DETAINED
UGF23AI308,Harsha Raj Mukherjee,B70,CSE-AIML-B,BIO0308,AIPC354T,Cloud Computing,43,29,3,11,1,74.42,DETAINED
UGF23AI309,Lakshmi Das Wagh,C70,CSE-AIML-C,BIO0309,AIPC354T,Cloud Computing,43,23,5,15,2,65.12,DETAINED
UGF23AI310,Nikhil Lokhande,A71,CSE-AIML-A,BIO0310,AIPC354T,Cloud Computing,43,35,6,2,0,95.35,OK
UGF23AI311,Bharat Singh,B71,CSE-AIML-B,BIO0311,AIPC354T,Cloud Computing,43,19,6,18,2,58.14,DETAINED
UGF23AI312,Girish Ambhore,C71,CSE-AIML-C,BIO0312,AIPC354T,Cloud Computing,43,26,4,13,3,69.77,DETAINED
UGF23AI313,Tariq Prakash More,A72,CSE-AIML-A,BIO0313,AIPC354T,Cloud Computing,43,22,3,18,3,58.14,DETAINED
UGF23AI314,Yamini Ram Patil,B72,CSE-AIML-B,BIO0314,AIPC354T,Cloud Computing,43,27,3,13,1,69.77,DETAINED
UGF23AI315,Om Chand Upadhyay,C72,CSE-AIML-C,BIO0315,AIPC354T,Cloud Computing,43,26,6,11,3,74.42,DETAINED
UGF23AI316,Manish Sai Iyer,A73,CSE-AIML-A,BIO0316,AIPC354T,Cloud Computing,43,19,7,17,3,60.47,DETAINED
UGF23AI317,Siddharth Nath Patel,B73,CSE-AIML-B,BIO0317,AIPC354T,Cloud Computing,43,0,0,43,0,0.0,DETAINED
UGF23AI318,Rohit Chand Vaghmare,C73,CSE-AIML-C,BIO0318,AIPC354T,Cloud Computing,43,36,6,1,4,97.67,OK
UGF23AI319,Anika Rao Bhange,A74,CSE-AIML-A,BIO0319,AIPC354T,Cloud Computing,43,28,5,10,3,76.74,OK
UGF23AI320,Rekha Kumar Fernandes,B74,CSE-AIML-B,BIO0320,AIPC354T,Cloud Computing,43,31,4,8,3,81.4,OK
UGF23AI321,Yamini Londhe,C74,CSE-AIML-C,BIO0321,AIPC354T,Cloud Computing,43,31,6,6,1,86.05,OK
UGF23AI322,Nisha Kharat,A75,CSE-AIML-A,BIO0322,AIPC354T,Cloud Computing,43,36,4,3,2,93.02,OK
UGF23AI323,Kamla Kumar,B75,CSE-AIML-B,BIO0323,AIPC354T,Cloud Computing,43,25,1,17,3,60.47,DETAINED
UGF23AI324,Gunjan Devi Fernandes,C75,CSE-AIML-C,BIO0324,AIPC354T,Cloud Computing,43,36,6,1,4,97.67,OK
UGF23AI325,Gunjan Sai Pawar,A76,CSE-AIML-A,BIO0325,AIPC354T,Cloud Computing,43,23,5,15,3,65.12,DETAINED
UGF23AI326,Vanshika Chand Shah,B76,CSE-AIML-B,BIO0326,AIPC354T,Cloud Computing,43,37,6,0,0,100.0,OK
UGF23AI327,Nikhil Hivrale,C76,CSE-AIML-C,BIO0327,AIPC354T,Cloud Computing,43,24,3,16,2,62.79,DETAINED
UGF23AI328,Chetna Yadav,A77,CSE-AIML-A,BIO0328,AIPC354T,Cloud Computing,43,37,5,1,2,97.67,OK
UGF23AI329,Pallavi Prasad Banerjee,B77,CSE-AIML-B,BIO0329,AIPC354T,Cloud Computing,43,29,1,13,2,69.77,DETAINED
UGF23AI330,Omkar Chand Lal,C77,CSE-AIML-C,BIO0330,AIPC354T,Cloud Computing,43,32,7,4,1,90.7,OK
UGF23AI331,Isha Mane,A78,CSE-AIML-A,BIO0331,AIPC354T,Cloud Computing,43,36,7,0,2,100.0,OK
UGF23AI332,Ramesh Shankar Kulkarni,B78,CSE-AIML-B,BIO0332,AIPC354T,Cloud Computing,43,33,3,7,3,83.72,OK
UGF23AI333,Chetna Ram Upadhyay,C78,CSE-AIML-C,BIO0333,AIPC354T,Cloud Computing,43,39,1,3,1,93.02,OK
UGF23AI334,Esha Prasad Vaidya,A79,CSE-AIML-A,BIO0334,AIPC354T,Cloud Computing,43,24,2,17,2,60.47,DETAINED
UGF23AI335,Gunjan Ram Nambiar,B79,CSE-AIML-B,BIO0335,AIPC354T,Cloud Computing,43,36,4,3,1,93.02,OK
UGF23AI336,Ritika Lal Ahuja,C79,CSE-AIML-C,BIO0336,AIPC354T,Cloud Computing,43,32,6,5,2,88.37,OK
UGF23AI337,Jagdish More,A80,CSE-AIML-A,BIO0337,AIPC354T,Cloud Computing,43,25,6,12,1,72.09,DETAINED
UGF23AI338,Farhan Shankar Mishra,B80,CSE-AIML-B,BIO0338,AIPC354T,Cloud Computing,43,22,5,16,4,62.79,DETAINED
UGF23AI339,Sumit Jadhav,C80,CSE-AIML-C,BIO0339,AIPC354T,Cloud Computing,43,24,7,12,0,72.09,DETAINED
UGF23AI340,Neha Kaur,A81,CSE-AIML-A,BIO0340,AIPC354T,Cloud Computing,43,25,4,14,2,67.44,DETAINED
UGF23AI341,Jatin Bala Upadhyay,B81,CSE-AIML-B,BIO0341,AIPC354T,Cloud Computing,43,35,2,6,2,86.05,OK
UGF23AI342,Indira Vaidya,C81,CSE-AIML-C,BIO0342,AIPC354T,Cloud Computing,43,23,7,13,0,69.77,DETAINED
UGF23AI343,Wasim Das Mishra,A82,CSE-AIML-A,BIO0343,AIPC354T,Cloud Computing,43,33,1,9,3,79.07,OK
UGF23AI344,Faisal Shankar Gaikwad,B82,CSE-AIML-B,BIO0344,AIPC354T,Cloud Computing,43,26,3,14,1,67.44,DETAINED
UGF23AI345,Gajanan Chand Ambhore,C82,CSE-AIML-C,BIO0345,AIPC354T,Cloud Computing,43,32,4,7,1,83.72,OK
UGF23AI346,Kunal Gupta,A83,CSE-AIML-A,BIO0346,AIPC354T,Cloud Computing,43,21,2,20,1,53.49,DETAINED
UGF23AI347,Amol Lal Tiwari,B83,CSE-AIML-B,BIO0347,AIPC354T,Cloud Computing,43,0,0,43,0,0.0,DETAINED
UGF23AI348,Aarav Upadhyay,C83,CSE-AIML-C,BIO0348,AIPC354T,Cloud Computing,43,35,3,5,1,88.37,OK
UGF23AI349,Eshaan Kumar Kumar,A84,CSE-AIML-A,BIO0349,AIPC354T,Cloud Computing,43,27,4,12,2,72.09,DETAINED
UGF23AI350,Farhan Rao Banerjee,B84,CSE-AIML-B,BIO0350,AIPC354T,Cloud Computing,43,29,4,10,2,76.74,OK
UGF23AI351,Gunjan Lal Gaikwad,C84,CSE-AIML-C,BIO0351,AIPC354T,Cloud Computing,43,24,4,15,2,65.12,DETAINED
UGF23AI352,Anjali Raj Naik,A85,CSE-AIML-A,BIO0352,AIPC354T,Cloud Computing,43,20,8,15,1,65.12,DETAINED
UGF23AI353,Dhruv Prasad Zende,B85,CSE-AIML-B,BIO0353,AIPC354T,Cloud Computing,43,27,4,12,4,72.09,DETAINED
UGF23AI354,Iqbal Prasad Salve,C85,CSE-AIML-C,BIO0354,AIPC354T,Cloud Computing,43,24,5,14,2,67.44,DETAINED
UGF23AI355,Hina Bala Agarwal,A86,CSE-AIML-A,BIO0355,AIPC354T,Cloud Computing,43,24,6,13,2,69.77,DETAINED
UGF23AI356,Harsha Joshi,B86,CSE-AIML-B,BIO0356,AIPC354T,Cloud Computing,43,34,2,7,1,83.72,OK
UGF23AI357,Anjali Ram Gangurde,C86,CSE-AIML-C,BIO0357,AIPC354T,Cloud Computing,43,38,5,0,1,100.0,OK
UGF23AI358,Harsha Rao Gaikwad,A87,CSE-AIML-A,BIO0358,AIPC354T,Cloud Computing,43,26,2,15,2,65.12,DETAINED
UGF23AI359,Bharat Raj Agarwal,B87,CSE-AIML-B,BIO0359,AIPC354T,Cloud Computing,43,33,5,5,2,88.37,OK
UGF23AI360,Sumit Prasad Dalvi,C87,CSE-AIML-C,BIO0360,AIPC354T,Cloud Computing,43,23,8,12,1,72.09,DETAINED
UGF23AI361,Firoz Das Narwade,A88,CSE-AIML-A,BIO0361,AIPC354T,Cloud Computing,43,36,4,3,1,93.02,OK
UGF23AI362,Divya Das,B88,CSE-AIML-B,BIO0362,AIPC354T,Cloud Computing,43,34,3,6,0,86.05,OK
UGF23AI363,Madhuri Devi Pawar,C88,CSE-AIML-C,BIO0363,AIPC354T,Cloud Computing,43,33,8,2,2,95.35,OK
UGF23AI364,Disha Shankar Kale,A89,CSE-AIML-A,BIO0364,AIPC354T,Cloud Computing,43,31,2,10,1,76.74,OK
UGF23AI365,Rajesh Das Hatwar,B89,CSE-AIML-B,BIO0365,AIPC354T,Cloud Computing,43,26,4,13,0,69.77,DETAINED
UGF23AI366,Kalpesh Shankar Ghosh,C89,CSE-AIML-C,BIO0366,AIPC354T,Cloud Computing,43,35,5,3,5,93.02,OK
UGF23AI367,Madhuri Hande,A90,CSE-AIML-A,BIO0367,AIPC354T,Cloud Computing,43,32,5,6,3,86.05,OK
UGF23AI368,Nisha Lal Shah,B90,CSE-AIML-B,BIO0368,AIPC354T,Cloud Computing,43,0,0,43,0,0.0,DETAINED
UGF23AI369,Manish Sai Junghare,C90,CSE-AIML-C,BIO0369,AIPC354T,Cloud Computing,43,33,7,3,1,93.02,OK
UGF23AI370,Lakshmi Nath Raut,A91,CSE-AIML-A,BIO0370,AIPC354T,Cloud Computing,43,34,2,7,0,83.72,OK
UGF23AI371,Wasim Prasad Patel,B91,CSE-AIML-B,BIO0371,AIPC354T,Cloud Computing,43,21,4,18,0,58.14,DETAINED
UGF23AI372,Bhushan Raj Kadam,C91,CSE-AIML-C,BIO0372,AIPC354T,Cloud Computing,43,29,4,10,5,76.74,OK
UGF23AI373,Mukesh Ram Zende,A92,CSE-AIML-A,BIO0373,AIPC354T,Cloud Computing,43,33,2,8,0,81.4,OK
UGF23AI374,Bhushan Iyer,B92,CSE-AIML-B,BIO0374,AIPC354T,Cloud Computing,43,25,7,11,3,74.42,DETAINED
UGF23AI375,Geeta Chand Hatwar,C92,CSE-AIML-C,BIO0375,AIPC354T,Cloud Computing,43,31,3,9,1,79.07,OK
UGF23AI376,Faisal Kadam,A93,CSE-AIML-A,BIO0376,AIPC354T,Cloud Computing,43,33,3,7,4,83.72,OK
UGF23AI377,Zara Das Kaur,B93,CSE-AIML-B,BIO0377,AIPC354T,Cloud Computing,43,0,0,43,0,0.0,DETAINED
UGF23AI378,Zara Nambiar,C93,CSE-AIML-C,BIO0378,AIPC354T,Cloud Computing,43,32,8,3,1,93.02,OK
UGF23AI379,Chetan Salve,A94,CSE-AIML-A,BIO0379,AIPC354T,Cloud Computing,43,22,6,15,1,65.12,DETAINED
UGF23AI380,Mahesh Shankar Gangurde,B94,CSE-AIML-B,BIO0380,AIPC354T,Cloud Computing,43,26,7,10,2,76.74,OK
UGF23AI381,Faisal Das Saxena,C94,CSE-AIML-C,BIO0381,AIPC354T,Cloud Computing,43,33,7,3,0,93.02,OK
UGF23AI382,Geeta Raj Joshi,A95,CSE-AIML-A,BIO0382,AIPC354T,Cloud Computing,43,25,6,12,3,72.09,DETAINED
UGF23AI383,Ravi Lal Bhosale,B95,CSE-AIML-B,BIO0383,AIPC354T,Cloud Computing,43,33,5,5,1,88.37,OK
UGF23AI384,Gaurav Bala Jain,C95,CSE-AIML-C,BIO0384,AIPC354T,Cloud Computing,43,31,4,8,2,81.4,OK
UGF23AI385,Om Gupta,A96,CSE-AIML-A,BIO0385,AIPC354T,Cloud Computing,43,20,6,17,2,60.47,DETAINED
UGF23AI386,Sarita Das Desai,B96,CSE-AIML-B,BIO0386,AIPC354T,Cloud Computing,43,37,2,4,0,90.7,OK
UGF23AI387,Jayesh Nath Hatwar,C96,CSE-AIML-C,BIO0387,AIPC354T,Cloud Computing,43,28,3,12,1,72.09,DETAINED
UGF23AI388,Jiya Nath Junghare,A97,CSE-AIML-A,BIO0388,AIPC354T,Cloud Computing,43,39,2,2,3,95.35,OK
UGF23AI389,Geeta Prakash Hande,B97,CSE-AIML-B,BIO0389,AIPC354T,Cloud Computing,43,27,2,14,1,67.44,DETAINED
UGF23AI390,Urmila Pillai,C97,CSE-AIML-C,BIO0390,AIPC354T,Cloud Computing,43,31,6,6,2,86.05,OK
UGF23AI391,Rekha Rao Singh,A98,CSE-AIML-A,BIO0391,AIPC354T,Cloud Computing,43,28,8,7,1,83.72,OK
UGF23AI392,Kedar Singh,B98,CSE-AIML-B,BIO0392,AIPC354T,Cloud Computing,43,29,3,11,1,74.42,DETAINED
UGF23AI393,Dhruv Das Takle,C98,CSE-AIML-C,BIO0393,AIPC354T,Cloud Computing,43,26,4,13,2,69.77,DETAINED
UGF23AI394,Om Nath Londhe,A99,CSE-AIML-A,BIO0394,AIPC354T,Cloud Computing,43,33,5,5,1,88.37,OK
UGF23AI395,Hina Kumar Pandey,B99,CSE-AIML-B,BIO0395,AIPC354T,Cloud Computing,43,35,5,3,1,93.02,OK
UGF23AI396,Wasim Prakash Ingle,C99,CSE-AIML-C,BIO0396,AIPC354T,Cloud Computing,43,35,2,6,1,86.05,OK
UGF23AI397,Nandini Deshpande,A100,CSE-AIML-A,BIO0397,AIPC354T,Cloud Computing,43,30,3,10,0,76.74,OK
UGF23AI398,Babita Fulzele,B100,CSE-AIML-B,BIO0398,AIPC354T,Cloud Computing,43,30,9,4,1,90.7,OK
UGF23AI399,Hitesh Sai Takle,C100,CSE-AIML-C,BIO0399,AIPC354T,Cloud Computing,43,36,0,7,2,83.72,OK
