employee_id,department,shift,date,checkin_time,is_late,checkout_time,is_early_exit,total_hours_present,checked_out,rolling_7d_days_present,current_absent_streak,attendance_percentage,absentee_risk_flag,department_encoded,shift_encoded
E1001,Production,Night,2026-05-01,2026-05-01 21:58:30,No,,,,0,1.0,1,83.33,0,3,3
E1001,Production,Night,2026-05-02,2026-05-02 22:13:14,Yes,2026-05-03 05:56:33,No,7.72,1,2.0,1,83.33,0,3,3
E1001,Production,Night,2026-05-04,2026-05-04 21:40:32,No,,,,0,3.0,1,83.33,0,3,3
E1001,Production,Night,2026-05-05,2026-05-05 21:48:56,No,2026-05-06 06:08:36,No,8.33,1,4.0,1,83.33,0,3,3
E1001,Production,Night,2026-05-06,2026-05-06 22:16:34,Yes,2026-05-07 06:22:21,No,8.1,1,5.0,1,83.33,0,3,3
E1001,Production,Night,2026-05-07,2026-05-07 21:39:59,No,2026-05-08 06:38:36,No,8.98,1,6.0,1,83.33,0,3,3
E1001,Production,Night,2026-05-08,2026-05-08 21:44:15,No,2026-05-09 05:54:21,No,8.17,1,7.0,1,83.33,0,3,3
E1001,Production,Night,2026-05-11,2026-05-11 22:03:57,No,,,,0,7.0,1,83.33,0,3,3
E1001,Production,Night,2026-05-12,2026-05-12 21:57:49,No,2026-05-13 06:04:52,No,8.12,1,7.0,1,83.33,0,3,3
E1001,Production,Night,2026-05-13,2026-05-13 21:29:52,No,2026-05-14 06:22:28,No,8.88,1,7.0,1,83.33,0,3,3
E1001,Production,Night,2026-05-14,2026-05-14 22:17:29,Yes,2026-05-15 06:07:47,No,7.84,1,7.0,1,83.33,0,3,3
E1001,Production,Night,2026-05-15,2026-05-15 21:52:22,No,2026-05-16 06:14:58,No,8.38,1,7.0,1,83.33,0,3,3
E1001,Production,Night,2026-05-16,2026-05-16 21:50:13,No,2026-05-17 06:08:50,No,8.31,1,7.0,1,83.33,0,3,3
E1001,Production,Night,2026-05-18,2026-05-18 21:47:22,No,,,,0,7.0,1,83.33,0,3,3
E1001,Production,Night,2026-05-19,2026-05-19 21:53:40,No,2026-05-20 06:10:13,No,8.28,1,7.0,1,83.33,0,3,3
E1001,Production,Night,2026-05-20,2026-05-20 21:44:26,No,2026-05-21 06:12:34,No,8.47,1,7.0,1,83.33,0,3,3
E1001,Production,Night,2026-05-21,2026-05-21 21:59:11,No,2026-05-22 06:31:58,No,8.55,1,7.0,1,83.33,0,3,3
E1001,Production,Night,2026-05-22,2026-05-22 21:59:19,No,2026-05-23 05:59:39,No,8.01,1,7.0,1,83.33,0,3,3
E1001,Production,Night,2026-05-23,2026-05-23 22:05:35,No,2026-05-24 06:11:15,No,8.09,1,7.0,1,83.33,0,3,3
E1001,Production,Night,2026-05-25,2026-05-25 21:55:09,No,,,,0,7.0,1,83.33,0,3,3
E1001,Production,Night,2026-05-26,2026-05-26 21:57:57,No,2026-05-27 05:57:48,No,8.0,1,7.0,1,83.33,0,3,3
E1001,Production,Night,2026-05-27,2026-05-27 22:01:30,No,2026-05-28 05:47:20,No,7.76,1,7.0,1,83.33,0,3,3
E1001,Production,Night,2026-05-28,2026-05-28 22:11:53,Yes,2026-05-29 06:00:31,No,7.81,1,7.0,1,83.33,0,3,3
E1001,Production,Night,2026-05-29,2026-05-29 21:55:11,No,2026-05-30 05:59:16,No,8.07,1,7.0,1,83.33,0,3,3
E1001,Production,Night,2026-05-30,2026-05-30 21:23:04,No,2026-05-31 06:53:02,No,9.5,1,7.0,1,83.33,0,3,3
E1001,Production,Night,2026-06-01,2026-06-01 22:06:05,No,,,,0,7.0,1,83.33,0,3,3
E1001,Production,Night,2026-06-02,2026-06-02 21:33:23,No,2026-06-03 06:39:05,No,9.1,1,7.0,1,83.33,0,3,3
E1001,Production,Night,2026-06-03,2026-06-03 21:47:59,No,2026-06-04 06:02:31,No,8.24,1,7.0,1,83.33,0,3,3
E1001,Production,Night,2026-06-04,2026-06-04 21:49:28,No,2026-06-05 06:28:14,No,8.65,1,7.0,1,83.33,0,3,3
E1001,Production,Night,2026-06-05,2026-06-05 21:57:09,No,2026-06-06 06:33:12,No,8.6,1,7.0,1,83.33,0,3,3
E1001,Production,Night,2026-06-06,2026-06-06 22:14:37,Yes,2026-06-07 06:10:08,No,7.93,1,7.0,1,83.33,0,3,3
E1001,Production,Night,2026-06-08,2026-06-08 21:58:38,No,,,,0,7.0,1,83.33,0,3,3
E1001,Production,Night,2026-06-09,2026-06-09 21:29:30,No,2026-06-10 05:57:07,No,8.46,1,7.0,1,83.33,0,3,3
E1001,Production,Night,2026-06-10,2026-06-10 22:15:14,Yes,2026-06-11 06:17:28,No,8.04,1,7.0,1,83.33,0,3,3
E1001,Production,Night,2026-06-11,2026-06-11 21:35:58,No,2026-06-12 06:04:53,No,8.48,1,7.0,1,83.33,0,3,3
E1001,Production,Night,2026-06-12,2026-06-12 21:52:14,No,2026-06-13 06:11:15,No,8.32,1,7.0,1,83.33,0,3,3
E1001,Production,Night,2026-06-13,2026-06-13 22:09:41,No,2026-06-14 06:01:09,No,7.86,1,7.0,1,83.33,0,3,3
E1001,Production,Night,2026-06-15,2026-06-15 21:57:12,No,,,,0,7.0,1,83.33,0,3,3
E1001,Production,Night,2026-06-16,2026-06-16 21:46:45,No,2026-06-17 06:20:25,No,8.56,1,7.0,1,83.33,0,3,3
E1001,Production,Night,2026-06-17,2026-06-17 22:03:21,No,2026-06-18 06:23:32,No,8.34,1,7.0,1,83.33,0,3,3
E1001,Production,Night,2026-06-18,2026-06-18 21:46:39,No,2026-06-19 06:00:16,No,8.23,1,7.0,1,83.33,0,3,3
E1001,Production,Night,2026-06-19,2026-06-19 21:50:07,No,2026-06-20 06:02:56,No,8.21,1,7.0,1,83.33,0,3,3
E1001,Production,Night,2026-06-20,2026-06-20 22:05:19,No,2026-06-21 06:19:29,No,8.24,1,7.0,1,83.33,0,3,3
E1001,Production,Night,2026-06-22,2026-06-22 21:46:06,No,,,,0,7.0,1,83.33,0,3,3
E1001,Production,Night,2026-06-23,2026-06-23 22:07:29,No,2026-06-24 06:17:00,No,8.16,1,7.0,1,83.33,0,3,3
E1001,Production,Night,2026-06-24,2026-06-24 21:42:40,No,2026-06-25 06:02:44,No,8.33,1,7.0,1,83.33,0,3,3
E1001,Production,Night,2026-06-25,2026-06-25 22:05:05,No,2026-06-26 06:15:18,No,8.17,1,7.0,1,83.33,0,3,3
E1001,Production,Night,2026-06-26,2026-06-26 21:49:42,No,2026-06-27 05:57:06,No,8.12,1,7.0,1,83.33,0,3,3
E1001,Production,Night,2026-06-27,2026-06-27 21:40:01,No,2026-06-28 06:04:50,No,8.41,1,7.0,1,83.33,0,3,3
E1001,Production,Night,2026-06-29,2026-06-29 22:24:53,Yes,,,,0,7.0,1,83.33,0,3,3
E1001,Production,Night,2026-06-30,2026-06-30 22:00:52,No,2026-07-01 06:12:41,No,8.2,1,7.0,1,83.33,0,3,3
E1001,Production,Night,2026-07-01,2026-07-01 21:28:08,No,2026-07-02 06:27:37,No,8.99,1,7.0,1,83.33,0,3,3
E1001,Production,Night,2026-07-02,2026-07-02 22:06:50,No,2026-07-03 05:48:40,No,7.7,1,7.0,1,83.33,0,3,3
E1001,Production,Night,2026-07-03,2026-07-03 21:58:12,No,2026-07-04 06:27:02,No,8.48,1,7.0,1,83.33,0,3,3
E1001,Production,Night,2026-07-04,2026-07-04 21:55:22,No,2026-07-05 06:07:53,No,8.21,1,7.0,1,83.33,0,3,3
E1001,Production,Night,2026-07-06,2026-07-06 22:05:51,No,,,,0,7.0,1,83.33,0,3,3
E1001,Production,Night,2026-07-07,2026-07-07 22:12:54,Yes,2026-07-08 05:34:34,Yes,7.36,1,7.0,1,83.33,0,3,3
E1001,Production,Night,2026-07-08,2026-07-08 22:24:37,Yes,2026-07-09 05:48:28,No,7.4,1,7.0,1,83.33,0,3,3
E1001,Production,Night,2026-07-09,2026-07-09 21:52:34,No,2026-07-10 06:26:04,No,8.56,1,7.0,1,83.33,0,3,3
E1001,Production,Night,2026-07-10,2026-07-10 21:57:39,No,2026-07-11 05:55:06,No,7.96,1,7.0,1,83.33,0,3,3
E1001,Production,Night,2026-07-11,2026-07-11 22:00:42,No,2026-07-12 06:09:29,No,8.15,1,7.0,1,83.33,0,3,3
E1001,Production,Night,2026-07-13,2026-07-13 22:22:30,Yes,,,,0,7.0,1,83.33,0,3,3
E1001,Production,Night,2026-07-14,2026-07-14 22:02:32,No,2026-07-15 06:22:47,No,8.34,1,7.0,1,83.33,0,3,3
E1001,Production,Night,2026-07-15,2026-07-15 22:00:32,No,2026-07-16 06:25:16,No,8.41,1,7.0,1,83.33,0,3,3
E1001,Production,Night,2026-07-16,2026-07-16 21:38:53,No,2026-07-17 06:07:22,No,8.47,1,7.0,1,83.33,0,3,3
E1001,Production,Night,2026-07-17,2026-07-17 21:50:53,No,2026-07-18 06:20:26,No,8.49,1,7.0,1,83.33,0,3,3
E1001,Production,Night,2026-07-18,2026-07-18 21:57:25,No,2026-07-19 06:22:16,No,8.41,1,7.0,1,83.33,0,3,3
E1001,Production,Night,2026-07-20,2026-07-20 21:50:24,No,,,,0,7.0,1,83.33,0,3,3
E1001,Production,Night,2026-07-21,2026-07-21 22:17:26,Yes,2026-07-22 05:57:44,No,7.67,1,7.0,1,83.33,0,3,3
E1001,Production,Night,2026-07-22,2026-07-22 22:04:40,No,2026-07-23 05:38:50,Yes,7.57,1,7.0,1,83.33,0,3,3
E1002,Warehouse,Afternoon,2026-05-01,2026-05-01 14:10:05,Yes,2026-05-01 22:16:47,No,8.11,1,1.0,1,84.52,0,6,0
E1002,Warehouse,Afternoon,2026-05-02,2026-05-02 14:01:52,No,2026-05-02 22:28:47,No,8.45,1,2.0,1,84.52,0,6,0
E1002,Warehouse,Afternoon,2026-05-04,2026-05-04 14:17:36,Yes,2026-05-04 21:58:22,No,7.68,1,3.0,1,84.52,0,6,0
E1002,Warehouse,Afternoon,2026-05-05,2026-05-05 13:50:46,No,2026-05-05 21:53:03,No,8.04,1,4.0,1,84.52,0,6,0
E1002,Warehouse,Afternoon,2026-05-06,2026-05-06 14:11:27,Yes,2026-05-06 22:57:30,No,8.77,1,5.0,1,84.52,0,6,0
E1002,Warehouse,Afternoon,2026-05-07,2026-05-07 13:24:34,No,2026-05-07 22:17:20,No,8.88,1,6.0,1,84.52,0,6,0
E1002,Warehouse,Afternoon,2026-05-08,2026-05-08 13:53:03,No,2026-05-08 22:24:48,No,8.53,1,7.0,1,84.52,0,6,0
E1002,Warehouse,Afternoon,2026-05-09,2026-05-09 14:06:22,No,2026-05-09 21:50:31,No,7.74,1,7.0,1,84.52,0,6,0
E1002,Warehouse,Afternoon,2026-05-11,2026-05-11 14:03:41,No,2026-05-11 22:02:11,No,7.98,1,7.0,1,84.52,0,6,0
E1002,Warehouse,Afternoon,2026-05-12,2026-05-12 13:58:31,No,2026-05-12 21:45:36,No,7.78,1,7.0,1,84.52,0,6,0
E1002,Warehouse,Afternoon,2026-05-13,2026-05-13 14:08:21,No,2026-05-13 22:16:41,No,8.14,1,7.0,1,84.52,0,6,0
E1002,Warehouse,Afternoon,2026-05-14,2026-05-14 13:50:21,No,2026-05-14 22:16:26,No,8.43,1,7.0,1,84.52,0,6,0
E1002,Warehouse,Afternoon,2026-05-15,2026-05-15 13:58:02,No,2026-05-15 22:10:36,No,8.21,1,7.0,1,84.52,0,6,0
E1002,Warehouse,Afternoon,2026-05-16,2026-05-16 14:09:54,No,2026-05-16 21:55:52,No,7.77,1,7.0,1,84.52,0,6,0
E1002,Warehouse,Afternoon,2026-05-18,2026-05-18 14:08:58,No,2026-05-18 21:18:44,Yes,7.16,1,7.0,1,84.52,0,6,0
E1002,Warehouse,Afternoon,2026-05-19,2026-05-19 14:00:20,No,2026-05-19 22:10:27,No,8.17,1,7.0,1,84.52,0,6,0
E1002,Warehouse,Afternoon,2026-05-20,2026-05-20 14:05:43,No,2026-05-20 22:12:13,No,8.11,1,7.0,1,84.52,0,6,0
E1002,Warehouse,Afternoon,2026-05-21,2026-05-21 13:58:47,No,2026-05-21 21:53:42,No,7.92,1,7.0,1,84.52,0,6,0
E1002,Warehouse,Afternoon,2026-05-22,2026-05-22 13:24:18,No,2026-05-22 22:19:25,No,8.92,1,7.0,1,84.52,0,6,0
E1002,Warehouse,Afternoon,2026-05-23,2026-05-23 13:49:56,No,2026-05-23 22:27:08,No,8.62,1,7.0,1,84.52,0,6,0
E1002,Warehouse,Afternoon,2026-05-25,2026-05-25 13:52:56,No,2026-05-25 21:53:28,No,8.01,1,7.0,1,84.52,0,6,0
E1002,Warehouse,Afternoon,2026-05-26,2026-05-26 13:48:57,No,2026-05-26 22:00:06,No,8.19,1,7.0,1,84.52,0,6,0
E1002,Warehouse,Afternoon,2026-05-27,2026-05-27 14:00:26,No,2026-05-27 22:38:54,No,8.64,1,7.0,1,84.52,0,6,0
E1002,Warehouse,Afternoon,2026-05-28,2026-05-28 14:03:48,No,2026-05-28 22:08:32,No,8.08,1,7.0,1,84.52,0,6,0
E1002,Warehouse,Afternoon,2026-05-29,2026-05-29 13:34:58,No,2026-05-29 22:21:19,No,8.77,1,7.0,1,84.52,0,6,0
E1002,Warehouse,Afternoon,2026-05-30,2026-05-30 14:13:33,Yes,2026-05-30 22:01:25,No,7.8,1,7.0,1,84.52,0,6,0
E1002,Warehouse,Afternoon,2026-06-01,2026-06-01 13:50:25,No,2026-06-01 22:28:54,No,8.64,1,7.0,1,84.52,0,6,0
E1002,Warehouse,Afternoon,2026-06-02,2026-06-02 14:16:55,Yes,2026-06-02 21:37:31,Yes,7.34,1,7.0,1,84.52,0,6,0
E1002,Warehouse,Afternoon,2026-06-03,2026-06-03 14:23:25,Yes,2026-06-03 21:51:25,No,7.47,1,7.0,1,84.52,0,6,0
E1002,Warehouse,Afternoon,2026-06-04,2026-06-04 13:56:48,No,2026-06-04 22:13:13,No,8.27,1,7.0,1,84.52,0,6,0
E1002,Warehouse,Afternoon,2026-06-05,2026-06-05 13:52:28,No,2026-06-05 22:15:32,No,8.38,1,7.0,1,84.52,0,6,0
E1002,Warehouse,Afternoon,2026-06-06,2026-06-06 13:59:11,No,2026-06-06 22:09:57,No,8.18,1,7.0,1,84.52,0,6,0
E1002,Warehouse,Afternoon,2026-06-08,2026-06-08 14:02:22,No,2026-06-08 22:20:42,No,8.31,1,7.0,1,84.52,0,6,0
E1002,Warehouse,Afternoon,2026-06-09,2026-06-09 13:46:26,No,2026-06-09 22:14:07,No,8.46,1,7.0,1,84.52,0,6,0
E1002,Warehouse,Afternoon,2026-06-10,2026-06-10 14:06:29,No,2026-06-10 22:39:51,No,8.56,1,7.0,1,84.52,0,6,0
E1002,Warehouse,Afternoon,2026-06-11,2026-06-11 13:45:16,No,2026-06-11 22:28:02,No,8.71,1,7.0,1,84.52,0,6,0
E1002,Warehouse,Afternoon,2026-06-12,2026-06-12 14:17:39,Yes,2026-06-12 21:59:43,No,7.7,1,7.0,1,84.52,0,6,0
E1002,Warehouse,Afternoon,2026-06-13,2026-06-13 13:41:01,No,2026-06-13 21:57:13,No,8.27,1,7.0,1,84.52,0,6,0
E1002,Warehouse,Afternoon,2026-06-15,2026-06-15 13:59:47,No,2026-06-15 22:23:28,No,8.39,1,7.0,1,84.52,0,6,0
E1002,Warehouse,Afternoon,2026-06-16,2026-06-16 13:45:35,No,2026-06-16 22:21:07,No,8.59,1,7.0,1,84.52,0,6,0
E1002,Warehouse,Afternoon,2026-06-17,2026-06-17 13:54:19,No,2026-06-17 22:19:43,No,8.42,1,7.0,1,84.52,0,6,0
E1002,Warehouse,Afternoon,2026-06-18,2026-06-18 14:03:28,No,2026-06-18 22:18:28,No,8.25,1,7.0,1,84.52,0,6,0
E1002,Warehouse,Afternoon,2026-06-19,2026-06-19 13:47:19,No,2026-06-19 22:20:24,No,8.55,1,7.0,1,84.52,0,6,0
E1002,Warehouse,Afternoon,2026-06-20,2026-06-20 14:09:09,No,2026-06-20 22:38:46,No,8.49,1,7.0,1,84.52,0,6,0
E1002,Warehouse,Afternoon,2026-06-22,2026-06-22 14:17:53,Yes,2026-06-22 22:06:22,No,7.81,1,7.0,1,84.52,0,6,0
E1002,Warehouse,Afternoon,2026-06-23,2026-06-23 14:04:37,No,2026-06-23 22:10:47,No,8.1,1,7.0,1,84.52,0,6,0
E1002,Warehouse,Afternoon,2026-06-24,2026-06-24 13:34:41,No,2026-06-24 22:34:45,No,9.0,1,7.0,1,84.52,0,6,0
E1002,Warehouse,Afternoon,2026-06-25,2026-06-25 14:10:03,Yes,,,,0,7.0,1,84.52,0,6,0
E1002,Warehouse,Afternoon,2026-06-26,2026-06-26 14:17:49,Yes,2026-06-26 21:38:38,Yes,7.35,1,7.0,1,84.52,0,6,0
E1002,Warehouse,Afternoon,2026-06-27,2026-06-27 14:00:24,No,2026-06-27 22:20:57,No,8.34,1,7.0,1,84.52,0,6,0
E1002,Warehouse,Afternoon,2026-06-29,2026-06-29 14:10:25,Yes,2026-06-29 22:09:42,No,7.99,1,7.0,1,84.52,0,6,0
E1002,Warehouse,Afternoon,2026-06-30,2026-06-30 13:57:22,No,,,,0,7.0,1,84.52,0,6,0
E1002,Warehouse,Afternoon,2026-07-01,2026-07-01 13:45:58,No,2026-07-01 22:13:55,No,8.47,1,7.0,1,84.52,0,6,0
E1002,Warehouse,Afternoon,2026-07-02,2026-07-02 14:08:52,No,2026-07-02 22:06:39,No,7.96,1,7.0,1,84.52,0,6,0
E1002,Warehouse,Afternoon,2026-07-03,2026-07-03 13:41:32,No,2026-07-03 22:19:41,No,8.64,1,7.0,1,84.52,0,6,0
E1002,Warehouse,Afternoon,2026-07-04,2026-07-04 14:03:13,No,2026-07-04 22:07:14,No,8.07,1,7.0,1,84.52,0,6,0
E1002,Warehouse,Afternoon,2026-07-06,2026-07-06 13:47:35,No,2026-07-06 22:08:23,No,8.35,1,7.0,1,84.52,0,6,0
E1002,Warehouse,Afternoon,2026-07-07,2026-07-07 13:57:42,No,2026-07-07 22:04:40,No,8.12,1,7.0,1,84.52,0,6,0
E1002,Warehouse,Afternoon,2026-07-08,2026-07-08 13:39:26,No,,,,0,7.0,1,84.52,0,6,0
E1002,Warehouse,Afternoon,2026-07-09,2026-07-09 13:52:23,No,2026-07-09 22:16:04,No,8.39,1,7.0,1,84.52,0,6,0
E1002,Warehouse,Afternoon,2026-07-10,2026-07-10 13:58:04,No,2026-07-10 21:46:07,No,7.8,1,7.0,1,84.52,0,6,0
E1002,Warehouse,Afternoon,2026-07-11,2026-07-11 14:27:21,Yes,2026-07-11 22:19:53,No,7.88,1,7.0,1,84.52,0,6,0
E1002,Warehouse,Afternoon,2026-07-13,2026-07-13 13:45:45,No,2026-07-13 22:18:16,No,8.54,1,7.0,1,84.52,0,6,0
E1002,Warehouse,Afternoon,2026-07-14,2026-07-14 13:50:09,No,2026-07-14 22:10:45,No,8.34,1,7.0,1,84.52,0,6,0
E1002,Warehouse,Afternoon,2026-07-15,2026-07-15 13:42:09,No,2026-07-15 22:32:20,No,8.84,1,7.0,1,84.52,0,6,0
E1002,Warehouse,Afternoon,2026-07-16,2026-07-16 14:03:36,No,2026-07-16 21:43:20,Yes,7.66,1,7.0,1,84.52,0,6,0
E1002,Warehouse,Afternoon,2026-07-17,2026-07-17 13:54:56,No,2026-07-17 22:02:09,No,8.12,1,7.0,1,84.52,0,6,0
E1002,Warehouse,Afternoon,2026-07-18,2026-07-18 13:50:21,No,2026-07-18 22:29:53,No,8.66,1,7.0,1,84.52,0,6,0
E1002,Warehouse,Afternoon,2026-07-20,2026-07-20 13:49:40,No,2026-07-20 22:17:31,No,8.46,1,7.0,1,84.52,0,6,0
E1002,Warehouse,Afternoon,2026-07-21,2026-07-21 13:56:41,No,2026-07-21 22:36:59,No,8.67,1,7.0,1,84.52,0,6,0
E1002,Warehouse,Afternoon,2026-07-22,2026-07-22 13:48:12,No,2026-07-22 21:47:09,No,7.98,1,7.0,1,84.52,0,6,0
E1003,Production,Afternoon,2026-05-01,2026-05-01 14:04:02,No,2026-05-01 22:15:35,No,8.19,1,1.0,1,82.14,0,3,0
E1003,Production,Afternoon,2026-05-02,2026-05-02 13:58:33,No,2026-05-02 22:19:58,No,8.36,1,2.0,1,82.14,0,3,0
E1003,Production,Afternoon,2026-05-04,2026-05-04 13:36:17,No,2026-05-04 22:26:06,No,8.83,1,3.0,1,82.14,0,3,0
E1003,Production,Afternoon,2026-05-05,2026-05-05 13:56:42,No,2026-05-05 22:22:22,No,8.43,1,4.0,1,82.14,0,3,0
E1003,Production,Afternoon,2026-05-06,2026-05-06 14:08:18,No,2026-05-06 22:10:44,No,8.04,1,5.0,1,82.14,0,3,0
E1003,Production,Afternoon,2026-05-07,2026-05-07 14:04:40,No,2026-05-07 22:30:20,No,8.43,1,6.0,1,82.14,0,3,0
E1003,Production,Afternoon,2026-05-08,2026-05-08 14:11:03,Yes,2026-05-08 22:16:39,No,8.09,1,7.0,1,82.14,0,3,0
E1003,Production,Afternoon,2026-05-09,2026-05-09 13:54:05,No,2026-05-09 21:55:10,No,8.02,1,7.0,1,82.14,0,3,0
E1003,Production,Afternoon,2026-05-11,2026-05-11 13:47:37,No,2026-05-11 22:01:15,No,8.23,1,7.0,1,82.14,0,3,0
E1003,Production,Afternoon,2026-05-12,2026-05-12 13:57:59,No,2026-05-12 22:28:59,No,8.52,1,7.0,1,82.14,0,3,0
E1003,Production,Afternoon,2026-05-13,2026-05-13 13:52:48,No,2026-05-13 22:10:47,No,8.3,1,7.0,1,82.14,0,3,0
E1003,Production,Afternoon,2026-05-14,2026-05-14 14:08:21,No,2026-05-14 22:16:28,No,8.14,1,7.0,1,82.14,0,3,0
E1003,Production,Afternoon,2026-05-15,2026-05-15 14:04:02,No,2026-05-15 22:27:06,No,8.38,1,7.0,1,82.14,0,3,0
E1003,Production,Afternoon,2026-05-16,2026-05-16 14:03:33,No,2026-05-16 21:44:08,Yes,7.68,1,7.0,1,82.14,0,3,0
E1003,Production,Afternoon,2026-05-19,2026-05-19 14:09:18,No,2026-05-19 22:11:56,No,8.04,1,7.0,1,82.14,0,3,0
E1003,Production,Afternoon,2026-05-20,2026-05-20 14:02:10,No,2026-05-20 21:32:09,Yes,7.5,1,7.0,1,82.14,0,3,0
E1003,Production,Afternoon,2026-05-21,2026-05-21 14:01:58,No,2026-05-21 22:42:21,No,8.67,1,7.0,1,82.14,0,3,0
E1003,Production,Afternoon,2026-05-22,2026-05-22 13:35:55,No,2026-05-22 22:12:24,No,8.61,1,7.0,1,82.14,0,3,0
E1003,Production,Afternoon,2026-05-23,2026-05-23 13:59:28,No,2026-05-23 22:07:46,No,8.14,1,7.0,1,82.14,0,3,0
E1003,Production,Afternoon,2026-05-25,2026-05-25 13:51:06,No,,,,0,7.0,1,82.14,0,3,0
E1003,Production,Afternoon,2026-05-26,2026-05-26 13:58:19,No,2026-05-26 22:06:50,No,8.14,1,7.0,1,82.14,0,3,0
E1003,Production,Afternoon,2026-05-27,2026-05-27 13:49:11,No,2026-05-27 22:06:07,No,8.28,1,7.0,1,82.14,0,3,0
E1003,Production,Afternoon,2026-05-28,2026-05-28 13:50:52,No,2026-05-28 22:01:19,No,8.17,1,7.0,1,82.14,0,3,0
E1003,Production,Afternoon,2026-05-29,2026-05-29 14:16:44,Yes,2026-05-29 21:14:48,Yes,6.97,1,7.0,1,82.14,0,3,0
E1003,Production,Afternoon,2026-05-30,2026-05-30 13:47:07,No,2026-05-30 22:04:03,No,8.28,1,7.0,1,82.14,0,3,0
E1003,Production,Afternoon,2026-06-01,2026-06-01 13:52:55,No,2026-06-01 21:52:52,No,8.0,1,7.0,1,82.14,0,3,0
E1003,Production,Afternoon,2026-06-02,2026-06-02 13:42:11,No,2026-06-02 21:48:28,No,8.1,1,7.0,1,82.14,0,3,0
E1003,Production,Afternoon,2026-06-03,2026-06-03 14:03:47,No,2026-06-03 22:11:14,No,8.12,1,7.0,1,82.14,0,3,0
E1003,Production,Afternoon,2026-06-04,2026-06-04 13:33:40,No,2026-06-04 22:15:48,No,8.7,1,7.0,1,82.14,0,3,0
E1003,Production,Afternoon,2026-06-05,2026-06-05 13:47:52,No,2026-06-05 21:55:51,No,8.13,1,7.0,1,82.14,0,3,0
E1003,Production,Afternoon,2026-06-06,2026-06-06 14:01:44,No,2026-06-06 22:16:45,No,8.25,1,7.0,1,82.14,0,3,0
E1003,Production,Afternoon,2026-06-08,2026-06-08 14:05:49,No,2026-06-08 21:52:08,No,7.77,1,7.0,1,82.14,0,3,0
E1003,Production,Afternoon,2026-06-09,2026-06-09 13:48:41,No,2026-06-09 22:14:49,No,8.44,1,7.0,1,82.14,0,3,0
E1003,Production,Afternoon,2026-06-10,2026-06-10 14:01:40,No,2026-06-10 22:07:04,No,8.09,1,7.0,1,82.14,0,3,0
E1003,Production,Afternoon,2026-06-11,2026-06-11 13:53:01,No,2026-06-11 22:24:50,No,8.53,1,7.0,1,82.14,0,3,0
E1003,Production,Afternoon,2026-06-12,2026-06-12 14:15:22,Yes,2026-06-12 21:47:13,No,7.53,1,7.0,1,82.14,0,3,0
E1003,Production,Afternoon,2026-06-13,2026-06-13 13:33:45,No,2026-06-13 22:28:22,No,8.91,1,7.0,1,82.14,0,3,0
E1003,Production,Afternoon,2026-06-15,2026-06-15 14:09:57,No,2026-06-15 22:01:05,No,7.85,1,7.0,1,82.14,0,3,0
E1003,Production,Afternoon,2026-06-16,2026-06-16 14:02:01,No,2026-06-16 22:16:17,No,8.24,1,7.0,1,82.14,0,3,0
E1003,Production,Afternoon,2026-06-17,2026-06-17 14:20:51,Yes,,,,0,7.0,1,82.14,0,3,0
E1003,Production,Afternoon,2026-06-18,2026-06-18 14:14:45,Yes,2026-06-18 22:24:51,No,8.17,1,7.0,1,82.14,0,3,0
E1003,Production,Afternoon,2026-06-19,2026-06-19 13:40:26,No,2026-06-19 21:42:18,Yes,8.03,1,7.0,1,82.14,0,3,0
E1003,Production,Afternoon,2026-06-20,2026-06-20 14:12:40,Yes,2026-06-20 22:24:19,No,8.19,1,7.0,1,82.14,0,3,0
E1003,Production,Afternoon,2026-06-22,2026-06-22 13:26:12,No,2026-06-22 21:39:13,Yes,8.22,1,7.0,1,82.14,0,3,0
E1003,Production,Afternoon,2026-06-23,2026-06-23 14:23:49,Yes,2026-06-23 22:45:11,No,8.36,1,7.0,1,82.14,0,3,0
E1003,Production,Afternoon,2026-06-24,2026-06-24 14:07:30,No,2026-06-24 22:10:17,No,8.05,1,7.0,1,82.14,0,3,0
E1003,Production,Afternoon,2026-06-25,2026-06-25 13:55:28,No,2026-06-25 21:27:56,Yes,7.54,1,7.0,1,82.14,0,3,0
E1003,Production,Afternoon,2026-06-26,2026-06-26 13:57:36,No,2026-06-26 21:42:13,Yes,7.74,1,7.0,1,82.14,0,3,0
E1003,Production,Afternoon,2026-06-27,2026-06-27 14:07:15,No,2026-06-27 22:04:31,No,7.95,1,7.0,1,82.14,0,3,0
E1003,Production,Afternoon,2026-06-29,2026-06-29 13:54:43,No,2026-06-29 22:16:00,No,8.35,1,7.0,1,82.14,0,3,0
E1003,Production,Afternoon,2026-06-30,2026-06-30 13:34:57,No,2026-06-30 22:31:32,No,8.94,1,7.0,1,82.14,0,3,0
E1003,Production,Afternoon,2026-07-01,2026-07-01 13:58:04,No,2026-07-01 22:30:32,No,8.54,1,7.0,1,82.14,0,3,0
E1003,Production,Afternoon,2026-07-02,2026-07-02 13:47:42,No,2026-07-02 21:52:27,No,8.08,1,7.0,1,82.14,0,3,0
E1003,Production,Afternoon,2026-07-03,2026-07-03 14:00:56,No,2026-07-03 22:26:45,No,8.43,1,7.0,1,82.14,0,3,0
E1003,Production,Afternoon,2026-07-04,2026-07-04 13:36:31,No,2026-07-04 22:21:03,No,8.74,1,7.0,1,82.14,0,3,0
E1003,Production,Afternoon,2026-07-06,2026-07-06 14:05:20,No,2026-07-06 22:19:39,No,8.24,1,7.0,1,82.14,0,3,0
E1003,Production,Afternoon,2026-07-07,2026-07-07 13:52:04,No,2026-07-07 21:46:11,No,7.9,1,7.0,1,82.14,0,3,0
E1003,Production,Afternoon,2026-07-08,2026-07-08 14:01:44,No,2026-07-08 22:23:53,No,8.37,1,7.0,1,82.14,0,3,0
E1003,Production,Afternoon,2026-07-09,2026-07-09 13:53:10,No,2026-07-09 22:03:44,No,8.18,1,7.0,1,82.14,0,3,0
E1003,Production,Afternoon,2026-07-10,2026-07-10 14:00:43,No,2026-07-10 22:21:34,No,8.35,1,7.0,1,82.14,0,3,0
E1003,Production,Afternoon,2026-07-11,2026-07-11 13:27:25,No,2026-07-11 22:22:27,No,8.92,1,7.0,1,82.14,0,3,0
E1003,Production,Afternoon,2026-07-13,2026-07-13 13:48:04,No,2026-07-13 22:42:54,No,8.91,1,7.0,1,82.14,0,3,0
E1003,Production,Afternoon,2026-07-14,2026-07-14 13:20:00,No,2026-07-14 21:47:46,No,8.46,1,7.0,1,82.14,0,3,0
E1003,Production,Afternoon,2026-07-15,2026-07-15 14:07:23,No,2026-07-15 21:44:10,Yes,7.61,1,7.0,1,82.14,0,3,0
E1003,Production,Afternoon,2026-07-16,2026-07-16 13:51:19,No,2026-07-16 21:50:12,No,7.98,1,7.0,1,82.14,0,3,0
E1003,Production,Afternoon,2026-07-17,2026-07-17 13:57:42,No,2026-07-17 21:41:24,Yes,7.73,1,7.0,1,82.14,0,3,0
E1003,Production,Afternoon,2026-07-18,2026-07-18 14:13:36,Yes,2026-07-18 22:25:01,No,8.19,1,7.0,1,82.14,0,3,0
E1003,Production,Afternoon,2026-07-21,2026-07-21 14:06:30,No,2026-07-21 22:23:10,No,8.28,1,7.0,1,82.14,0,3,0
E1003,Production,Afternoon,2026-07-22,2026-07-22 13:49:27,No,2026-07-22 22:15:40,No,8.44,1,7.0,1,82.14,0,3,0
E1004,Admin/HR,General,2026-05-01,2026-05-01 09:18:32,No,2026-05-01 18:47:08,No,9.48,1,1.0,1,80.95,0,0,1
E1004,Admin/HR,General,2026-05-02,2026-05-02 09:30:58,No,2026-05-02 18:53:17,No,9.37,1,2.0,1,80.95,0,0,1
E1004,Admin/HR,General,2026-05-04,2026-05-04 09:20:59,No,2026-05-04 19:00:25,No,9.66,1,3.0,1,80.95,0,0,1
E1004,Admin/HR,General,2026-05-05,2026-05-05 09:30:45,No,2026-05-05 18:27:37,No,8.95,1,4.0,1,80.95,0,0,1
E1004,Admin/HR,General,2026-05-06,2026-05-06 09:40:54,Yes,2026-05-06 18:40:38,No,9.0,1,5.0,1,80.95,0,0,1
E1004,Admin/HR,General,2026-05-07,2026-05-07 09:22:00,No,2026-05-07 18:16:43,No,8.91,1,6.0,1,80.95,0,0,1
E1004,Admin/HR,General,2026-05-08,2026-05-08 09:34:11,No,2026-05-08 18:49:11,No,9.25,1,7.0,1,80.95,0,0,1
E1004,Admin/HR,General,2026-05-09,2026-05-09 09:25:47,No,2026-05-09 18:39:47,No,9.23,1,7.0,1,80.95,0,0,1
E1004,Admin/HR,General,2026-05-11,2026-05-11 09:30:03,No,2026-05-11 18:36:31,No,9.11,1,7.0,1,80.95,0,0,1
E1004,Admin/HR,General,2026-05-12,2026-05-12 09:16:03,No,2026-05-12 18:18:16,No,9.04,1,7.0,1,80.95,0,0,1
E1004,Admin/HR,General,2026-05-13,2026-05-13 09:19:08,No,2026-05-13 18:46:00,No,9.45,1,7.0,1,80.95,0,0,1
E1004,Admin/HR,General,2026-05-14,2026-05-14 09:28:58,No,2026-05-14 18:57:07,No,9.47,1,7.0,1,80.95,0,0,1
E1004,Admin/HR,General,2026-05-15,2026-05-15 09:10:00,No,2026-05-15 19:06:41,No,9.94,1,7.0,1,80.95,0,0,1
E1004,Admin/HR,General,2026-05-16,2026-05-16 09:13:32,No,2026-05-16 18:29:25,No,9.26,1,7.0,1,80.95,0,0,1
E1004,Admin/HR,General,2026-05-18,2026-05-18 09:33:17,No,2026-05-18 18:27:37,No,8.91,1,7.0,1,80.95,0,0,1
E1004,Admin/HR,General,2026-05-19,2026-05-19 09:21:28,No,2026-05-19 18:47:28,No,9.43,1,7.0,1,80.95,0,0,1
E1004,Admin/HR,General,2026-05-20,2026-05-20 08:56:12,No,2026-05-20 18:47:59,No,9.86,1,7.0,1,80.95,0,0,1
E1004,Admin/HR,General,2026-05-21,2026-05-21 09:21:44,No,2026-05-21 18:37:38,No,9.26,1,7.0,1,80.95,0,0,1
E1004,Admin/HR,General,2026-05-22,2026-05-22 09:19:42,No,2026-05-22 18:16:46,No,8.95,1,7.0,1,80.95,0,0,1
E1004,Admin/HR,General,2026-05-25,2026-05-25 09:15:21,No,2026-05-25 18:21:22,No,9.1,1,7.0,1,80.95,0,0,1
E1004,Admin/HR,General,2026-05-26,2026-05-26 09:16:14,No,2026-05-26 17:57:12,Yes,8.68,1,7.0,1,80.95,0,0,1
E1004,Admin/HR,General,2026-05-28,2026-05-28 09:46:20,Yes,2026-05-28 18:44:13,No,8.96,1,7.0,1,80.95,0,0,1
E1004,Admin/HR,General,2026-05-29,2026-05-29 09:07:36,No,2026-05-29 18:59:26,No,9.86,1,7.0,1,80.95,0,0,1
E1004,Admin/HR,General,2026-05-30,2026-05-30 09:36:11,No,2026-05-30 18:42:01,No,9.1,1,7.0,1,80.95,0,0,1
E1004,Admin/HR,General,2026-06-01,2026-06-01 09:44:01,Yes,2026-06-01 18:20:21,No,8.61,1,7.0,1,80.95,0,0,1
E1004,Admin/HR,General,2026-06-02,2026-06-02 09:20:57,No,2026-06-02 18:16:27,No,8.93,1,7.0,1,80.95,0,0,1
E1004,Admin/HR,General,2026-06-03,2026-06-03 09:22:06,No,2026-06-03 18:59:51,No,9.63,1,7.0,1,80.95,0,0,1
E1004,Admin/HR,General,2026-06-04,2026-06-04 09:34:09,No,2026-06-04 18:59:47,No,9.43,1,7.0,1,80.95,0,0,1
E1004,Admin/HR,General,2026-06-05,2026-06-05 09:56:05,Yes,2026-06-05 19:12:45,No,9.28,1,7.0,1,80.95,0,0,1
E1004,Admin/HR,General,2026-06-06,2026-06-06 09:37:38,No,2026-06-06 18:28:57,No,8.86,1,7.0,1,80.95,0,0,1
E1004,Admin/HR,General,2026-06-08,2026-06-08 09:38:30,No,2026-06-08 18:17:49,No,8.66,1,7.0,1,80.95,0,0,1
E1004,Admin/HR,General,2026-06-09,2026-06-09 09:18:15,No,2026-06-09 18:38:33,No,9.34,1,7.0,1,80.95,0,0,1
E1004,Admin/HR,General,2026-06-10,2026-06-10 09:37:32,No,2026-06-10 18:21:39,No,8.74,1,7.0,1,80.95,0,0,1
E1004,Admin/HR,General,2026-06-11,2026-06-11 09:04:00,No,2026-06-11 18:37:01,No,9.55,1,7.0,1,80.95,0,0,1
E1004,Admin/HR,General,2026-06-12,2026-06-12 09:36:31,No,2026-06-12 18:37:21,No,9.01,1,7.0,1,80.95,0,0,1
E1004,Admin/HR,General,2026-06-13,2026-06-13 09:28:48,No,2026-06-13 18:25:24,No,8.94,1,7.0,1,80.95,0,0,1
E1004,Admin/HR,General,2026-06-15,2026-06-15 09:23:02,No,2026-06-15 18:41:50,No,9.31,1,7.0,1,80.95,0,0,1
E1004,Admin/HR,General,2026-06-16,2026-06-16 09:30:40,No,2026-06-16 18:20:59,No,8.84,1,7.0,1,80.95,0,0,1
E1004,Admin/HR,General,2026-06-17,2026-06-17 09:03:36,No,2026-06-17 18:20:48,No,9.29,1,7.0,1,80.95,0,0,1
E1004,Admin/HR,General,2026-06-18,2026-06-18 09:21:42,No,2026-06-18 18:57:17,No,9.59,1,7.0,1,80.95,0,0,1
E1004,Admin/HR,General,2026-06-19,2026-06-19 09:34:39,No,2026-06-19 18:26:33,No,8.86,1,7.0,1,80.95,0,0,1
E1004,Admin/HR,General,2026-06-20,2026-06-20 09:26:17,No,2026-06-20 18:54:45,No,9.47,1,7.0,1,80.95,0,0,1
E1004,Admin/HR,General,2026-06-22,2026-06-22 09:27:54,No,2026-06-22 18:43:27,No,9.26,1,7.0,1,80.95,0,0,1
E1004,Admin/HR,General,2026-06-23,2026-06-23 09:11:20,No,2026-06-23 18:33:27,No,9.37,1,7.0,1,80.95,0,0,1
E1004,Admin/HR,General,2026-06-24,2026-06-24 09:26:36,No,2026-06-24 18:39:08,No,9.21,1,7.0,1,80.95,0,0,1
E1004,Admin/HR,General,2026-06-25,2026-06-25 09:19:26,No,2026-06-25 19:26:02,No,10.11,1,7.0,1,80.95,0,0,1
E1004,Admin/HR,General,2026-06-26,2026-06-26 09:23:50,No,2026-06-26 18:57:44,No,9.56,1,7.0,1,80.95,0,0,1
E1004,Admin/HR,General,2026-06-27,2026-06-27 09:19:04,No,2026-06-27 18:45:50,No,9.45,1,7.0,1,80.95,0,0,1
E1004,Admin/HR,General,2026-06-29,2026-06-29 09:35:56,No,2026-06-29 19:01:05,No,9.42,1,7.0,1,80.95,0,0,1
E1004,Admin/HR,General,2026-06-30,2026-06-30 09:14:20,No,2026-06-30 18:34:11,No,9.33,1,7.0,1,80.95,0,0,1
E1004,Admin/HR,General,2026-07-01,2026-07-01 09:15:58,No,2026-07-01 18:16:22,No,9.01,1,7.0,1,80.95,0,0,1
E1004,Admin/HR,General,2026-07-02,2026-07-02 09:36:47,No,2026-07-02 18:21:16,No,8.74,1,7.0,1,80.95,0,0,1
E1004,Admin/HR,General,2026-07-03,2026-07-03 09:27:03,No,2026-07-03 18:30:52,No,9.06,1,7.0,1,80.95,0,0,1
E1004,Admin/HR,General,2026-07-04,2026-07-04 09:11:49,No,2026-07-04 18:35:12,No,9.39,1,7.0,1,80.95,0,0,1
E1004,Admin/HR,General,2026-07-06,2026-07-06 09:23:45,No,2026-07-06 18:48:55,No,9.42,1,7.0,1,80.95,0,0,1
E1004,Admin/HR,General,2026-07-07,2026-07-07 09:38:35,No,2026-07-07 18:46:36,No,9.13,1,7.0,1,80.95,0,0,1
E1004,Admin/HR,General,2026-07-08,2026-07-08 09:12:04,No,2026-07-08 18:26:51,No,9.25,1,7.0,1,80.95,0,0,1
E1004,Admin/HR,General,2026-07-09,2026-07-09 09:31:43,No,2026-07-09 19:02:22,No,9.51,1,7.0,1,80.95,0,0,1
E1004,Admin/HR,General,2026-07-11,2026-07-11 09:31:47,No,2026-07-11 19:10:49,No,9.65,1,7.0,1,80.95,0,0,1
E1004,Admin/HR,General,2026-07-13,2026-07-13 09:28:25,No,2026-07-13 18:17:48,No,8.82,1,7.0,1,80.95,0,0,1
E1004,Admin/HR,General,2026-07-14,2026-07-14 09:26:39,No,2026-07-14 18:26:07,No,8.99,1,7.0,1,80.95,0,0,1
E1004,Admin/HR,General,2026-07-15,2026-07-15 09:00:36,No,2026-07-15 18:42:28,No,9.7,1,7.0,1,80.95,0,0,1
E1004,Admin/HR,General,2026-07-16,2026-07-16 09:46:44,Yes,2026-07-16 18:48:45,No,9.03,1,7.0,1,80.95,0,0,1
E1004,Admin/HR,General,2026-07-17,2026-07-17 09:33:54,No,2026-07-17 18:42:18,No,9.14,1,7.0,1,80.95,0,0,1
E1004,Admin/HR,General,2026-07-18,2026-07-18 09:21:21,No,2026-07-18 18:48:42,No,9.46,1,7.0,1,80.95,0,0,1
E1004,Admin/HR,General,2026-07-20,2026-07-20 09:07:46,No,2026-07-20 18:43:15,No,9.59,1,7.0,1,80.95,0,0,1
E1004,Admin/HR,General,2026-07-21,2026-07-21 09:25:38,No,2026-07-21 19:15:13,No,9.83,1,7.0,1,80.95,0,0,1
E1004,Admin/HR,General,2026-07-22,2026-07-22 09:24:07,No,2026-07-22 18:36:02,No,9.2,1,7.0,1,80.95,0,0,1
E1005,Production,Morning,2026-05-01,2026-05-01 06:00:17,No,2026-05-01 13:51:29,No,7.85,1,1.0,0,83.33,0,3,2
E1005,Production,Morning,2026-05-02,2026-05-02 06:00:43,No,2026-05-02 13:57:26,No,7.95,1,2.0,0,83.33,0,3,2
E1005,Production,Morning,2026-05-04,2026-05-04 05:45:08,No,2026-05-04 14:50:43,No,9.09,1,3.0,0,83.33,0,3,2
E1005,Production,Morning,2026-05-05,2026-05-05 05:37:39,No,2026-05-05 14:09:01,No,8.52,1,4.0,0,83.33,0,3,2
E1005,Production,Morning,2026-05-06,2026-05-06 06:02:45,No,2026-05-06 13:49:35,No,7.78,1,5.0,0,83.33,0,3,2
E1005,Production,Morning,2026-05-07,2026-05-07 05:29:43,No,2026-05-07 14:06:37,No,8.62,1,6.0,0,83.33,0,3,2
E1005,Production,Morning,2026-05-08,2026-05-08 06:10:53,Yes,2026-05-08 14:25:35,No,8.24,1,7.0,0,83.33,0,3,2
E1005,Production,Morning,2026-05-09,2026-05-09 05:58:50,No,2026-05-09 14:04:23,No,8.09,1,7.0,0,83.33,0,3,2
E1005,Production,Morning,2026-05-11,2026-05-11 06:06:07,No,2026-05-11 14:01:14,No,7.92,1,7.0,0,83.33,0,3,2
E1005,Production,Morning,2026-05-12,2026-05-12 05:48:35,No,2026-05-12 14:05:21,No,8.28,1,7.0,0,83.33,0,3,2
E1005,Production,Morning,2026-05-13,2026-05-13 06:11:44,Yes,2026-05-13 14:00:23,No,7.81,1,7.0,0,83.33,0,3,2
E1005,Production,Morning,2026-05-14,2026-05-14 05:55:55,No,2026-05-14 14:20:45,No,8.41,1,7.0,0,83.33,0,3,2
E1005,Production,Morning,2026-05-15,2026-05-15 06:05:11,No,2026-05-15 14:04:50,No,7.99,1,7.0,0,83.33,0,3,2
E1005,Production,Morning,2026-05-16,2026-05-16 05:56:17,No,2026-05-16 14:18:47,No,8.38,1,7.0,0,83.33,0,3,2
E1005,Production,Morning,2026-05-18,2026-05-18 05:57:17,No,2026-05-18 14:04:26,No,8.12,1,7.0,0,83.33,0,3,2
E1005,Production,Morning,2026-05-19,2026-05-19 05:54:10,No,2026-05-19 13:55:02,No,8.01,1,7.0,0,83.33,0,3,2
E1005,Production,Morning,2026-05-20,2026-05-20 05:56:50,No,2026-05-20 13:58:25,No,8.03,1,7.0,0,83.33,0,3,2
E1005,Production,Morning,2026-05-21,2026-05-21 05:51:20,No,,,,0,7.0,0,83.33,0,3,2
E1005,Production,Morning,2026-05-22,2026-05-22 06:06:30,No,2026-05-22 14:23:35,No,8.28,1,7.0,0,83.33,0,3,2
E1005,Production,Morning,2026-05-23,2026-05-23 06:12:13,Yes,2026-05-23 14:08:58,No,7.95,1,7.0,0,83.33,0,3,2
E1005,Production,Morning,2026-05-25,2026-05-25 06:15:06,Yes,2026-05-25 13:40:31,Yes,7.42,1,7.0,0,83.33,0,3,2
E1005,Production,Morning,2026-05-26,2026-05-26 05:55:55,No,2026-05-26 13:51:01,No,7.92,1,7.0,0,83.33,0,3,2
E1005,Production,Morning,2026-05-27,2026-05-27 06:30:18,Yes,2026-05-27 13:36:36,Yes,7.1,1,7.0,0,83.33,0,3,2
E1005,Production,Morning,2026-05-28,2026-05-28 05:20:56,No,2026-05-28 14:02:05,No,8.69,1,7.0,0,83.33,0,3,2
E1005,Production,Morning,2026-05-29,2026-05-29 06:05:53,No,2026-05-29 14:12:01,No,8.1,1,7.0,0,83.33,0,3,2
E1005,Production,Morning,2026-05-30,2026-05-30 05:57:48,No,2026-05-30 14:30:55,No,8.55,1,7.0,0,83.33,0,3,2
E1005,Production,Morning,2026-06-01,2026-06-01 05:31:28,No,2026-06-01 14:20:13,No,8.81,1,7.0,0,83.33,0,3,2
E1005,Production,Morning,2026-06-02,2026-06-02 05:39:36,No,2026-06-02 13:38:57,Yes,7.99,1,7.0,0,83.33,0,3,2
E1005,Production,Morning,2026-06-03,2026-06-03 05:41:38,No,2026-06-03 13:52:45,No,8.19,1,7.0,0,83.33,0,3,2
E1005,Production,Morning,2026-06-04,2026-06-04 06:14:06,Yes,2026-06-04 14:25:05,No,8.18,1,7.0,0,83.33,0,3,2
E1005,Production,Morning,2026-06-05,2026-06-05 05:48:57,No,2026-06-05 14:21:44,No,8.55,1,7.0,0,83.33,0,3,2
E1005,Production,Morning,2026-06-06,2026-06-06 06:20:17,Yes,2026-06-06 14:26:44,No,8.11,1,7.0,0,83.33,0,3,2
E1005,Production,Morning,2026-06-08,2026-06-08 06:07:01,No,2026-06-08 14:05:18,No,7.97,1,7.0,0,83.33,0,3,2
E1005,Production,Morning,2026-06-09,2026-06-09 06:05:50,No,2026-06-09 13:38:11,Yes,7.54,1,7.0,0,83.33,0,3,2
E1005,Production,Morning,2026-06-10,2026-06-10 06:02:44,No,2026-06-10 14:11:33,No,8.15,1,7.0,0,83.33,0,3,2
E1005,Production,Morning,2026-06-11,2026-06-11 05:46:35,No,2026-06-11 13:38:34,Yes,7.87,1,7.0,0,83.33,0,3,2
E1005,Production,Morning,2026-06-13,2026-06-13 06:03:06,No,2026-06-13 14:08:17,No,8.09,1,7.0,0,83.33,0,3,2
E1005,Production,Morning,2026-06-15,2026-06-15 05:44:43,No,2026-06-15 13:55:22,No,8.18,1,7.0,0,83.33,0,3,2
E1005,Production,Morning,2026-06-16,2026-06-16 05:43:32,No,2026-06-16 14:18:14,No,8.58,1,7.0,0,83.33,0,3,2
E1005,Production,Morning,2026-06-17,2026-06-17 05:38:16,No,2026-06-17 14:13:21,No,8.58,1,7.0,0,83.33,0,3,2
E1005,Production,Morning,2026-06-18,2026-06-18 05:42:22,No,2026-06-18 13:52:10,No,8.16,1,7.0,0,83.33,0,3,2
E1005,Production,Morning,2026-06-19,2026-06-19 05:56:52,No,2026-06-19 14:08:30,No,8.19,1,7.0,0,83.33,0,3,2
E1005,Production,Morning,2026-06-20,2026-06-20 05:51:44,No,2026-06-20 13:54:48,No,8.05,1,7.0,0,83.33,0,3,2
E1005,Production,Morning,2026-06-22,2026-06-22 05:52:02,No,2026-06-22 13:44:35,Yes,7.88,1,7.0,0,83.33,0,3,2
E1005,Production,Morning,2026-06-24,2026-06-24 06:08:26,No,2026-06-24 14:07:49,No,7.99,1,7.0,0,83.33,0,3,2
E1005,Production,Morning,2026-06-25,2026-06-25 06:15:27,Yes,2026-06-25 14:07:10,No,7.86,1,7.0,0,83.33,0,3,2
E1005,Production,Morning,2026-06-26,2026-06-26 05:59:00,No,2026-06-26 14:20:57,No,8.37,1,7.0,0,83.33,0,3,2
E1005,Production,Morning,2026-06-27,2026-06-27 05:31:07,No,2026-06-27 13:55:12,No,8.4,1,7.0,0,83.33,0,3,2
E1005,Production,Morning,2026-06-29,2026-06-29 05:40:51,No,2026-06-29 14:23:39,No,8.71,1,7.0,0,83.33,0,3,2
E1005,Production,Morning,2026-06-30,2026-06-30 05:52:17,No,2026-06-30 14:29:52,No,8.63,1,7.0,0,83.33,0,3,2
E1005,Production,Morning,2026-07-01,2026-07-01 05:48:23,No,2026-07-01 13:50:44,No,8.04,1,7.0,0,83.33,0,3,2
E1005,Production,Morning,2026-07-02,2026-07-02 06:03:54,No,2026-07-02 13:44:26,Yes,7.68,1,7.0,0,83.33,0,3,2
E1005,Production,Morning,2026-07-03,2026-07-03 05:44:29,No,2026-07-03 14:31:45,No,8.79,1,7.0,0,83.33,0,3,2
E1005,Production,Morning,2026-07-04,2026-07-04 05:37:40,No,2026-07-04 13:46:30,No,8.15,1,7.0,0,83.33,0,3,2
E1005,Production,Morning,2026-07-06,2026-07-06 06:05:19,No,2026-07-06 14:39:55,No,8.58,1,7.0,0,83.33,0,3,2
E1005,Production,Morning,2026-07-07,2026-07-07 05:50:52,No,2026-07-07 13:56:48,No,8.1,1,7.0,0,83.33,0,3,2
E1005,Production,Morning,2026-07-08,2026-07-08 06:05:25,No,2026-07-08 13:35:24,Yes,7.5,1,7.0,0,83.33,0,3,2
E1005,Production,Morning,2026-07-09,2026-07-09 06:06:51,No,2026-07-09 14:07:29,No,8.01,1,7.0,0,83.33,0,3,2
E1005,Production,Morning,2026-07-10,2026-07-10 05:33:04,No,2026-07-10 13:45:43,No,8.21,1,7.0,0,83.33,0,3,2
E1005,Production,Morning,2026-07-11,2026-07-11 06:09:33,No,2026-07-11 14:07:11,No,7.96,1,7.0,0,83.33,0,3,2
E1005,Production,Morning,2026-07-13,2026-07-13 05:50:31,No,2026-07-13 14:34:20,No,8.73,1,7.0,0,83.33,0,3,2
E1005,Production,Morning,2026-07-14,2026-07-14 05:53:55,No,2026-07-14 14:24:48,No,8.51,1,7.0,0,83.33,0,3,2
E1005,Production,Morning,2026-07-15,2026-07-15 06:16:20,Yes,2026-07-15 14:31:03,No,8.25,1,7.0,0,83.33,0,3,2
E1005,Production,Morning,2026-07-16,2026-07-16 06:12:28,Yes,2026-07-16 14:13:45,No,8.02,1,7.0,0,83.33,0,3,2
E1005,Production,Morning,2026-07-17,2026-07-17 05:59:30,No,2026-07-17 14:27:32,No,8.47,1,7.0,0,83.33,0,3,2
E1005,Production,Morning,2026-07-18,2026-07-18 05:56:27,No,2026-07-18 13:39:49,Yes,7.72,1,7.0,0,83.33,0,3,2
E1005,Production,Morning,2026-07-20,2026-07-20 06:18:24,Yes,2026-07-20 13:50:38,No,7.54,1,7.0,0,83.33,0,3,2
E1005,Production,Morning,2026-07-21,2026-07-21 06:08:24,No,2026-07-21 14:26:16,No,8.3,1,7.0,0,83.33,0,3,2
E1005,Production,Morning,2026-07-22,2026-07-22 05:27:41,No,2026-07-22 14:10:18,No,8.71,1,7.0,0,83.33,0,3,2
E1005,Production,Morning,2026-07-23,2026-07-23 05:56:04,No,,,,0,7.0,0,83.33,0,3,2
E1006,Production,Night,2026-05-01,2026-05-01 21:31:08,No,,,,0,1.0,1,84.52,0,3,3
E1006,Production,Night,2026-05-02,2026-05-02 21:59:59,No,2026-05-03 06:05:14,No,8.09,1,2.0,1,84.52,0,3,3
E1006,Production,Night,2026-05-04,2026-05-04 21:40:38,No,,,,0,3.0,1,84.52,0,3,3
E1006,Production,Night,2026-05-05,2026-05-05 22:13:45,Yes,2026-05-06 05:36:24,Yes,7.38,1,4.0,1,84.52,0,3,3
E1006,Production,Night,2026-05-06,2026-05-06 22:02:13,No,2026-05-07 06:14:17,No,8.2,1,5.0,1,84.52,0,3,3
E1006,Production,Night,2026-05-07,2026-05-07 21:27:42,No,2026-05-08 05:36:28,Yes,8.15,1,6.0,1,84.52,0,3,3
E1006,Production,Night,2026-05-08,2026-05-08 22:07:03,No,2026-05-09 06:01:02,No,7.9,1,7.0,1,84.52,0,3,3
E1006,Production,Night,2026-05-09,2026-05-09 21:44:29,No,2026-05-10 05:46:35,No,8.04,1,7.0,1,84.52,0,3,3
E1006,Production,Night,2026-05-11,2026-05-11 22:06:30,No,,,,0,7.0,1,84.52,0,3,3
E1006,Production,Night,2026-05-12,2026-05-12 22:30:29,Yes,2026-05-13 05:47:10,No,7.28,1,7.0,1,84.52,0,3,3
E1006,Production,Night,2026-05-13,2026-05-13 21:37:23,No,2026-05-14 06:22:32,No,8.75,1,7.0,1,84.52,0,3,3
E1006,Production,Night,2026-05-14,2026-05-14 21:59:50,No,2026-05-15 06:09:46,No,8.17,1,7.0,1,84.52,0,3,3
E1006,Production,Night,2026-05-15,2026-05-15 21:30:39,No,2026-05-16 06:20:25,No,8.83,1,7.0,1,84.52,0,3,3
E1006,Production,Night,2026-05-16,2026-05-16 21:58:39,No,,,,0,7.0,1,84.52,0,3,3
E1006,Production,Night,2026-05-18,2026-05-18 22:04:02,No,,,,0,7.0,1,84.52,0,3,3
E1006,Production,Night,2026-05-19,2026-05-19 21:59:19,No,2026-05-20 06:05:35,No,8.1,1,7.0,1,84.52,0,3,3
E1006,Production,Night,2026-05-20,2026-05-20 22:14:46,Yes,2026-05-21 06:12:17,No,7.96,1,7.0,1,84.52,0,3,3
E1006,Production,Night,2026-05-21,2026-05-21 22:06:44,No,2026-05-22 06:22:39,No,8.27,1,7.0,1,84.52,0,3,3
E1006,Production,Night,2026-05-22,2026-05-22 21:53:16,No,2026-05-23 06:43:37,No,8.84,1,7.0,1,84.52,0,3,3
E1006,Production,Night,2026-05-23,2026-05-23 22:20:44,Yes,2026-05-24 06:15:39,No,7.92,1,7.0,1,84.52,0,3,3
E1006,Production,Night,2026-05-25,2026-05-25 21:58:27,No,,,,0,7.0,1,84.52,0,3,3
E1006,Production,Night,2026-05-26,2026-05-26 21:32:56,No,2026-05-27 06:31:11,No,8.97,1,7.0,1,84.52,0,3,3
E1006,Production,Night,2026-05-27,2026-05-27 22:00:17,No,2026-05-28 06:13:44,No,8.22,1,7.0,1,84.52,0,3,3
E1006,Production,Night,2026-05-28,2026-05-28 22:10:01,Yes,2026-05-29 06:22:04,No,8.2,1,7.0,1,84.52,0,3,3
E1006,Production,Night,2026-05-29,2026-05-29 21:52:10,No,2026-05-30 05:45:31,No,7.89,1,7.0,1,84.52,0,3,3
E1006,Production,Night,2026-05-30,2026-05-30 21:46:16,No,2026-05-31 05:58:52,No,8.21,1,7.0,1,84.52,0,3,3
E1006,Production,Night,2026-06-01,2026-06-01 21:45:53,No,,,,0,7.0,1,84.52,0,3,3
E1006,Production,Night,2026-06-02,2026-06-02 21:50:20,No,2026-06-03 05:58:20,No,8.13,1,7.0,1,84.52,0,3,3
E1006,Production,Night,2026-06-03,2026-06-03 21:58:30,No,2026-06-04 06:05:26,No,8.12,1,7.0,1,84.52,0,3,3
E1006,Production,Night,2026-06-04,2026-06-04 21:52:34,No,2026-06-05 06:25:20,No,8.55,1,7.0,1,84.52,0,3,3
E1006,Production,Night,2026-06-05,2026-06-05 22:05:09,No,2026-06-06 06:21:28,No,8.27,1,7.0,1,84.52,0,3,3
E1006,Production,Night,2026-06-06,2026-06-06 22:07:11,No,2026-06-07 06:21:51,No,8.24,1,7.0,1,84.52,0,3,3
E1006,Production,Night,2026-06-08,2026-06-08 22:00:10,No,,,,0,7.0,1,84.52,0,3,3
E1006,Production,Night,2026-06-09,2026-06-09 22:02:56,No,2026-06-10 06:27:23,No,8.41,1,7.0,1,84.52,0,3,3
E1006,Production,Night,2026-06-10,2026-06-10 21:52:44,No,2026-06-11 06:16:16,No,8.39,1,7.0,1,84.52,0,3,3
E1006,Production,Night,2026-06-11,2026-06-11 21:29:21,No,2026-06-12 05:47:49,No,8.31,1,7.0,1,84.52,0,3,3
E1006,Production,Night,2026-06-12,2026-06-12 22:00:23,No,2026-06-13 06:08:35,No,8.14,1,7.0,1,84.52,0,3,3
E1006,Production,Night,2026-06-13,2026-06-13 22:03:41,No,2026-06-14 06:31:34,No,8.46,1,7.0,1,84.52,0,3,3
E1006,Production,Night,2026-06-15,2026-06-15 22:05:09,No,,,,0,7.0,1,84.52,0,3,3
E1006,Production,Night,2026-06-16,2026-06-16 21:56:47,No,2026-06-17 06:13:58,No,8.29,1,7.0,1,84.52,0,3,3
E1006,Production,Night,2026-06-17,2026-06-17 21:45:45,No,2026-06-18 05:56:53,No,8.19,1,7.0,1,84.52,0,3,3
E1006,Production,Night,2026-06-18,2026-06-18 21:38:52,No,2026-06-19 06:30:52,No,8.87,1,7.0,1,84.52,0,3,3
E1006,Production,Night,2026-06-19,2026-06-19 21:26:23,No,2026-06-20 05:19:38,Yes,7.89,1,7.0,1,84.52,0,3,3
E1006,Production,Night,2026-06-20,2026-06-20 22:00:37,No,2026-06-21 06:00:02,No,7.99,1,7.0,1,84.52,0,3,3
E1006,Production,Night,2026-06-22,2026-06-22 21:48:50,No,,,,0,7.0,1,84.52,0,3,3
E1006,Production,Night,2026-06-23,2026-06-23 21:42:38,No,2026-06-24 06:30:29,No,8.8,1,7.0,1,84.52,0,3,3
E1006,Production,Night,2026-06-24,2026-06-24 22:04:28,No,2026-06-25 06:18:44,No,8.24,1,7.0,1,84.52,0,3,3
E1006,Production,Night,2026-06-25,2026-06-25 21:58:19,No,2026-06-26 06:29:16,No,8.52,1,7.0,1,84.52,0,3,3
E1006,Production,Night,2026-06-26,2026-06-26 21:54:18,No,2026-06-27 05:46:22,No,7.87,1,7.0,1,84.52,0,3,3
E1006,Production,Night,2026-06-27,2026-06-27 22:06:45,No,2026-06-28 06:16:28,No,8.16,1,7.0,1,84.52,0,3,3
E1006,Production,Night,2026-06-29,2026-06-29 22:01:03,No,,,,0,7.0,1,84.52,0,3,3
E1006,Production,Night,2026-06-30,2026-06-30 22:03:26,No,2026-07-01 06:24:26,No,8.35,1,7.0,1,84.52,0,3,3
E1006,Production,Night,2026-07-01,2026-07-01 21:44:49,No,2026-07-02 05:51:35,No,8.11,1,7.0,1,84.52,0,3,3
E1006,Production,Night,2026-07-02,2026-07-02 21:45:32,No,2026-07-03 06:43:34,No,8.97,1,7.0,1,84.52,0,3,3
E1006,Production,Night,2026-07-03,2026-07-03 21:48:58,No,2026-07-04 05:54:42,No,8.1,1,7.0,1,84.52,0,3,3
E1006,Production,Night,2026-07-04,2026-07-04 21:49:33,No,2026-07-05 06:21:57,No,8.54,1,7.0,1,84.52,0,3,3
E1006,Production,Night,2026-07-06,2026-07-06 21:48:23,No,,,,0,7.0,1,84.52,0,3,3
E1006,Production,Night,2026-07-07,2026-07-07 21:43:30,No,2026-07-08 06:08:53,No,8.42,1,7.0,1,84.52,0,3,3
E1006,Production,Night,2026-07-08,2026-07-08 22:05:40,No,2026-07-09 06:05:41,No,8.0,1,7.0,1,84.52,0,3,3
E1006,Production,Night,2026-07-09,2026-07-09 21:54:49,No,2026-07-10 05:44:23,Yes,7.83,1,7.0,1,84.52,0,3,3
E1006,Production,Night,2026-07-10,2026-07-10 21:45:12,No,2026-07-11 06:03:14,No,8.3,1,7.0,1,84.52,0,3,3
E1006,Production,Night,2026-07-11,2026-07-11 22:00:50,No,2026-07-12 05:58:36,No,7.96,1,7.0,1,84.52,0,3,3
E1006,Production,Night,2026-07-13,2026-07-13 22:03:55,No,,,,0,7.0,1,84.52,0,3,3
E1006,Production,Night,2026-07-14,2026-07-14 21:50:10,No,2026-07-15 06:10:23,No,8.34,1,7.0,1,84.52,0,3,3
E1006,Production,Night,2026-07-15,2026-07-15 21:40:57,No,,,,0,7.0,1,84.52,0,3,3
E1006,Production,Night,2026-07-16,2026-07-16 21:51:31,No,2026-07-17 06:32:05,No,8.68,1,7.0,1,84.52,0,3,3
E1006,Production,Night,2026-07-17,2026-07-17 21:55:53,No,2026-07-18 05:32:26,Yes,7.61,1,7.0,1,84.52,0,3,3
E1006,Production,Night,2026-07-18,2026-07-18 21:51:29,No,2026-07-19 06:27:24,No,8.6,1,7.0,1,84.52,0,3,3
E1006,Production,Night,2026-07-20,2026-07-20 21:57:27,No,,,,0,7.0,1,84.52,0,3,3
E1006,Production,Night,2026-07-21,2026-07-21 22:14:39,Yes,2026-07-22 05:51:12,No,7.61,1,7.0,1,84.52,0,3,3
E1006,Production,Night,2026-07-22,2026-07-22 21:56:15,No,2026-07-23 05:55:09,No,7.98,1,7.0,1,84.52,0,3,3
E1007,Warehouse,Night,2026-05-01,2026-05-01 21:50:51,No,,,,0,1.0,1,82.14,0,6,3
E1007,Warehouse,Night,2026-05-02,2026-05-02 21:48:02,No,2026-05-03 06:14:50,No,8.45,1,2.0,1,82.14,0,6,3
E1007,Warehouse,Night,2026-05-04,2026-05-04 21:46:40,No,,,,0,3.0,1,82.14,0,6,3
E1007,Warehouse,Night,2026-05-05,2026-05-05 22:13:06,Yes,2026-05-06 05:52:42,No,7.66,1,4.0,1,82.14,0,6,3
E1007,Warehouse,Night,2026-05-06,2026-05-06 22:15:32,Yes,2026-05-07 05:39:04,Yes,7.39,1,5.0,1,82.14,0,6,3
E1007,Warehouse,Night,2026-05-07,2026-05-07 22:12:02,Yes,2026-05-08 05:39:24,Yes,7.46,1,6.0,1,82.14,0,6,3
E1007,Warehouse,Night,2026-05-08,2026-05-08 21:48:29,No,2026-05-09 05:51:55,No,8.06,1,7.0,1,82.14,0,6,3
E1007,Warehouse,Night,2026-05-09,2026-05-09 21:52:17,No,2026-05-10 05:44:00,Yes,7.86,1,7.0,1,82.14,0,6,3
E1007,Warehouse,Night,2026-05-11,2026-05-11 21:34:03,No,,,,0,7.0,1,82.14,0,6,3
E1007,Warehouse,Night,2026-05-12,2026-05-12 22:00:48,No,2026-05-13 06:01:42,No,8.02,1,7.0,1,82.14,0,6,3
E1007,Warehouse,Night,2026-05-13,2026-05-13 21:42:56,No,,,,0,7.0,1,82.14,0,6,3
E1007,Warehouse,Night,2026-05-14,2026-05-14 22:00:50,No,2026-05-15 06:30:16,No,8.49,1,7.0,1,82.14,0,6,3
E1007,Warehouse,Night,2026-05-15,2026-05-15 21:56:29,No,2026-05-16 06:01:07,No,8.08,1,7.0,1,82.14,0,6,3
E1007,Warehouse,Night,2026-05-16,2026-05-16 21:36:09,No,2026-05-17 05:57:33,No,8.36,1,7.0,1,82.14,0,6,3
E1007,Warehouse,Night,2026-05-18,2026-05-18 21:48:57,No,,,,0,7.0,1,82.14,0,6,3
E1007,Warehouse,Night,2026-05-19,2026-05-19 22:00:54,No,2026-05-20 05:56:08,No,7.92,1,7.0,1,82.14,0,6,3
E1007,Warehouse,Night,2026-05-20,2026-05-20 22:17:58,Yes,2026-05-21 05:59:32,No,7.69,1,7.0,1,82.14,0,6,3
E1007,Warehouse,Night,2026-05-21,2026-05-21 21:34:50,No,2026-05-22 06:07:08,No,8.54,1,7.0,1,82.14,0,6,3
E1007,Warehouse,Night,2026-05-22,2026-05-22 21:34:28,No,2026-05-23 06:22:35,No,8.8,1,7.0,1,82.14,0,6,3
E1007,Warehouse,Night,2026-05-23,2026-05-23 22:06:31,No,2026-05-24 06:14:47,No,8.14,1,7.0,1,82.14,0,6,3
E1007,Warehouse,Night,2026-05-25,2026-05-25 22:02:16,No,,,,0,7.0,1,82.14,0,6,3
E1007,Warehouse,Night,2026-05-26,2026-05-26 21:46:17,No,2026-05-27 06:02:25,No,8.27,1,7.0,1,82.14,0,6,3
E1007,Warehouse,Night,2026-05-27,2026-05-27 21:48:58,No,2026-05-28 06:02:26,No,8.22,1,7.0,1,82.14,0,6,3
E1007,Warehouse,Night,2026-05-28,2026-05-28 21:39:00,No,2026-05-29 06:11:40,No,8.54,1,7.0,1,82.14,0,6,3
E1007,Warehouse,Night,2026-05-29,2026-05-29 21:42:00,No,2026-05-30 06:02:44,No,8.35,1,7.0,1,82.14,0,6,3
E1007,Warehouse,Night,2026-05-30,2026-05-30 21:49:08,No,2026-05-31 06:01:42,No,8.21,1,7.0,1,82.14,0,6,3
E1007,Warehouse,Night,2026-06-01,2026-06-01 22:06:34,No,,,,0,7.0,1,82.14,0,6,3
E1007,Warehouse,Night,2026-06-02,2026-06-02 21:48:24,No,2026-06-03 06:21:03,No,8.54,1,7.0,1,82.14,0,6,3
E1007,Warehouse,Night,2026-06-04,2026-06-04 21:45:23,No,,,,0,7.0,1,82.14,0,6,3
E1007,Warehouse,Night,2026-06-05,2026-06-05 21:38:04,No,2026-06-06 06:07:53,No,8.5,1,7.0,1,82.14,0,6,3
E1007,Warehouse,Night,2026-06-06,2026-06-06 21:51:20,No,2026-06-07 06:29:28,No,8.64,1,7.0,1,82.14,0,6,3
E1007,Warehouse,Night,2026-06-08,2026-06-08 22:00:57,No,,,,0,7.0,1,82.14,0,6,3
E1007,Warehouse,Night,2026-06-09,2026-06-09 21:59:43,No,2026-06-10 05:58:28,No,7.98,1,7.0,1,82.14,0,6,3
E1007,Warehouse,Night,2026-06-10,2026-06-10 22:00:00,No,2026-06-11 05:54:28,No,7.91,1,7.0,1,82.14,0,6,3
E1007,Warehouse,Night,2026-06-11,2026-06-11 22:03:57,No,2026-06-12 06:13:45,No,8.16,1,7.0,1,82.14,0,6,3
E1007,Warehouse,Night,2026-06-12,2026-06-12 21:49:45,No,2026-06-13 05:58:29,No,8.15,1,7.0,1,82.14,0,6,3
E1007,Warehouse,Night,2026-06-13,2026-06-13 22:12:26,Yes,2026-06-14 06:18:50,No,8.11,1,7.0,1,82.14,0,6,3
E1007,Warehouse,Night,2026-06-15,2026-06-15 22:14:54,Yes,,,,0,7.0,1,82.14,0,6,3
E1007,Warehouse,Night,2026-06-16,2026-06-16 21:46:37,No,2026-06-17 06:30:19,No,8.73,1,7.0,1,82.14,0,6,3
E1007,Warehouse,Night,2026-06-17,2026-06-17 21:50:41,No,2026-06-18 06:01:55,No,8.19,1,7.0,1,82.14,0,6,3
E1007,Warehouse,Night,2026-06-18,2026-06-18 21:53:26,No,2026-06-19 06:16:30,No,8.38,1,7.0,1,82.14,0,6,3
E1007,Warehouse,Night,2026-06-19,2026-06-19 22:03:56,No,2026-06-20 05:49:51,No,7.77,1,7.0,1,82.14,0,6,3
E1007,Warehouse,Night,2026-06-20,2026-06-20 22:17:08,Yes,2026-06-21 06:02:25,No,7.75,1,7.0,1,82.14,0,6,3
E1007,Warehouse,Night,2026-06-22,2026-06-22 22:09:03,No,,,,0,7.0,1,82.14,0,6,3
E1007,Warehouse,Night,2026-06-23,2026-06-23 22:11:17,Yes,2026-06-24 06:36:13,No,8.42,1,7.0,1,82.14,0,6,3
E1007,Warehouse,Night,2026-06-24,2026-06-24 21:53:43,No,2026-06-25 06:10:40,No,8.28,1,7.0,1,82.14,0,6,3
E1007,Warehouse,Night,2026-06-25,2026-06-25 22:23:35,Yes,2026-06-26 06:22:59,No,7.99,1,7.0,1,82.14,0,6,3
E1007,Warehouse,Night,2026-06-26,2026-06-26 21:53:21,No,2026-06-27 05:40:41,Yes,7.79,1,7.0,1,82.14,0,6,3
E1007,Warehouse,Night,2026-06-27,2026-06-27 22:04:18,No,2026-06-28 06:23:58,No,8.33,1,7.0,1,82.14,0,6,3
E1007,Warehouse,Night,2026-06-29,2026-06-29 21:59:06,No,,,,0,7.0,1,82.14,0,6,3
E1007,Warehouse,Night,2026-06-30,2026-06-30 22:10:16,Yes,2026-07-01 05:54:01,No,7.73,1,7.0,1,82.14,0,6,3
E1007,Warehouse,Night,2026-07-01,2026-07-01 22:09:04,No,2026-07-02 05:41:50,Yes,7.55,1,7.0,1,82.14,0,6,3
E1007,Warehouse,Night,2026-07-02,2026-07-02 21:51:24,No,2026-07-03 06:02:27,No,8.18,1,7.0,1,82.14,0,6,3
E1007,Warehouse,Night,2026-07-03,2026-07-03 22:11:26,Yes,2026-07-04 05:53:35,No,7.7,1,7.0,1,82.14,0,6,3
E1007,Warehouse,Night,2026-07-04,2026-07-04 21:48:28,No,2026-07-05 06:35:32,No,8.78,1,7.0,1,82.14,0,6,3
E1007,Warehouse,Night,2026-07-06,2026-07-06 22:05:54,No,,,,0,7.0,1,82.14,0,6,3
E1007,Warehouse,Night,2026-07-07,2026-07-07 21:47:29,No,2026-07-08 06:14:21,No,8.45,1,7.0,1,82.14,0,6,3
E1007,Warehouse,Night,2026-07-08,2026-07-08 21:45:06,No,2026-07-09 05:54:32,No,8.16,1,7.0,1,82.14,0,6,3
E1007,Warehouse,Night,2026-07-09,2026-07-09 21:50:32,No,2026-07-10 06:16:07,No,8.43,1,7.0,1,82.14,0,6,3
E1007,Warehouse,Night,2026-07-10,2026-07-10 22:02:46,No,2026-07-11 06:13:10,No,8.17,1,7.0,1,82.14,0,6,3
E1007,Warehouse,Night,2026-07-11,2026-07-11 21:56:53,No,2026-07-12 06:16:04,No,8.32,1,7.0,1,82.14,0,6,3
E1007,Warehouse,Night,2026-07-13,2026-07-13 21:36:13,No,,,,0,7.0,1,82.14,0,6,3
E1007,Warehouse,Night,2026-07-14,2026-07-14 21:43:53,No,2026-07-15 05:59:19,No,8.26,1,7.0,1,82.14,0,6,3
E1007,Warehouse,Night,2026-07-15,2026-07-15 22:10:23,Yes,2026-07-16 06:14:09,No,8.06,1,7.0,1,82.14,0,6,3
E1007,Warehouse,Night,2026-07-17,2026-07-17 21:49:18,No,,,,0,7.0,1,82.14,0,6,3
E1007,Warehouse,Night,2026-07-18,2026-07-18 21:56:45,No,2026-07-19 05:48:28,No,7.86,1,7.0,1,82.14,0,6,3
E1007,Warehouse,Night,2026-07-20,2026-07-20 21:49:29,No,,,,0,7.0,1,82.14,0,6,3
E1007,Warehouse,Night,2026-07-21,2026-07-21 22:02:24,No,2026-07-22 06:33:12,No,8.51,1,7.0,1,82.14,0,6,3
E1007,Warehouse,Night,2026-07-22,2026-07-22 22:08:39,No,2026-07-23 06:04:05,No,7.92,1,7.0,1,82.14,0,6,3
E1008,Quality Control,Morning,2026-05-01,2026-05-01 05:46:46,No,2026-05-01 14:31:37,No,8.75,1,1.0,1,80.95,0,4,2
E1008,Quality Control,Morning,2026-05-02,2026-05-02 05:47:15,No,2026-05-02 14:00:43,No,8.22,1,2.0,1,80.95,0,4,2
E1008,Quality Control,Morning,2026-05-04,2026-05-04 05:54:59,No,,,,0,3.0,1,80.95,0,4,2
E1008,Quality Control,Morning,2026-05-05,2026-05-05 05:52:52,No,2026-05-05 14:22:25,No,8.49,1,4.0,1,80.95,0,4,2
E1008,Quality Control,Morning,2026-05-06,2026-05-06 06:05:23,No,2026-05-06 14:30:41,No,8.42,1,5.0,1,80.95,0,4,2
E1008,Quality Control,Morning,2026-05-07,2026-05-07 06:06:01,No,2026-05-07 14:29:54,No,8.4,1,6.0,1,80.95,0,4,2
E1008,Quality Control,Morning,2026-05-08,2026-05-08 05:48:54,No,2026-05-08 13:48:43,No,8.0,1,7.0,1,80.95,0,4,2
E1008,Quality Control,Morning,2026-05-09,2026-05-09 05:38:16,No,2026-05-09 13:49:27,No,8.19,1,7.0,1,80.95,0,4,2
E1008,Quality Control,Morning,2026-05-11,2026-05-11 06:33:17,Yes,2026-05-11 14:06:53,No,7.56,1,7.0,1,80.95,0,4,2
E1008,Quality Control,Morning,2026-05-12,2026-05-12 06:01:48,No,2026-05-12 13:49:10,No,7.79,1,7.0,1,80.95,0,4,2
E1008,Quality Control,Morning,2026-05-13,2026-05-13 06:11:36,Yes,2026-05-13 13:43:23,Yes,7.53,1,7.0,1,80.95,0,4,2
E1008,Quality Control,Morning,2026-05-14,2026-05-14 05:49:43,No,2026-05-14 14:05:22,No,8.26,1,7.0,1,80.95,0,4,2
E1008,Quality Control,Morning,2026-05-15,2026-05-15 06:15:03,Yes,2026-05-15 13:24:35,Yes,7.16,1,7.0,1,80.95,0,4,2
E1008,Quality Control,Morning,2026-05-16,2026-05-16 06:04:36,No,2026-05-16 14:12:57,No,8.14,1,7.0,1,80.95,0,4,2
E1008,Quality Control,Morning,2026-05-18,2026-05-18 06:15:04,Yes,2026-05-18 14:30:26,No,8.26,1,7.0,1,80.95,0,4,2
E1008,Quality Control,Morning,2026-05-19,2026-05-19 05:59:03,No,2026-05-19 13:57:15,No,7.97,1,7.0,1,80.95,0,4,2
E1008,Quality Control,Morning,2026-05-20,2026-05-20 05:52:46,No,2026-05-20 13:47:06,No,7.91,1,7.0,1,80.95,0,4,2
E1008,Quality Control,Morning,2026-05-21,2026-05-21 06:13:19,Yes,2026-05-21 13:38:40,Yes,7.42,1,7.0,1,80.95,0,4,2
E1008,Quality Control,Morning,2026-05-22,2026-05-22 06:02:16,No,2026-05-22 14:13:01,No,8.18,1,7.0,1,80.95,0,4,2
E1008,Quality Control,Morning,2026-05-25,2026-05-25 05:53:03,No,2026-05-25 14:09:11,No,8.27,1,7.0,1,80.95,0,4,2
E1008,Quality Control,Morning,2026-05-26,2026-05-26 06:09:23,No,2026-05-26 14:16:57,No,8.13,1,7.0,1,80.95,0,4,2
E1008,Quality Control,Morning,2026-05-27,2026-05-27 06:32:56,Yes,2026-05-27 14:05:46,No,7.55,1,7.0,1,80.95,0,4,2
E1008,Quality Control,Morning,2026-05-28,2026-05-28 05:58:24,No,2026-05-28 14:00:29,No,8.03,1,7.0,1,80.95,0,4,2
E1008,Quality Control,Morning,2026-05-29,2026-05-29 06:14:44,Yes,2026-05-29 14:24:06,No,8.16,1,7.0,1,80.95,0,4,2
E1008,Quality Control,Morning,2026-05-30,2026-05-30 05:46:37,No,2026-05-30 13:49:37,No,8.05,1,7.0,1,80.95,0,4,2
E1008,Quality Control,Morning,2026-06-02,2026-06-02 05:50:34,No,2026-06-02 13:53:24,No,8.05,1,7.0,1,80.95,0,4,2
E1008,Quality Control,Morning,2026-06-03,2026-06-03 05:58:26,No,2026-06-03 14:15:17,No,8.28,1,7.0,1,80.95,0,4,2
E1008,Quality Control,Morning,2026-06-04,2026-06-04 05:53:34,No,2026-06-04 14:17:52,No,8.4,1,7.0,1,80.95,0,4,2
E1008,Quality Control,Morning,2026-06-05,2026-06-05 06:14:18,Yes,2026-06-05 13:41:15,Yes,7.45,1,7.0,1,80.95,0,4,2
E1008,Quality Control,Morning,2026-06-06,2026-06-06 06:04:57,No,2026-06-06 14:27:35,No,8.38,1,7.0,1,80.95,0,4,2
E1008,Quality Control,Morning,2026-06-08,2026-06-08 06:01:50,No,2026-06-08 14:06:15,No,8.07,1,7.0,1,80.95,0,4,2
E1008,Quality Control,Morning,2026-06-09,2026-06-09 06:11:35,Yes,,,,0,7.0,1,80.95,0,4,2
E1008,Quality Control,Morning,2026-06-10,2026-06-10 05:52:15,No,2026-06-10 13:59:15,No,8.12,1,7.0,1,80.95,0,4,2
E1008,Quality Control,Morning,2026-06-11,2026-06-11 06:22:59,Yes,2026-06-11 14:12:59,No,7.83,1,7.0,1,80.95,0,4,2
E1008,Quality Control,Morning,2026-06-12,2026-06-12 05:58:01,No,2026-06-12 14:15:34,No,8.29,1,7.0,1,80.95,0,4,2
E1008,Quality Control,Morning,2026-06-13,2026-06-13 06:00:24,No,2026-06-13 14:12:03,No,8.19,1,7.0,1,80.95,0,4,2
E1008,Quality Control,Morning,2026-06-15,2026-06-15 05:44:09,No,2026-06-15 13:59:06,No,8.25,1,7.0,1,80.95,0,4,2
E1008,Quality Control,Morning,2026-06-16,2026-06-16 05:54:39,No,2026-06-16 13:40:02,Yes,7.76,1,7.0,1,80.95,0,4,2
E1008,Quality Control,Morning,2026-06-17,2026-06-17 06:07:00,No,2026-06-17 14:11:18,No,8.07,1,7.0,1,80.95,0,4,2
E1008,Quality Control,Morning,2026-06-18,2026-06-18 05:51:57,No,2026-06-18 14:00:19,No,8.14,1,7.0,1,80.95,0,4,2
E1008,Quality Control,Morning,2026-06-19,2026-06-19 06:01:53,No,2026-06-19 14:19:38,No,8.3,1,7.0,1,80.95,0,4,2
E1008,Quality Control,Morning,2026-06-20,2026-06-20 05:57:50,No,2026-06-20 14:15:58,No,8.3,1,7.0,1,80.95,0,4,2
E1008,Quality Control,Morning,2026-06-22,2026-06-22 06:09:43,No,2026-06-22 13:47:43,No,7.63,1,7.0,1,80.95,0,4,2
E1008,Quality Control,Morning,2026-06-23,2026-06-23 06:05:07,No,2026-06-23 14:09:14,No,8.07,1,7.0,1,80.95,0,4,2
E1008,Quality Control,Morning,2026-06-24,2026-06-24 05:59:44,No,2026-06-24 14:33:35,No,8.56,1,7.0,1,80.95,0,4,2
E1008,Quality Control,Morning,2026-06-25,2026-06-25 05:48:58,No,2026-06-25 14:13:10,No,8.4,1,7.0,1,80.95,0,4,2
E1008,Quality Control,Morning,2026-06-26,2026-06-26 05:52:26,No,2026-06-26 14:14:59,No,8.38,1,7.0,1,80.95,0,4,2
E1008,Quality Control,Morning,2026-06-27,2026-06-27 05:49:57,No,2026-06-27 13:52:50,No,8.05,1,7.0,1,80.95,0,4,2
E1008,Quality Control,Morning,2026-06-29,2026-06-29 05:44:06,No,2026-06-29 14:05:54,No,8.36,1,7.0,1,80.95,0,4,2
E1008,Quality Control,Morning,2026-06-30,2026-06-30 05:47:08,No,2026-06-30 14:05:01,No,8.3,1,7.0,1,80.95,0,4,2
E1008,Quality Control,Morning,2026-07-01,2026-07-01 05:47:13,No,2026-07-01 14:27:02,No,8.66,1,7.0,1,80.95,0,4,2
E1008,Quality Control,Morning,2026-07-02,2026-07-02 06:10:21,Yes,2026-07-02 14:37:53,No,8.46,1,7.0,1,80.95,0,4,2
E1008,Quality Control,Morning,2026-07-03,2026-07-03 06:07:24,No,2026-07-03 13:53:59,No,7.78,1,7.0,1,80.95,0,4,2
E1008,Quality Control,Morning,2026-07-06,2026-07-06 05:47:16,No,2026-07-06 14:08:07,No,8.35,1,7.0,1,80.95,0,4,2
E1008,Quality Control,Morning,2026-07-07,2026-07-07 05:45:45,No,2026-07-07 14:23:21,No,8.63,1,7.0,1,80.95,0,4,2
E1008,Quality Control,Morning,2026-07-08,2026-07-08 05:43:04,No,2026-07-08 13:49:43,No,8.11,1,7.0,1,80.95,0,4,2
E1008,Quality Control,Morning,2026-07-09,2026-07-09 06:06:56,No,2026-07-09 14:35:05,No,8.47,1,7.0,1,80.95,0,4,2
E1008,Quality Control,Morning,2026-07-10,2026-07-10 05:42:43,No,2026-07-10 13:49:12,No,8.11,1,7.0,1,80.95,0,4,2
E1008,Quality Control,Morning,2026-07-11,2026-07-11 05:46:26,No,2026-07-11 13:59:22,No,8.22,1,7.0,1,80.95,0,4,2
E1008,Quality Control,Morning,2026-07-13,2026-07-13 05:46:06,No,2026-07-13 14:16:11,No,8.5,1,7.0,1,80.95,0,4,2
E1008,Quality Control,Morning,2026-07-14,2026-07-14 06:07:51,No,2026-07-14 14:17:34,No,8.16,1,7.0,1,80.95,0,4,2
E1008,Quality Control,Morning,2026-07-15,2026-07-15 05:53:42,No,2026-07-15 13:02:46,Yes,7.15,1,7.0,1,80.95,0,4,2
E1008,Quality Control,Morning,2026-07-16,2026-07-16 05:31:48,No,2026-07-16 13:53:25,No,8.36,1,7.0,1,80.95,0,4,2
E1008,Quality Control,Morning,2026-07-17,2026-07-17 05:41:59,No,2026-07-17 14:21:01,No,8.65,1,7.0,1,80.95,0,4,2
E1008,Quality Control,Morning,2026-07-18,2026-07-18 06:09:14,No,2026-07-18 14:12:56,No,8.06,1,7.0,1,80.95,0,4,2
E1008,Quality Control,Morning,2026-07-20,2026-07-20 05:59:46,No,2026-07-20 14:14:22,No,8.24,1,7.0,1,80.95,0,4,2
E1008,Quality Control,Morning,2026-07-21,2026-07-21 05:37:58,No,2026-07-21 14:18:26,No,8.67,1,7.0,1,80.95,0,4,2
E1008,Quality Control,Morning,2026-07-22,2026-07-22 05:47:01,No,2026-07-22 14:17:32,No,8.51,1,7.0,1,80.95,0,4,2
E1009,Warehouse,Afternoon,2026-05-01,2026-05-01 14:00:21,No,2026-05-01 21:56:08,No,7.93,1,1.0,1,82.14,0,6,0
E1009,Warehouse,Afternoon,2026-05-02,2026-05-02 14:04:35,No,2026-05-02 22:02:16,No,7.96,1,2.0,1,82.14,0,6,0
E1009,Warehouse,Afternoon,2026-05-04,2026-05-04 13:58:01,No,2026-05-04 22:12:12,No,8.24,1,3.0,1,82.14,0,6,0
E1009,Warehouse,Afternoon,2026-05-05,2026-05-05 13:39:02,No,2026-05-05 21:58:38,No,8.33,1,4.0,1,82.14,0,6,0
E1009,Warehouse,Afternoon,2026-05-06,2026-05-06 14:38:32,Yes,2026-05-06 22:29:49,No,7.85,1,5.0,1,82.14,0,6,0
E1009,Warehouse,Afternoon,2026-05-07,2026-05-07 14:14:38,Yes,2026-05-07 22:18:04,No,8.06,1,6.0,1,82.14,0,6,0
E1009,Warehouse,Afternoon,2026-05-08,2026-05-08 13:48:24,No,2026-05-08 22:28:38,No,8.67,1,7.0,1,82.14,0,6,0
E1009,Warehouse,Afternoon,2026-05-09,2026-05-09 14:23:33,Yes,2026-05-09 22:07:29,No,7.73,1,7.0,1,82.14,0,6,0
E1009,Warehouse,Afternoon,2026-05-11,2026-05-11 13:53:58,No,2026-05-11 22:14:44,No,8.35,1,7.0,1,82.14,0,6,0
E1009,Warehouse,Afternoon,2026-05-12,2026-05-12 13:55:00,No,2026-05-12 22:06:17,No,8.19,1,7.0,1,82.14,0,6,0
E1009,Warehouse,Afternoon,2026-05-13,2026-05-13 13:48:11,No,2026-05-13 22:11:59,No,8.4,1,7.0,1,82.14,0,6,0
E1009,Warehouse,Afternoon,2026-05-14,2026-05-14 13:57:03,No,2026-05-14 21:59:44,No,8.04,1,7.0,1,82.14,0,6,0
E1009,Warehouse,Afternoon,2026-05-15,2026-05-15 13:45:46,No,2026-05-15 22:03:36,No,8.3,1,7.0,1,82.14,0,6,0
E1009,Warehouse,Afternoon,2026-05-16,2026-05-16 13:39:59,No,2026-05-16 21:59:45,No,8.33,1,7.0,1,82.14,0,6,0
E1009,Warehouse,Afternoon,2026-05-18,2026-05-18 14:03:11,No,2026-05-18 21:55:19,No,7.87,1,7.0,1,82.14,0,6,0
E1009,Warehouse,Afternoon,2026-05-19,2026-05-19 13:38:05,No,2026-05-19 22:14:48,No,8.61,1,7.0,1,82.14,0,6,0
E1009,Warehouse,Afternoon,2026-05-20,2026-05-20 14:02:27,No,2026-05-20 22:20:16,No,8.3,1,7.0,1,82.14,0,6,0
E1009,Warehouse,Afternoon,2026-05-21,2026-05-21 13:54:58,No,2026-05-21 22:14:33,No,8.33,1,7.0,1,82.14,0,6,0
E1009,Warehouse,Afternoon,2026-05-22,2026-05-22 14:08:30,No,2026-05-22 21:58:13,No,7.83,1,7.0,1,82.14,0,6,0
E1009,Warehouse,Afternoon,2026-05-23,2026-05-23 13:35:59,No,2026-05-23 22:01:42,No,8.43,1,7.0,1,82.14,0,6,0
E1009,Warehouse,Afternoon,2026-05-25,2026-05-25 13:35:03,No,,,,0,7.0,1,82.14,0,6,0
E1009,Warehouse,Afternoon,2026-05-26,2026-05-26 13:53:00,No,2026-05-26 22:16:43,No,8.4,1,7.0,1,82.14,0,6,0
E1009,Warehouse,Afternoon,2026-05-27,2026-05-27 13:55:23,No,2026-05-27 22:00:11,No,8.08,1,7.0,1,82.14,0,6,0
E1009,Warehouse,Afternoon,2026-05-28,2026-05-28 14:01:47,No,2026-05-28 22:01:48,No,8.0,1,7.0,1,82.14,0,6,0
E1009,Warehouse,Afternoon,2026-05-29,2026-05-29 14:06:58,No,2026-05-29 22:19:55,No,8.22,1,7.0,1,82.14,0,6,0
E1009,Warehouse,Afternoon,2026-05-30,2026-05-30 13:44:10,No,2026-05-30 22:04:09,No,8.33,1,7.0,1,82.14,0,6,0
E1009,Warehouse,Afternoon,2026-06-01,2026-06-01 13:41:21,No,2026-06-01 22:11:31,No,8.5,1,7.0,1,82.14,0,6,0
E1009,Warehouse,Afternoon,2026-06-02,2026-06-02 14:03:20,No,2026-06-02 22:28:47,No,8.42,1,7.0,1,82.14,0,6,0
E1009,Warehouse,Afternoon,2026-06-03,2026-06-03 13:43:50,No,2026-06-03 21:47:54,No,8.07,1,7.0,1,82.14,0,6,0
E1009,Warehouse,Afternoon,2026-06-04,2026-06-04 14:01:49,No,2026-06-04 22:28:37,No,8.45,1,7.0,1,82.14,0,6,0
E1009,Warehouse,Afternoon,2026-06-05,2026-06-05 13:36:29,No,2026-06-05 21:50:34,No,8.23,1,7.0,1,82.14,0,6,0
E1009,Warehouse,Afternoon,2026-06-06,2026-06-06 13:53:40,No,2026-06-06 22:34:50,No,8.69,1,7.0,1,82.14,0,6,0
E1009,Warehouse,Afternoon,2026-06-08,2026-06-08 14:01:12,No,2026-06-08 22:07:05,No,8.1,1,7.0,1,82.14,0,6,0
E1009,Warehouse,Afternoon,2026-06-09,2026-06-09 13:53:48,No,2026-06-09 22:01:15,No,8.12,1,7.0,1,82.14,0,6,0
E1009,Warehouse,Afternoon,2026-06-10,2026-06-10 14:21:24,Yes,2026-06-10 22:28:27,No,8.12,1,7.0,1,82.14,0,6,0
E1009,Warehouse,Afternoon,2026-06-11,2026-06-11 13:56:28,No,2026-06-11 21:46:05,No,7.83,1,7.0,1,82.14,0,6,0
E1009,Warehouse,Afternoon,2026-06-12,2026-06-12 13:54:34,No,2026-06-12 22:14:43,No,8.34,1,7.0,1,82.14,0,6,0
E1009,Warehouse,Afternoon,2026-06-13,2026-06-13 14:06:06,No,2026-06-13 22:21:57,No,8.26,1,7.0,1,82.14,0,6,0
E1009,Warehouse,Afternoon,2026-06-15,2026-06-15 13:48:30,No,2026-06-15 22:06:19,No,8.3,1,7.0,1,82.14,0,6,0
E1009,Warehouse,Afternoon,2026-06-16,2026-06-16 13:51:49,No,2026-06-16 22:24:04,No,8.54,1,7.0,1,82.14,0,6,0
E1009,Warehouse,Afternoon,2026-06-17,2026-06-17 13:42:18,No,2026-06-17 22:28:51,No,8.78,1,7.0,1,82.14,0,6,0
E1009,Warehouse,Afternoon,2026-06-19,2026-06-19 13:43:57,No,2026-06-19 22:30:14,No,8.77,1,7.0,1,82.14,0,6,0
E1009,Warehouse,Afternoon,2026-06-20,2026-06-20 14:05:14,No,2026-06-20 22:33:53,No,8.48,1,7.0,1,82.14,0,6,0
E1009,Warehouse,Afternoon,2026-06-22,2026-06-22 14:05:51,No,2026-06-22 22:34:09,No,8.47,1,7.0,1,82.14,0,6,0
E1009,Warehouse,Afternoon,2026-06-23,2026-06-23 14:12:20,Yes,2026-06-23 22:27:22,No,8.25,1,7.0,1,82.14,0,6,0
E1009,Warehouse,Afternoon,2026-06-24,2026-06-24 13:45:49,No,2026-06-24 22:05:00,No,8.32,1,7.0,1,82.14,0,6,0
E1009,Warehouse,Afternoon,2026-06-25,2026-06-25 13:53:31,No,2026-06-25 22:04:39,No,8.19,1,7.0,1,82.14,0,6,0
E1009,Warehouse,Afternoon,2026-06-26,2026-06-26 14:06:04,No,2026-06-26 21:57:04,No,7.85,1,7.0,1,82.14,0,6,0
E1009,Warehouse,Afternoon,2026-06-27,2026-06-27 13:41:01,No,2026-06-27 21:29:57,Yes,7.82,1,7.0,1,82.14,0,6,0
E1009,Warehouse,Afternoon,2026-06-29,2026-06-29 13:46:57,No,2026-06-29 21:33:05,Yes,7.77,1,7.0,1,82.14,0,6,0
E1009,Warehouse,Afternoon,2026-06-30,2026-06-30 14:02:39,No,2026-06-30 21:40:34,Yes,7.63,1,7.0,1,82.14,0,6,0
E1009,Warehouse,Afternoon,2026-07-01,2026-07-01 13:58:06,No,2026-07-01 22:19:54,No,8.36,1,7.0,1,82.14,0,6,0
E1009,Warehouse,Afternoon,2026-07-02,2026-07-02 14:06:12,No,2026-07-02 21:49:31,No,7.72,1,7.0,1,82.14,0,6,0
E1009,Warehouse,Afternoon,2026-07-04,2026-07-04 13:56:25,No,2026-07-04 21:47:10,No,7.85,1,7.0,1,82.14,0,6,0
E1009,Warehouse,Afternoon,2026-07-06,2026-07-06 13:43:46,No,2026-07-06 21:52:30,No,8.15,1,7.0,1,82.14,0,6,0
E1009,Warehouse,Afternoon,2026-07-07,2026-07-07 13:50:17,No,2026-07-07 22:07:32,No,8.29,1,7.0,1,82.14,0,6,0
E1009,Warehouse,Afternoon,2026-07-08,2026-07-08 13:26:57,No,2026-07-08 21:54:18,No,8.46,1,7.0,1,82.14,0,6,0
E1009,Warehouse,Afternoon,2026-07-09,2026-07-09 13:55:03,No,2026-07-09 21:40:48,Yes,7.76,1,7.0,1,82.14,0,6,0
E1009,Warehouse,Afternoon,2026-07-10,2026-07-10 14:11:49,Yes,2026-07-10 22:26:35,No,8.25,1,7.0,1,82.14,0,6,0
E1009,Warehouse,Afternoon,2026-07-11,2026-07-11 14:18:57,Yes,2026-07-11 21:58:06,No,7.65,1,7.0,1,82.14,0,6,0
E1009,Warehouse,Afternoon,2026-07-13,2026-07-13 13:57:13,No,2026-07-13 22:04:49,No,8.13,1,7.0,1,82.14,0,6,0
E1009,Warehouse,Afternoon,2026-07-14,2026-07-14 13:39:20,No,2026-07-14 22:35:20,No,8.93,1,7.0,1,82.14,0,6,0
E1009,Warehouse,Afternoon,2026-07-15,2026-07-15 14:00:33,No,2026-07-15 22:23:49,No,8.39,1,7.0,1,82.14,0,6,0
E1009,Warehouse,Afternoon,2026-07-16,2026-07-16 13:38:39,No,2026-07-16 22:08:10,No,8.49,1,7.0,1,82.14,0,6,0
E1009,Warehouse,Afternoon,2026-07-17,2026-07-17 14:22:40,Yes,2026-07-17 21:31:42,Yes,7.15,1,7.0,1,82.14,0,6,0
E1009,Warehouse,Afternoon,2026-07-18,2026-07-18 13:43:22,No,2026-07-18 22:18:28,No,8.59,1,7.0,1,82.14,0,6,0
E1009,Warehouse,Afternoon,2026-07-20,2026-07-20 13:26:27,No,2026-07-20 22:06:42,No,8.67,1,7.0,1,82.14,0,6,0
E1009,Warehouse,Afternoon,2026-07-21,2026-07-21 13:37:38,No,2026-07-21 22:08:22,No,8.51,1,7.0,1,82.14,0,6,0
E1009,Warehouse,Afternoon,2026-07-22,2026-07-22 13:52:12,No,2026-07-22 21:48:24,No,7.94,1,7.0,1,82.14,0,6,0
E1010,Production,Night,2026-05-01,2026-05-01 22:21:07,Yes,,,,0,1.0,1,82.14,0,3,3
E1010,Production,Night,2026-05-02,2026-05-02 21:33:20,No,2026-05-03 06:12:15,No,8.65,1,2.0,1,82.14,0,3,3
E1010,Production,Night,2026-05-04,2026-05-04 21:56:44,No,,,,0,3.0,1,82.14,0,3,3
E1010,Production,Night,2026-05-05,2026-05-05 21:57:58,No,2026-05-06 05:57:32,No,7.99,1,4.0,1,82.14,0,3,3
E1010,Production,Night,2026-05-06,2026-05-06 22:07:14,No,2026-05-07 06:01:59,No,7.91,1,5.0,1,82.14,0,3,3
E1010,Production,Night,2026-05-07,2026-05-07 22:00:11,No,2026-05-08 06:28:06,No,8.47,1,6.0,1,82.14,0,3,3
E1010,Production,Night,2026-05-08,2026-05-08 21:34:39,No,2026-05-09 06:29:32,No,8.91,1,7.0,1,82.14,0,3,3
E1010,Production,Night,2026-05-09,2026-05-09 21:52:29,No,2026-05-10 06:14:11,No,8.36,1,7.0,1,82.14,0,3,3
E1010,Production,Night,2026-05-11,2026-05-11 21:43:39,No,,,,0,7.0,1,82.14,0,3,3
E1010,Production,Night,2026-05-12,2026-05-12 22:06:08,No,2026-05-13 06:22:16,No,8.27,1,7.0,1,82.14,0,3,3
E1010,Production,Night,2026-05-13,2026-05-13 22:12:05,Yes,2026-05-14 05:42:00,Yes,7.5,1,7.0,1,82.14,0,3,3
E1010,Production,Night,2026-05-14,2026-05-14 21:43:39,No,2026-05-15 06:04:15,No,8.34,1,7.0,1,82.14,0,3,3
E1010,Production,Night,2026-05-15,2026-05-15 22:12:40,Yes,2026-05-16 06:44:07,No,8.52,1,7.0,1,82.14,0,3,3
E1010,Production,Night,2026-05-16,2026-05-16 22:18:27,Yes,2026-05-17 05:33:22,Yes,7.25,1,7.0,1,82.14,0,3,3
E1010,Production,Night,2026-05-18,2026-05-18 22:05:45,No,,,,0,7.0,1,82.14,0,3,3
E1010,Production,Night,2026-05-19,2026-05-19 21:49:48,No,2026-05-20 06:18:17,No,8.47,1,7.0,1,82.14,0,3,3
E1010,Production,Night,2026-05-20,2026-05-20 22:02:40,No,2026-05-21 06:16:34,No,8.23,1,7.0,1,82.14,0,3,3
E1010,Production,Night,2026-05-21,2026-05-21 21:20:00,No,2026-05-22 06:00:38,No,8.68,1,7.0,1,82.14,0,3,3
E1010,Production,Night,2026-05-22,2026-05-22 21:48:17,No,2026-05-23 06:04:08,No,8.26,1,7.0,1,82.14,0,3,3
E1010,Production,Night,2026-05-23,2026-05-23 21:56:50,No,2026-05-24 05:46:33,No,7.83,1,7.0,1,82.14,0,3,3
E1010,Production,Night,2026-05-25,2026-05-25 22:06:16,No,,,,0,7.0,1,82.14,0,3,3
E1010,Production,Night,2026-05-26,2026-05-26 22:12:34,Yes,2026-05-27 06:26:21,No,8.23,1,7.0,1,82.14,0,3,3
E1010,Production,Night,2026-05-27,2026-05-27 22:24:24,Yes,2026-05-28 06:05:53,No,7.69,1,7.0,1,82.14,0,3,3
E1010,Production,Night,2026-05-28,2026-05-28 21:38:01,No,2026-05-29 06:23:58,No,8.77,1,7.0,1,82.14,0,3,3
E1010,Production,Night,2026-05-29,2026-05-29 22:05:55,No,2026-05-30 06:06:26,No,8.01,1,7.0,1,82.14,0,3,3
E1010,Production,Night,2026-05-30,2026-05-30 21:54:29,No,2026-05-31 06:21:26,No,8.45,1,7.0,1,82.14,0,3,3
E1010,Production,Night,2026-06-01,2026-06-01 21:33:52,No,,,,0,7.0,1,82.14,0,3,3
E1010,Production,Night,2026-06-02,2026-06-02 21:59:42,No,2026-06-03 05:38:50,Yes,7.65,1,7.0,1,82.14,0,3,3
E1010,Production,Night,2026-06-03,2026-06-03 21:56:22,No,2026-06-04 05:35:44,Yes,7.66,1,7.0,1,82.14,0,3,3
E1010,Production,Night,2026-06-04,2026-06-04 22:08:46,No,2026-06-05 06:23:27,No,8.24,1,7.0,1,82.14,0,3,3
E1010,Production,Night,2026-06-05,2026-06-05 22:05:39,No,2026-06-06 05:56:42,No,7.85,1,7.0,1,82.14,0,3,3
E1010,Production,Night,2026-06-06,2026-06-06 21:50:38,No,2026-06-07 06:28:58,No,8.64,1,7.0,1,82.14,0,3,3
E1010,Production,Night,2026-06-08,2026-06-08 21:40:36,No,,,,0,7.0,1,82.14,0,3,3
E1010,Production,Night,2026-06-10,2026-06-10 21:59:10,No,,,,0,7.0,1,82.14,0,3,3
E1010,Production,Night,2026-06-11,2026-06-11 22:02:31,No,2026-06-12 06:11:31,No,8.15,1,7.0,1,82.14,0,3,3
E1010,Production,Night,2026-06-12,2026-06-12 21:54:11,No,2026-06-13 06:00:18,No,8.1,1,7.0,1,82.14,0,3,3
E1010,Production,Night,2026-06-13,2026-06-13 21:50:51,No,2026-06-14 05:52:07,No,8.02,1,7.0,1,82.14,0,3,3
E1010,Production,Night,2026-06-16,2026-06-16 22:03:58,No,,,,0,7.0,1,82.14,0,3,3
E1010,Production,Night,2026-06-17,2026-06-17 21:43:01,No,2026-06-18 06:42:55,No,9.0,1,7.0,1,82.14,0,3,3
E1010,Production,Night,2026-06-18,2026-06-18 21:57:03,No,2026-06-19 06:12:51,No,8.26,1,7.0,1,82.14,0,3,3
E1010,Production,Night,2026-06-19,2026-06-19 21:53:27,No,2026-06-20 06:24:00,No,8.51,1,7.0,1,82.14,0,3,3
E1010,Production,Night,2026-06-20,2026-06-20 22:08:19,No,2026-06-21 06:22:34,No,8.24,1,7.0,1,82.14,0,3,3
E1010,Production,Night,2026-06-22,2026-06-22 22:11:41,Yes,,,,0,7.0,1,82.14,0,3,3
E1010,Production,Night,2026-06-23,2026-06-23 21:59:55,No,2026-06-24 06:27:07,No,8.45,1,7.0,1,82.14,0,3,3
E1010,Production,Night,2026-06-24,2026-06-24 22:05:59,No,2026-06-25 06:15:35,No,8.16,1,7.0,1,82.14,0,3,3
E1010,Production,Night,2026-06-25,2026-06-25 21:57:49,No,2026-06-26 06:08:13,No,8.17,1,7.0,1,82.14,0,3,3
E1010,Production,Night,2026-06-26,2026-06-26 21:57:27,No,2026-06-27 06:34:49,No,8.62,1,7.0,1,82.14,0,3,3
E1010,Production,Night,2026-06-27,2026-06-27 22:20:24,Yes,2026-06-28 06:11:09,No,7.85,1,7.0,1,82.14,0,3,3
E1010,Production,Night,2026-06-29,2026-06-29 22:11:40,Yes,,,,0,7.0,1,82.14,0,3,3
E1010,Production,Night,2026-06-30,2026-06-30 21:53:13,No,2026-07-01 05:49:06,No,7.93,1,7.0,1,82.14,0,3,3
E1010,Production,Night,2026-07-01,2026-07-01 22:15:35,Yes,2026-07-02 06:14:48,No,7.99,1,7.0,1,82.14,0,3,3
E1010,Production,Night,2026-07-02,2026-07-02 21:41:58,No,2026-07-03 05:51:16,No,8.15,1,7.0,1,82.14,0,3,3
E1010,Production,Night,2026-07-03,2026-07-03 21:57:42,No,2026-07-04 05:56:27,No,7.98,1,7.0,1,82.14,0,3,3
E1010,Production,Night,2026-07-04,2026-07-04 21:30:20,No,2026-07-05 05:53:59,No,8.39,1,7.0,1,82.14,0,3,3
E1010,Production,Night,2026-07-06,2026-07-06 22:03:02,No,,,,0,7.0,1,82.14,0,3,3
E1010,Production,Night,2026-07-07,2026-07-07 21:50:29,No,2026-07-08 06:01:38,No,8.19,1,7.0,1,82.14,0,3,3
E1010,Production,Night,2026-07-08,2026-07-08 22:02:14,No,2026-07-09 06:00:51,No,7.98,1,7.0,1,82.14,0,3,3
E1010,Production,Night,2026-07-09,2026-07-09 21:55:12,No,2026-07-10 06:24:41,No,8.49,1,7.0,1,82.14,0,3,3
E1010,Production,Night,2026-07-10,2026-07-10 21:37:22,No,2026-07-11 06:19:46,No,8.71,1,7.0,1,82.14,0,3,3
E1010,Production,Night,2026-07-11,2026-07-11 22:02:09,No,2026-07-12 06:23:09,No,8.35,1,7.0,1,82.14,0,3,3
E1010,Production,Night,2026-07-13,2026-07-13 21:50:34,No,,,,0,7.0,1,82.14,0,3,3
E1010,Production,Night,2026-07-14,2026-07-14 21:50:35,No,2026-07-15 06:01:33,No,8.18,1,7.0,1,82.14,0,3,3
E1010,Production,Night,2026-07-15,2026-07-15 22:02:23,No,2026-07-16 06:22:14,No,8.33,1,7.0,1,82.14,0,3,3
E1010,Production,Night,2026-07-16,2026-07-16 21:20:00,No,2026-07-17 06:23:10,No,9.05,1,7.0,1,82.14,0,3,3
E1010,Production,Night,2026-07-17,2026-07-17 21:50:38,No,2026-07-18 06:13:22,No,8.38,1,7.0,1,82.14,0,3,3
E1010,Production,Night,2026-07-18,2026-07-18 22:05:04,No,2026-07-19 06:02:06,No,7.95,1,7.0,1,82.14,0,3,3
E1010,Production,Night,2026-07-20,2026-07-20 22:07:12,No,,,,0,7.0,1,82.14,0,3,3
E1010,Production,Night,2026-07-21,2026-07-21 21:48:11,No,2026-07-22 06:30:26,No,8.7,1,7.0,1,82.14,0,3,3
E1010,Production,Night,2026-07-22,2026-07-22 21:52:45,No,2026-07-23 06:10:14,No,8.29,1,7.0,1,82.14,0,3,3
E1011,Security,Morning,2026-05-01,2026-05-01 06:14:32,Yes,2026-05-01 14:01:26,No,7.78,1,1.0,1,89.29,0,5,2
E1011,Security,Morning,2026-05-02,2026-05-02 06:03:15,No,2026-05-02 14:32:26,No,8.49,1,2.0,1,89.29,0,5,2
E1011,Security,Morning,2026-05-04,2026-05-04 05:40:13,No,2026-05-04 14:02:21,No,8.37,1,3.0,1,89.29,0,5,2
E1011,Security,Morning,2026-05-05,2026-05-05 05:59:53,No,2026-05-05 14:23:47,No,8.4,1,4.0,1,89.29,0,5,2
E1011,Security,Morning,2026-05-06,2026-05-06 05:45:08,No,2026-05-06 14:21:42,No,8.61,1,5.0,1,89.29,0,5,2
E1011,Security,Morning,2026-05-07,2026-05-07 06:01:20,No,2026-05-07 14:22:38,No,8.36,1,6.0,1,89.29,0,5,2
E1011,Security,Morning,2026-05-08,2026-05-08 05:55:09,No,2026-05-08 13:57:45,No,8.04,1,7.0,1,89.29,0,5,2
E1011,Security,Morning,2026-05-09,2026-05-09 05:51:08,No,2026-05-09 14:13:13,No,8.37,1,7.0,1,89.29,0,5,2
E1011,Security,Morning,2026-05-10,2026-05-10 05:41:57,No,2026-05-10 14:27:15,No,8.76,1,7.0,1,89.29,0,5,2
E1011,Security,Morning,2026-05-11,2026-05-11 05:51:21,No,2026-05-11 14:16:47,No,8.42,1,7.0,1,89.29,0,5,2
E1011,Security,Morning,2026-05-12,2026-05-12 05:43:42,No,2026-05-12 13:51:20,No,8.13,1,7.0,1,89.29,0,5,2
E1011,Security,Morning,2026-05-13,2026-05-13 06:17:25,Yes,2026-05-13 13:50:27,No,7.55,1,7.0,1,89.29,0,5,2
E1011,Security,Morning,2026-05-14,2026-05-14 05:42:48,No,2026-05-14 14:17:07,No,8.57,1,7.0,1,89.29,0,5,2
E1011,Security,Morning,2026-05-15,2026-05-15 05:34:30,No,2026-05-15 14:01:45,No,8.45,1,7.0,1,89.29,0,5,2
E1011,Security,Morning,2026-05-16,2026-05-16 06:26:56,Yes,2026-05-16 14:22:02,No,7.92,1,7.0,1,89.29,0,5,2
E1011,Security,Morning,2026-05-18,2026-05-18 05:57:47,No,2026-05-18 13:43:33,Yes,7.76,1,7.0,1,89.29,0,5,2
E1011,Security,Morning,2026-05-19,2026-05-19 06:07:58,No,2026-05-19 14:33:41,No,8.43,1,7.0,1,89.29,0,5,2
E1011,Security,Morning,2026-05-20,2026-05-20 06:04:04,No,2026-05-20 13:42:58,Yes,7.65,1,7.0,1,89.29,0,5,2
E1011,Security,Morning,2026-05-21,2026-05-21 05:30:35,No,2026-05-21 13:42:44,Yes,8.2,1,7.0,1,89.29,0,5,2
E1011,Security,Morning,2026-05-22,2026-05-22 05:48:49,No,2026-05-22 14:16:31,No,8.46,1,7.0,1,89.29,0,5,2
E1011,Security,Morning,2026-05-23,2026-05-23 06:13:49,Yes,2026-05-23 13:39:37,Yes,7.43,1,7.0,1,89.29,0,5,2
E1011,Security,Morning,2026-05-24,2026-05-24 06:13:58,Yes,2026-05-24 14:03:30,No,7.83,1,7.0,1,89.29,0,5,2
E1011,Security,Morning,2026-05-25,2026-05-25 05:51:46,No,2026-05-25 13:48:25,No,7.94,1,7.0,1,89.29,0,5,2
E1011,Security,Morning,2026-05-26,2026-05-26 06:22:22,Yes,2026-05-26 14:21:05,No,7.98,1,7.0,1,89.29,0,5,2
E1011,Security,Morning,2026-05-27,2026-05-27 05:45:35,No,2026-05-27 14:28:49,No,8.72,1,7.0,1,89.29,0,5,2
E1011,Security,Morning,2026-05-28,2026-05-28 05:50:16,No,2026-05-28 14:21:29,No,8.52,1,7.0,1,89.29,0,5,2
E1011,Security,Morning,2026-05-29,2026-05-29 06:04:50,No,2026-05-29 14:03:31,No,7.98,1,7.0,1,89.29,0,5,2
E1011,Security,Morning,2026-05-30,2026-05-30 05:56:06,No,2026-05-30 13:58:52,No,8.05,1,7.0,1,89.29,0,5,2
E1011,Security,Morning,2026-06-01,2026-06-01 05:55:45,No,2026-06-01 14:19:42,No,8.4,1,7.0,1,89.29,0,5,2
E1011,Security,Morning,2026-06-02,2026-06-02 06:07:20,No,2026-06-02 14:29:00,No,8.36,1,7.0,1,89.29,0,5,2
E1011,Security,Morning,2026-06-03,2026-06-03 05:49:04,No,2026-06-03 14:13:02,No,8.4,1,7.0,1,89.29,0,5,2
E1011,Security,Morning,2026-06-04,2026-06-04 05:50:47,No,2026-06-04 14:27:01,No,8.6,1,7.0,1,89.29,0,5,2
E1011,Security,Morning,2026-06-05,2026-06-05 05:51:10,No,2026-06-05 14:11:34,No,8.34,1,7.0,1,89.29,0,5,2
E1011,Security,Morning,2026-06-06,2026-06-06 05:59:27,No,2026-06-06 13:38:24,Yes,7.65,1,7.0,1,89.29,0,5,2
E1011,Security,Morning,2026-06-08,2026-06-08 05:32:01,No,2026-06-08 13:52:29,No,8.34,1,7.0,1,89.29,0,5,2
E1011,Security,Morning,2026-06-09,2026-06-09 05:46:51,No,2026-06-09 13:41:18,Yes,7.91,1,7.0,1,89.29,0,5,2
E1011,Security,Morning,2026-06-10,2026-06-10 06:14:50,Yes,2026-06-10 14:18:14,No,8.06,1,7.0,1,89.29,0,5,2
E1011,Security,Morning,2026-06-11,2026-06-11 05:38:44,No,,,,0,7.0,1,89.29,0,5,2
E1011,Security,Morning,2026-06-12,2026-06-12 06:05:05,No,2026-06-12 14:03:46,No,7.98,1,7.0,1,89.29,0,5,2
E1011,Security,Morning,2026-06-13,2026-06-13 05:50:16,No,2026-06-13 13:52:06,No,8.03,1,7.0,1,89.29,0,5,2
E1011,Security,Morning,2026-06-15,2026-06-15 05:53:47,No,2026-06-15 14:12:31,No,8.31,1,7.0,1,89.29,0,5,2
E1011,Security,Morning,2026-06-16,2026-06-16 05:40:44,No,2026-06-16 14:11:46,No,8.52,1,7.0,1,89.29,0,5,2
E1011,Security,Morning,2026-06-17,2026-06-17 05:55:06,No,2026-06-17 13:48:39,No,7.89,1,7.0,1,89.29,0,5,2
E1011,Security,Morning,2026-06-18,2026-06-18 06:02:31,No,2026-06-18 13:52:44,No,7.84,1,7.0,1,89.29,0,5,2
E1011,Security,Morning,2026-06-19,2026-06-19 05:59:20,No,2026-06-19 14:16:50,No,8.29,1,7.0,1,89.29,0,5,2
E1011,Security,Morning,2026-06-20,2026-06-20 06:22:58,Yes,2026-06-20 13:46:13,No,7.39,1,7.0,1,89.29,0,5,2
E1011,Security,Morning,2026-06-21,2026-06-21 05:44:34,No,2026-06-21 13:38:57,Yes,7.91,1,7.0,1,89.29,0,5,2
E1011,Security,Morning,2026-06-22,2026-06-22 06:04:55,No,2026-06-22 14:49:19,No,8.74,1,7.0,1,89.29,0,5,2
E1011,Security,Morning,2026-06-23,2026-06-23 05:55:15,No,2026-06-23 14:16:38,No,8.36,1,7.0,1,89.29,0,5,2
E1011,Security,Morning,2026-06-24,2026-06-24 06:02:33,No,2026-06-24 14:06:20,No,8.06,1,7.0,1,89.29,0,5,2
E1011,Security,Morning,2026-06-25,2026-06-25 05:55:35,No,2026-06-25 13:26:33,Yes,7.52,1,7.0,1,89.29,0,5,2
E1011,Security,Morning,2026-06-26,2026-06-26 05:49:50,No,2026-06-26 14:18:08,No,8.47,1,7.0,1,89.29,0,5,2
E1011,Security,Morning,2026-06-27,2026-06-27 06:07:51,No,2026-06-27 14:35:55,No,8.47,1,7.0,1,89.29,0,5,2
E1011,Security,Morning,2026-06-28,2026-06-28 05:39:28,No,2026-06-28 13:55:46,No,8.27,1,7.0,1,89.29,0,5,2
E1011,Security,Morning,2026-06-29,2026-06-29 05:32:34,No,2026-06-29 14:15:12,No,8.71,1,7.0,1,89.29,0,5,2
E1011,Security,Morning,2026-06-30,2026-06-30 05:50:07,No,2026-06-30 13:51:21,No,8.02,1,7.0,1,89.29,0,5,2
E1011,Security,Morning,2026-07-01,2026-07-01 05:52:32,No,2026-07-01 13:57:37,No,8.08,1,7.0,1,89.29,0,5,2
E1011,Security,Morning,2026-07-02,2026-07-02 05:28:21,No,2026-07-02 14:25:16,No,8.95,1,7.0,1,89.29,0,5,2
E1011,Security,Morning,2026-07-03,2026-07-03 06:10:22,Yes,2026-07-03 14:21:19,No,8.18,1,7.0,1,89.29,0,5,2
E1011,Security,Morning,2026-07-04,2026-07-04 05:51:20,No,2026-07-04 13:57:31,No,8.1,1,7.0,1,89.29,0,5,2
E1011,Security,Morning,2026-07-06,2026-07-06 05:53:41,No,2026-07-06 14:19:23,No,8.43,1,7.0,1,89.29,0,5,2
E1011,Security,Morning,2026-07-07,2026-07-07 06:09:04,No,2026-07-07 13:31:18,Yes,7.37,1,7.0,1,89.29,0,5,2
E1011,Security,Morning,2026-07-08,2026-07-08 06:15:17,Yes,2026-07-08 14:05:30,No,7.84,1,7.0,1,89.29,0,5,2
E1011,Security,Morning,2026-07-09,2026-07-09 06:06:12,No,2026-07-09 13:53:31,No,7.79,1,7.0,1,89.29,0,5,2
E1011,Security,Morning,2026-07-10,2026-07-10 05:51:32,No,2026-07-10 14:05:50,No,8.24,1,7.0,1,89.29,0,5,2
E1011,Security,Morning,2026-07-11,2026-07-11 05:36:34,No,2026-07-11 14:26:29,No,8.83,1,7.0,1,89.29,0,5,2
E1011,Security,Morning,2026-07-13,2026-07-13 05:55:09,No,2026-07-13 13:48:00,No,7.88,1,7.0,1,89.29,0,5,2
E1011,Security,Morning,2026-07-14,2026-07-14 05:43:22,No,2026-07-14 14:05:37,No,8.37,1,7.0,1,89.29,0,5,2
E1011,Security,Morning,2026-07-15,2026-07-15 06:13:50,Yes,2026-07-15 14:08:51,No,7.92,1,7.0,1,89.29,0,5,2
E1011,Security,Morning,2026-07-16,2026-07-16 05:58:25,No,2026-07-16 14:16:04,No,8.29,1,7.0,1,89.29,0,5,2
E1011,Security,Morning,2026-07-17,2026-07-17 05:40:54,No,2026-07-17 14:38:00,No,8.95,1,7.0,1,89.29,0,5,2
E1011,Security,Morning,2026-07-18,2026-07-18 05:34:33,No,2026-07-18 14:06:55,No,8.54,1,7.0,1,89.29,0,5,2
E1011,Security,Morning,2026-07-20,2026-07-20 05:53:56,No,,,,0,7.0,1,89.29,0,5,2
E1011,Security,Morning,2026-07-21,2026-07-21 05:55:49,No,2026-07-21 14:03:43,No,8.13,1,7.0,1,89.29,0,5,2
E1011,Security,Morning,2026-07-22,2026-07-22 06:06:52,No,2026-07-22 13:38:11,Yes,7.52,1,7.0,1,89.29,0,5,2
E1012,Packing,Night,2026-05-01,2026-05-01 22:18:40,Yes,,,,0,1.0,1,82.14,0,2,3
E1012,Packing,Night,2026-05-02,2026-05-02 22:09:36,No,2026-05-03 05:58:53,No,7.82,1,2.0,1,82.14,0,2,3
E1012,Packing,Night,2026-05-04,2026-05-04 22:07:13,No,,,,0,3.0,1,82.14,0,2,3
E1012,Packing,Night,2026-05-06,2026-05-06 22:16:13,Yes,,,,0,4.0,1,82.14,0,2,3
E1012,Packing,Night,2026-05-07,2026-05-07 21:39:59,No,2026-05-08 05:59:28,No,8.32,1,5.0,1,82.14,0,2,3
E1012,Packing,Night,2026-05-08,2026-05-08 21:47:30,No,2026-05-09 05:54:01,No,8.11,1,6.0,1,82.14,0,2,3
E1012,Packing,Night,2026-05-09,2026-05-09 21:46:48,No,2026-05-10 06:10:52,No,8.4,1,7.0,1,82.14,0,2,3
E1012,Packing,Night,2026-05-11,2026-05-11 21:44:49,No,,,,0,7.0,1,82.14,0,2,3
E1012,Packing,Night,2026-05-12,2026-05-12 21:44:17,No,2026-05-13 06:19:01,No,8.58,1,7.0,1,82.14,0,2,3
E1012,Packing,Night,2026-05-13,2026-05-13 21:55:31,No,2026-05-14 06:19:05,No,8.39,1,7.0,1,82.14,0,2,3
E1012,Packing,Night,2026-05-14,2026-05-14 21:47:34,No,2026-05-15 06:06:45,No,8.32,1,7.0,1,82.14,0,2,3
E1012,Packing,Night,2026-05-15,2026-05-15 21:51:24,No,2026-05-16 06:24:16,No,8.55,1,7.0,1,82.14,0,2,3
E1012,Packing,Night,2026-05-16,2026-05-16 21:34:24,No,2026-05-17 06:10:45,No,8.61,1,7.0,1,82.14,0,2,3
E1012,Packing,Night,2026-05-18,2026-05-18 21:58:09,No,,,,0,7.0,1,82.14,0,2,3
E1012,Packing,Night,2026-05-19,2026-05-19 22:01:20,No,2026-05-20 06:02:31,No,8.02,1,7.0,1,82.14,0,2,3
E1012,Packing,Night,2026-05-20,2026-05-20 22:03:02,No,2026-05-21 05:38:02,Yes,7.58,1,7.0,1,82.14,0,2,3
E1012,Packing,Night,2026-05-21,2026-05-21 22:02:17,No,2026-05-22 06:18:01,No,8.26,1,7.0,1,82.14,0,2,3
E1012,Packing,Night,2026-05-22,2026-05-22 21:34:31,No,2026-05-23 05:56:15,No,8.36,1,7.0,1,82.14,0,2,3
E1012,Packing,Night,2026-05-23,2026-05-23 21:51:39,No,2026-05-24 06:19:36,No,8.47,1,7.0,1,82.14,0,2,3
E1012,Packing,Night,2026-05-25,2026-05-25 22:05:56,No,,,,0,7.0,1,82.14,0,2,3
E1012,Packing,Night,2026-05-26,2026-05-26 21:54:36,No,2026-05-27 05:57:51,No,8.05,1,7.0,1,82.14,0,2,3
E1012,Packing,Night,2026-05-27,2026-05-27 21:36:53,No,2026-05-28 06:23:23,No,8.78,1,7.0,1,82.14,0,2,3
E1012,Packing,Night,2026-05-28,2026-05-28 22:18:01,Yes,2026-05-29 06:27:19,No,8.15,1,7.0,1,82.14,0,2,3
E1012,Packing,Night,2026-05-29,2026-05-29 22:13:14,Yes,2026-05-30 05:42:40,Yes,7.49,1,7.0,1,82.14,0,2,3
E1012,Packing,Night,2026-05-30,2026-05-30 21:47:11,No,2026-05-31 06:17:50,No,8.51,1,7.0,1,82.14,0,2,3
E1012,Packing,Night,2026-06-01,2026-06-01 22:28:14,Yes,,,,0,7.0,1,82.14,0,2,3
E1012,Packing,Night,2026-06-02,2026-06-02 22:07:17,No,2026-06-03 06:00:56,No,7.89,1,7.0,1,82.14,0,2,3
E1012,Packing,Night,2026-06-03,2026-06-03 21:38:36,No,2026-06-04 06:01:44,No,8.39,1,7.0,1,82.14,0,2,3
E1012,Packing,Night,2026-06-04,2026-06-04 21:56:56,No,2026-06-05 05:24:36,Yes,7.46,1,7.0,1,82.14,0,2,3
E1012,Packing,Night,2026-06-05,2026-06-05 21:56:37,No,2026-06-06 05:58:19,No,8.03,1,7.0,1,82.14,0,2,3
E1012,Packing,Night,2026-06-06,2026-06-06 21:55:22,No,2026-06-07 05:46:25,No,7.85,1,7.0,1,82.14,0,2,3
E1012,Packing,Night,2026-06-08,2026-06-08 22:04:39,No,,,,0,7.0,1,82.14,0,2,3
E1012,Packing,Night,2026-06-09,2026-06-09 22:15:32,Yes,2026-06-10 06:25:43,No,8.17,1,7.0,1,82.14,0,2,3
E1012,Packing,Night,2026-06-10,2026-06-10 22:07:56,No,2026-06-11 06:07:16,No,7.99,1,7.0,1,82.14,0,2,3
E1012,Packing,Night,2026-06-11,2026-06-11 21:58:41,No,2026-06-12 06:17:23,No,8.31,1,7.0,1,82.14,0,2,3
E1012,Packing,Night,2026-06-12,2026-06-12 21:47:25,No,2026-06-13 06:44:39,No,8.95,1,7.0,1,82.14,0,2,3
E1012,Packing,Night,2026-06-13,2026-06-13 21:52:00,No,2026-06-14 05:49:44,No,7.96,1,7.0,1,82.14,0,2,3
E1012,Packing,Night,2026-06-15,2026-06-15 22:01:07,No,,,,0,7.0,1,82.14,0,2,3
E1012,Packing,Night,2026-06-16,2026-06-16 21:32:43,No,2026-06-17 06:11:48,No,8.65,1,7.0,1,82.14,0,2,3
E1012,Packing,Night,2026-06-17,2026-06-17 22:11:41,Yes,2026-06-18 06:02:49,No,7.85,1,7.0,1,82.14,0,2,3
E1012,Packing,Night,2026-06-18,2026-06-18 21:54:00,No,2026-06-19 06:31:20,No,8.62,1,7.0,1,82.14,0,2,3
E1012,Packing,Night,2026-06-19,2026-06-19 21:52:27,No,2026-06-20 05:29:50,Yes,7.62,1,7.0,1,82.14,0,2,3
E1012,Packing,Night,2026-06-20,2026-06-20 21:54:45,No,2026-06-21 06:21:11,No,8.44,1,7.0,1,82.14,0,2,3
E1012,Packing,Night,2026-06-22,2026-06-22 21:41:54,No,,,,0,7.0,1,82.14,0,2,3
E1012,Packing,Night,2026-06-23,2026-06-23 21:57:27,No,2026-06-24 06:23:04,No,8.43,1,7.0,1,82.14,0,2,3
E1012,Packing,Night,2026-06-24,2026-06-24 22:14:35,Yes,2026-06-25 06:07:13,No,7.88,1,7.0,1,82.14,0,2,3
E1012,Packing,Night,2026-06-25,2026-06-25 21:51:05,No,2026-06-26 06:22:17,No,8.52,1,7.0,1,82.14,0,2,3
E1012,Packing,Night,2026-06-26,2026-06-26 21:56:33,No,2026-06-27 06:01:33,No,8.08,1,7.0,1,82.14,0,2,3
E1012,Packing,Night,2026-06-27,2026-06-27 21:56:57,No,2026-06-28 06:18:49,No,8.36,1,7.0,1,82.14,0,2,3
E1012,Packing,Night,2026-06-29,2026-06-29 22:08:53,No,,,,0,7.0,1,82.14,0,2,3
E1012,Packing,Night,2026-06-30,2026-06-30 21:47:14,No,2026-07-01 06:10:30,No,8.39,1,7.0,1,82.14,0,2,3
E1012,Packing,Night,2026-07-01,2026-07-01 22:04:10,No,2026-07-02 05:36:58,Yes,7.55,1,7.0,1,82.14,0,2,3
E1012,Packing,Night,2026-07-03,2026-07-03 21:39:47,No,,,,0,7.0,1,82.14,0,2,3
E1012,Packing,Night,2026-07-04,2026-07-04 21:58:18,No,2026-07-05 05:37:42,Yes,7.66,1,7.0,1,82.14,0,2,3
E1012,Packing,Night,2026-07-06,2026-07-06 21:58:09,No,,,,0,7.0,1,82.14,0,2,3
E1012,Packing,Night,2026-07-07,2026-07-07 22:12:27,Yes,2026-07-08 05:48:29,No,7.6,1,7.0,1,82.14,0,2,3
E1012,Packing,Night,2026-07-08,2026-07-08 22:10:48,Yes,2026-07-09 06:00:41,No,7.83,1,7.0,1,82.14,0,2,3
E1012,Packing,Night,2026-07-09,2026-07-09 22:03:49,No,2026-07-10 06:25:23,No,8.36,1,7.0,1,82.14,0,2,3
E1012,Packing,Night,2026-07-10,2026-07-10 21:48:24,No,2026-07-11 05:54:35,No,8.1,1,7.0,1,82.14,0,2,3
E1012,Packing,Night,2026-07-11,2026-07-11 21:52:55,No,2026-07-12 05:53:23,No,8.01,1,7.0,1,82.14,0,2,3
E1012,Packing,Night,2026-07-13,2026-07-13 21:43:32,No,,,,0,7.0,1,82.14,0,2,3
E1012,Packing,Night,2026-07-14,2026-07-14 21:51:04,No,2026-07-15 06:16:24,No,8.42,1,7.0,1,82.14,0,2,3
E1012,Packing,Night,2026-07-15,2026-07-15 21:29:32,No,2026-07-16 05:36:46,Yes,8.12,1,7.0,1,82.14,0,2,3
E1012,Packing,Night,2026-07-16,2026-07-16 22:00:08,No,2026-07-17 06:01:46,No,8.03,1,7.0,1,82.14,0,2,3
E1012,Packing,Night,2026-07-17,2026-07-17 22:03:34,No,2026-07-18 06:05:07,No,8.03,1,7.0,1,82.14,0,2,3
E1012,Packing,Night,2026-07-18,2026-07-18 22:18:33,Yes,2026-07-19 05:55:07,No,7.61,1,7.0,1,82.14,0,2,3
E1012,Packing,Night,2026-07-20,2026-07-20 22:15:29,Yes,,,,0,7.0,1,82.14,0,2,3
E1012,Packing,Night,2026-07-21,2026-07-21 21:49:29,No,2026-07-22 05:43:24,Yes,7.9,1,7.0,1,82.14,0,2,3
E1012,Packing,Night,2026-07-22,2026-07-22 22:09:49,No,2026-07-23 06:08:25,No,7.98,1,7.0,1,82.14,0,2,3
E1013,Security,Night,2026-05-01,2026-05-01 22:00:36,No,,,,0,1.0,1,88.1,0,5,3
E1013,Security,Night,2026-05-02,2026-05-02 22:18:44,Yes,2026-05-03 06:08:16,No,7.83,1,2.0,1,88.1,0,5,3
E1013,Security,Night,2026-05-03,2026-05-03 22:07:36,No,2026-05-04 05:42:23,Yes,7.58,1,3.0,1,88.1,0,5,3
E1013,Security,Night,2026-05-04,2026-05-04 21:57:23,No,2026-05-05 06:26:20,No,8.48,1,4.0,1,88.1,0,5,3
E1013,Security,Night,2026-05-05,2026-05-05 21:49:33,No,2026-05-06 06:23:28,No,8.57,1,5.0,1,88.1,0,5,3
E1013,Security,Night,2026-05-06,2026-05-06 22:00:04,No,2026-05-07 05:34:19,Yes,7.57,1,6.0,1,88.1,0,5,3
E1013,Security,Night,2026-05-07,2026-05-07 21:35:51,No,2026-05-08 05:58:04,No,8.37,1,7.0,1,88.1,0,5,3
E1013,Security,Night,2026-05-08,2026-05-08 21:39:24,No,2026-05-09 06:25:16,No,8.76,1,7.0,1,88.1,0,5,3
E1013,Security,Night,2026-05-09,2026-05-09 22:09:12,No,2026-05-10 06:27:07,No,8.3,1,7.0,1,88.1,0,5,3
E1013,Security,Night,2026-05-11,2026-05-11 21:27:00,No,,,,0,7.0,1,88.1,0,5,3
E1013,Security,Night,2026-05-12,2026-05-12 21:45:02,No,2026-05-13 06:19:30,No,8.57,1,7.0,1,88.1,0,5,3
E1013,Security,Night,2026-05-13,2026-05-13 21:55:51,No,2026-05-14 06:32:21,No,8.61,1,7.0,1,88.1,0,5,3
E1013,Security,Night,2026-05-14,2026-05-14 21:57:46,No,2026-05-15 05:58:25,No,8.01,1,7.0,1,88.1,0,5,3
E1013,Security,Night,2026-05-15,2026-05-15 21:40:59,No,2026-05-16 06:35:17,No,8.9,1,7.0,1,88.1,0,5,3
E1013,Security,Night,2026-05-16,2026-05-16 21:59:31,No,2026-05-17 05:53:09,No,7.89,1,7.0,1,88.1,0,5,3
E1013,Security,Night,2026-05-18,2026-05-18 21:39:52,No,,,,0,7.0,1,88.1,0,5,3
E1013,Security,Night,2026-05-19,2026-05-19 22:25:38,Yes,,,,0,7.0,1,88.1,0,5,3
E1013,Security,Night,2026-05-20,2026-05-20 22:07:25,No,2026-05-21 06:29:01,No,8.36,1,7.0,1,88.1,0,5,3
E1013,Security,Night,2026-05-21,2026-05-21 21:55:40,No,2026-05-22 05:13:37,Yes,7.3,1,7.0,1,88.1,0,5,3
E1013,Security,Night,2026-05-22,2026-05-22 21:49:31,No,2026-05-23 06:07:05,No,8.29,1,7.0,1,88.1,0,5,3
E1013,Security,Night,2026-05-23,2026-05-23 22:06:56,No,2026-05-24 05:55:27,No,7.81,1,7.0,1,88.1,0,5,3
E1013,Security,Night,2026-05-24,2026-05-24 21:57:56,No,2026-05-25 05:54:42,No,7.95,1,7.0,1,88.1,0,5,3
E1013,Security,Night,2026-05-25,2026-05-25 22:13:02,Yes,2026-05-26 05:46:12,No,7.55,1,7.0,1,88.1,0,5,3
E1013,Security,Night,2026-05-26,2026-05-26 22:02:27,No,2026-05-27 05:46:49,No,7.74,1,7.0,1,88.1,0,5,3
E1013,Security,Night,2026-05-27,2026-05-27 21:50:05,No,2026-05-28 06:23:52,No,8.56,1,7.0,1,88.1,0,5,3
E1013,Security,Night,2026-05-28,2026-05-28 22:07:59,No,2026-05-29 06:31:19,No,8.39,1,7.0,1,88.1,0,5,3
E1013,Security,Night,2026-05-29,2026-05-29 21:44:34,No,,,,0,7.0,1,88.1,0,5,3
E1013,Security,Night,2026-05-30,2026-05-30 22:17:03,Yes,2026-05-31 05:58:43,No,7.69,1,7.0,1,88.1,0,5,3
E1013,Security,Night,2026-06-01,2026-06-01 22:03:27,No,,,,0,7.0,1,88.1,0,5,3
E1013,Security,Night,2026-06-02,2026-06-02 22:08:10,No,2026-06-03 05:54:18,No,7.77,1,7.0,1,88.1,0,5,3
E1013,Security,Night,2026-06-03,2026-06-03 21:36:10,No,2026-06-04 05:49:34,No,8.22,1,7.0,1,88.1,0,5,3
E1013,Security,Night,2026-06-04,2026-06-04 21:41:44,No,2026-06-05 06:25:44,No,8.73,1,7.0,1,88.1,0,5,3
E1013,Security,Night,2026-06-05,2026-06-05 22:02:37,No,2026-06-06 06:13:52,No,8.19,1,7.0,1,88.1,0,5,3
E1013,Security,Night,2026-06-06,2026-06-06 21:47:00,No,2026-06-07 06:11:34,No,8.41,1,7.0,1,88.1,0,5,3
E1013,Security,Night,2026-06-08,2026-06-08 21:58:45,No,,,,0,7.0,1,88.1,0,5,3
E1013,Security,Night,2026-06-09,2026-06-09 21:55:24,No,2026-06-10 06:16:54,No,8.36,1,7.0,1,88.1,0,5,3
E1013,Security,Night,2026-06-10,2026-06-10 22:12:10,Yes,2026-06-11 06:16:23,No,8.07,1,7.0,1,88.1,0,5,3
E1013,Security,Night,2026-06-11,2026-06-11 21:45:55,No,2026-06-12 06:05:39,No,8.33,1,7.0,1,88.1,0,5,3
E1013,Security,Night,2026-06-12,2026-06-12 22:06:56,No,2026-06-13 05:38:47,Yes,7.53,1,7.0,1,88.1,0,5,3
E1013,Security,Night,2026-06-13,2026-06-13 21:47:40,No,2026-06-14 05:59:57,No,8.2,1,7.0,1,88.1,0,5,3
E1013,Security,Night,2026-06-15,2026-06-15 21:58:28,No,,,,0,7.0,1,88.1,0,5,3
E1013,Security,Night,2026-06-16,2026-06-16 22:09:02,No,2026-06-17 05:35:39,Yes,7.44,1,7.0,1,88.1,0,5,3
E1013,Security,Night,2026-06-17,2026-06-17 22:09:28,No,2026-06-18 06:08:49,No,7.99,1,7.0,1,88.1,0,5,3
E1013,Security,Night,2026-06-18,2026-06-18 21:44:36,No,2026-06-19 06:16:29,No,8.53,1,7.0,1,88.1,0,5,3
E1013,Security,Night,2026-06-19,2026-06-19 21:46:04,No,2026-06-20 06:44:31,No,8.97,1,7.0,1,88.1,0,5,3
E1013,Security,Night,2026-06-20,2026-06-20 21:35:23,No,2026-06-21 06:04:54,No,8.49,1,7.0,1,88.1,0,5,3
E1013,Security,Night,2026-06-22,2026-06-22 22:00:41,No,,,,0,7.0,1,88.1,0,5,3
E1013,Security,Night,2026-06-23,2026-06-23 21:45:24,No,2026-06-24 06:00:17,No,8.25,1,7.0,1,88.1,0,5,3
E1013,Security,Night,2026-06-24,2026-06-24 21:53:07,No,2026-06-25 06:00:32,No,8.12,1,7.0,1,88.1,0,5,3
E1013,Security,Night,2026-06-25,2026-06-25 22:02:38,No,2026-06-26 06:20:43,No,8.3,1,7.0,1,88.1,0,5,3
E1013,Security,Night,2026-06-26,2026-06-26 21:56:38,No,2026-06-27 06:29:27,No,8.55,1,7.0,1,88.1,0,5,3
E1013,Security,Night,2026-06-27,2026-06-27 21:49:33,No,2026-06-28 05:45:38,No,7.93,1,7.0,1,88.1,0,5,3
E1013,Security,Night,2026-06-28,2026-06-28 22:08:52,No,2026-06-29 05:55:56,No,7.78,1,7.0,1,88.1,0,5,3
E1013,Security,Night,2026-06-29,2026-06-29 21:57:30,No,,,,0,7.0,1,88.1,0,5,3
E1013,Security,Night,2026-06-30,2026-06-30 21:51:00,No,2026-07-01 06:16:17,No,8.42,1,7.0,1,88.1,0,5,3
E1013,Security,Night,2026-07-01,2026-07-01 21:47:28,No,2026-07-02 05:38:10,Yes,7.84,1,7.0,1,88.1,0,5,3
E1013,Security,Night,2026-07-02,2026-07-02 22:24:19,Yes,2026-07-03 06:44:45,No,8.34,1,7.0,1,88.1,0,5,3
E1013,Security,Night,2026-07-03,2026-07-03 21:53:37,No,2026-07-04 06:34:47,No,8.69,1,7.0,1,88.1,0,5,3
E1013,Security,Night,2026-07-04,2026-07-04 21:40:37,No,2026-07-05 05:37:12,Yes,7.94,1,7.0,1,88.1,0,5,3
E1013,Security,Night,2026-07-05,2026-07-05 21:53:07,No,2026-07-06 06:28:09,No,8.58,1,7.0,1,88.1,0,5,3
E1013,Security,Night,2026-07-06,2026-07-06 22:04:13,No,2026-07-07 06:08:50,No,8.08,1,7.0,1,88.1,0,5,3
E1013,Security,Night,2026-07-07,2026-07-07 21:46:19,No,2026-07-08 06:27:07,No,8.68,1,7.0,1,88.1,0,5,3
E1013,Security,Night,2026-07-08,2026-07-08 22:10:45,Yes,2026-07-09 06:04:57,No,7.9,1,7.0,1,88.1,0,5,3
E1013,Security,Night,2026-07-09,2026-07-09 22:18:23,Yes,2026-07-10 06:28:58,No,8.18,1,7.0,1,88.1,0,5,3
E1013,Security,Night,2026-07-10,2026-07-10 21:52:53,No,2026-07-11 06:05:46,No,8.21,1,7.0,1,88.1,0,5,3
E1013,Security,Night,2026-07-11,2026-07-11 21:50:58,No,2026-07-12 06:33:46,No,8.71,1,7.0,1,88.1,0,5,3
E1013,Security,Night,2026-07-13,2026-07-13 22:06:09,No,,,,0,7.0,1,88.1,0,5,3
E1013,Security,Night,2026-07-14,2026-07-14 21:56:52,No,2026-07-15 05:57:52,No,8.02,1,7.0,1,88.1,0,5,3
E1013,Security,Night,2026-07-15,2026-07-15 22:10:29,Yes,2026-07-16 06:37:08,No,8.44,1,7.0,1,88.1,0,5,3
E1013,Security,Night,2026-07-16,2026-07-16 21:49:29,No,2026-07-17 05:58:00,No,8.14,1,7.0,1,88.1,0,5,3
E1013,Security,Night,2026-07-19,2026-07-19 22:02:02,No,,,,0,7.0,1,88.1,0,5,3
E1013,Security,Night,2026-07-20,2026-07-20 22:10:25,Yes,2026-07-21 05:44:53,Yes,7.57,1,7.0,1,88.1,0,5,3
E1013,Security,Night,2026-07-21,2026-07-21 21:46:46,No,2026-07-22 06:07:03,No,8.34,1,7.0,1,88.1,0,5,3
E1013,Security,Night,2026-07-22,2026-07-22 21:54:37,No,2026-07-23 06:02:11,No,8.13,1,7.0,1,88.1,0,5,3
E1014,Admin/HR,General,2026-05-01,2026-05-01 09:27:27,No,2026-05-01 18:51:43,No,9.4,1,1.0,1,82.14,0,0,1
E1014,Admin/HR,General,2026-05-02,2026-05-02 09:06:05,No,2026-05-02 19:07:28,No,10.02,1,2.0,1,82.14,0,0,1
E1014,Admin/HR,General,2026-05-04,2026-05-04 09:29:36,No,2026-05-04 18:18:54,No,8.82,1,3.0,1,82.14,0,0,1
E1014,Admin/HR,General,2026-05-05,2026-05-05 09:29:37,No,2026-05-05 18:36:33,No,9.12,1,4.0,1,82.14,0,0,1
E1014,Admin/HR,General,2026-05-06,2026-05-06 09:21:05,No,2026-05-06 18:45:16,No,9.4,1,5.0,1,82.14,0,0,1
E1014,Admin/HR,General,2026-05-07,2026-05-07 09:23:14,No,2026-05-07 19:01:41,No,9.64,1,6.0,1,82.14,0,0,1
E1014,Admin/HR,General,2026-05-08,2026-05-08 09:22:58,No,2026-05-08 19:12:33,No,9.83,1,7.0,1,82.14,0,0,1
E1014,Admin/HR,General,2026-05-09,2026-05-09 09:31:58,No,2026-05-09 18:56:33,No,9.41,1,7.0,1,82.14,0,0,1
E1014,Admin/HR,General,2026-05-11,2026-05-11 09:15:19,No,2026-05-11 18:11:35,Yes,8.94,1,7.0,1,82.14,0,0,1
E1014,Admin/HR,General,2026-05-12,2026-05-12 09:34:51,No,2026-05-12 18:24:11,No,8.82,1,7.0,1,82.14,0,0,1
E1014,Admin/HR,General,2026-05-13,2026-05-13 09:39:38,No,2026-05-13 18:28:21,No,8.81,1,7.0,1,82.14,0,0,1
E1014,Admin/HR,General,2026-05-14,2026-05-14 09:31:42,No,2026-05-14 18:07:27,Yes,8.6,1,7.0,1,82.14,0,0,1
E1014,Admin/HR,General,2026-05-15,2026-05-15 09:27:18,No,2026-05-15 18:48:13,No,9.35,1,7.0,1,82.14,0,0,1
E1014,Admin/HR,General,2026-05-18,2026-05-18 09:44:52,Yes,2026-05-18 18:52:57,No,9.13,1,7.0,1,82.14,0,0,1
E1014,Admin/HR,General,2026-05-20,2026-05-20 09:25:29,No,2026-05-20 18:32:59,No,9.12,1,7.0,1,82.14,0,0,1
E1014,Admin/HR,General,2026-05-21,2026-05-21 09:51:08,Yes,2026-05-21 18:33:21,No,8.7,1,7.0,1,82.14,0,0,1
E1014,Admin/HR,General,2026-05-22,2026-05-22 09:37:44,No,2026-05-22 18:30:55,No,8.89,1,7.0,1,82.14,0,0,1
E1014,Admin/HR,General,2026-05-23,2026-05-23 09:28:24,No,2026-05-23 18:37:25,No,9.15,1,7.0,1,82.14,0,0,1
E1014,Admin/HR,General,2026-05-25,2026-05-25 09:06:13,No,2026-05-25 18:55:57,No,9.83,1,7.0,1,82.14,0,0,1
E1014,Admin/HR,General,2026-05-26,2026-05-26 09:29:29,No,2026-05-26 18:28:33,No,8.98,1,7.0,1,82.14,0,0,1
E1014,Admin/HR,General,2026-05-27,2026-05-27 09:08:07,No,2026-05-27 18:42:31,No,9.57,1,7.0,1,82.14,0,0,1
E1014,Admin/HR,General,2026-05-28,2026-05-28 09:50:16,Yes,2026-05-28 18:43:02,No,8.88,1,7.0,1,82.14,0,0,1
E1014,Admin/HR,General,2026-05-29,2026-05-29 09:25:37,No,2026-05-29 18:37:33,No,9.2,1,7.0,1,82.14,0,0,1
E1014,Admin/HR,General,2026-05-30,2026-05-30 09:59:56,Yes,2026-05-30 18:23:30,No,8.39,1,7.0,1,82.14,0,0,1
E1014,Admin/HR,General,2026-06-01,2026-06-01 09:19:51,No,2026-06-01 18:21:44,No,9.03,1,7.0,1,82.14,0,0,1
E1014,Admin/HR,General,2026-06-02,2026-06-02 09:42:47,Yes,2026-06-02 18:36:08,No,8.89,1,7.0,1,82.14,0,0,1
E1014,Admin/HR,General,2026-06-03,2026-06-03 09:23:41,No,2026-06-03 18:35:16,No,9.19,1,7.0,1,82.14,0,0,1
E1014,Admin/HR,General,2026-06-04,2026-06-04 09:10:56,No,2026-06-04 19:03:39,No,9.88,1,7.0,1,82.14,0,0,1
E1014,Admin/HR,General,2026-06-05,2026-06-05 09:13:24,No,2026-06-05 18:49:48,No,9.61,1,7.0,1,82.14,0,0,1
E1014,Admin/HR,General,2026-06-06,2026-06-06 09:36:56,No,2026-06-06 18:50:33,No,9.23,1,7.0,1,82.14,0,0,1
E1014,Admin/HR,General,2026-06-08,2026-06-08 09:02:42,No,2026-06-08 18:36:58,No,9.57,1,7.0,1,82.14,0,0,1
E1014,Admin/HR,General,2026-06-09,2026-06-09 09:18:53,No,2026-06-09 18:42:31,No,9.39,1,7.0,1,82.14,0,0,1
E1014,Admin/HR,General,2026-06-10,2026-06-10 09:17:09,No,2026-06-10 18:33:57,No,9.28,1,7.0,1,82.14,0,0,1
E1014,Admin/HR,General,2026-06-11,2026-06-11 09:18:45,No,2026-06-11 18:36:31,No,9.3,1,7.0,1,82.14,0,0,1
E1014,Admin/HR,General,2026-06-12,2026-06-12 09:25:22,No,2026-06-12 18:53:08,No,9.46,1,7.0,1,82.14,0,0,1
E1014,Admin/HR,General,2026-06-13,2026-06-13 09:33:28,No,2026-06-13 19:09:22,No,9.6,1,7.0,1,82.14,0,0,1
E1014,Admin/HR,General,2026-06-15,2026-06-15 09:35:48,No,2026-06-15 18:36:59,No,9.02,1,7.0,1,82.14,0,0,1
E1014,Admin/HR,General,2026-06-16,2026-06-16 09:28:01,No,2026-06-16 18:42:01,No,9.23,1,7.0,1,82.14,0,0,1
E1014,Admin/HR,General,2026-06-17,2026-06-17 09:27:52,No,2026-06-17 18:43:29,No,9.26,1,7.0,1,82.14,0,0,1
E1014,Admin/HR,General,2026-06-18,2026-06-18 09:41:03,Yes,,,,0,7.0,1,82.14,0,0,1
E1014,Admin/HR,General,2026-06-19,2026-06-19 09:32:51,No,2026-06-19 18:49:59,No,9.29,1,7.0,1,82.14,0,0,1
E1014,Admin/HR,General,2026-06-20,2026-06-20 09:52:15,Yes,2026-06-20 18:46:46,No,8.91,1,7.0,1,82.14,0,0,1
E1014,Admin/HR,General,2026-06-22,2026-06-22 09:07:16,No,2026-06-22 18:24:21,No,9.28,1,7.0,1,82.14,0,0,1
E1014,Admin/HR,General,2026-06-23,2026-06-23 09:14:54,No,2026-06-23 17:56:51,Yes,8.7,1,7.0,1,82.14,0,0,1
E1014,Admin/HR,General,2026-06-24,2026-06-24 09:26:44,No,2026-06-24 18:41:06,No,9.24,1,7.0,1,82.14,0,0,1
E1014,Admin/HR,General,2026-06-25,2026-06-25 09:10:12,No,2026-06-25 18:21:15,No,9.18,1,7.0,1,82.14,0,0,1
E1014,Admin/HR,General,2026-06-26,2026-06-26 09:24:10,No,2026-06-26 18:22:14,No,8.97,1,7.0,1,82.14,0,0,1
E1014,Admin/HR,General,2026-06-27,2026-06-27 09:11:46,No,2026-06-27 18:24:51,No,9.22,1,7.0,1,82.14,0,0,1
E1014,Admin/HR,General,2026-06-29,2026-06-29 09:33:37,No,2026-06-29 19:02:18,No,9.48,1,7.0,1,82.14,0,0,1
E1014,Admin/HR,General,2026-06-30,2026-06-30 09:18:48,No,2026-06-30 18:47:05,No,9.47,1,7.0,1,82.14,0,0,1
E1014,Admin/HR,General,2026-07-01,2026-07-01 09:22:25,No,2026-07-01 19:01:31,No,9.65,1,7.0,1,82.14,0,0,1
E1014,Admin/HR,General,2026-07-02,2026-07-02 08:58:29,No,2026-07-02 18:28:12,No,9.5,1,7.0,1,82.14,0,0,1
E1014,Admin/HR,General,2026-07-03,2026-07-03 09:38:43,No,2026-07-03 18:40:25,No,9.03,1,7.0,1,82.14,0,0,1
E1014,Admin/HR,General,2026-07-04,2026-07-04 09:45:31,Yes,2026-07-04 19:04:24,No,9.31,1,7.0,1,82.14,0,0,1
E1014,Admin/HR,General,2026-07-06,2026-07-06 09:17:26,No,2026-07-06 18:46:29,No,9.48,1,7.0,1,82.14,0,0,1
E1014,Admin/HR,General,2026-07-07,2026-07-07 09:00:40,No,2026-07-07 18:55:14,No,9.91,1,7.0,1,82.14,0,0,1
E1014,Admin/HR,General,2026-07-08,2026-07-08 09:26:27,No,2026-07-08 19:12:00,No,9.76,1,7.0,1,82.14,0,0,1
E1014,Admin/HR,General,2026-07-09,2026-07-09 09:13:05,No,2026-07-09 18:07:38,Yes,8.91,1,7.0,1,82.14,0,0,1
E1014,Admin/HR,General,2026-07-10,2026-07-10 09:33:49,No,2026-07-10 18:21:15,No,8.79,1,7.0,1,82.14,0,0,1
E1014,Admin/HR,General,2026-07-11,2026-07-11 09:33:40,No,2026-07-11 18:36:23,No,9.05,1,7.0,1,82.14,0,0,1
E1014,Admin/HR,General,2026-07-13,2026-07-13 09:31:39,No,2026-07-13 18:40:36,No,9.15,1,7.0,1,82.14,0,0,1
E1014,Admin/HR,General,2026-07-14,2026-07-14 09:22:53,No,2026-07-14 19:01:08,No,9.64,1,7.0,1,82.14,0,0,1
E1014,Admin/HR,General,2026-07-15,2026-07-15 09:32:09,No,2026-07-15 18:27:58,No,8.93,1,7.0,1,82.14,0,0,1
E1014,Admin/HR,General,2026-07-16,2026-07-16 09:21:45,No,2026-07-16 18:25:58,No,9.07,1,7.0,1,82.14,0,0,1
E1014,Admin/HR,General,2026-07-17,2026-07-17 09:14:17,No,2026-07-17 18:41:42,No,9.46,1,7.0,1,82.14,0,0,1
E1014,Admin/HR,General,2026-07-18,2026-07-18 09:18:15,No,2026-07-18 18:44:34,No,9.44,1,7.0,1,82.14,0,0,1
E1014,Admin/HR,General,2026-07-20,2026-07-20 09:12:59,No,2026-07-20 18:46:27,No,9.56,1,7.0,1,82.14,0,0,1
E1014,Admin/HR,General,2026-07-21,2026-07-21 09:21:35,No,2026-07-21 18:34:05,No,9.21,1,7.0,1,82.14,0,0,1
E1014,Admin/HR,General,2026-07-22,2026-07-22 09:07:25,No,2026-07-22 18:35:38,No,9.47,1,7.0,1,82.14,0,0,1
E1015,Production,Morning,2026-05-01,2026-05-01 05:46:13,No,,,,0,1.0,0,82.14,0,3,2
E1015,Production,Morning,2026-05-02,2026-05-02 06:11:54,Yes,2026-05-02 14:02:11,No,7.84,1,2.0,0,82.14,0,3,2
E1015,Production,Morning,2026-05-04,2026-05-04 05:59:43,No,2026-05-04 13:40:59,Yes,7.69,1,3.0,0,82.14,0,3,2
E1015,Production,Morning,2026-05-05,2026-05-05 05:56:23,No,2026-05-05 13:56:30,No,8.0,1,4.0,0,82.14,0,3,2
E1015,Production,Morning,2026-05-06,2026-05-06 05:54:19,No,2026-05-06 14:11:22,No,8.28,1,5.0,0,82.14,0,3,2
E1015,Production,Morning,2026-05-07,2026-05-07 05:58:41,No,2026-05-07 14:23:31,No,8.41,1,6.0,0,82.14,0,3,2
E1015,Production,Morning,2026-05-08,2026-05-08 06:02:29,No,2026-05-08 14:09:47,No,8.12,1,7.0,0,82.14,0,3,2
E1015,Production,Morning,2026-05-09,2026-05-09 05:55:59,No,2026-05-09 13:42:07,Yes,7.77,1,7.0,0,82.14,0,3,2
E1015,Production,Morning,2026-05-11,2026-05-11 06:14:52,Yes,2026-05-11 14:22:40,No,8.13,1,7.0,0,82.14,0,3,2
E1015,Production,Morning,2026-05-12,2026-05-12 06:23:16,Yes,2026-05-12 13:47:03,No,7.4,1,7.0,0,82.14,0,3,2
E1015,Production,Morning,2026-05-13,2026-05-13 05:50:14,No,2026-05-13 14:03:38,No,8.22,1,7.0,0,82.14,0,3,2
E1015,Production,Morning,2026-05-14,2026-05-14 06:16:10,Yes,2026-05-14 14:12:38,No,7.94,1,7.0,0,82.14,0,3,2
E1015,Production,Morning,2026-05-15,2026-05-15 06:02:24,No,2026-05-15 14:07:34,No,8.09,1,7.0,0,82.14,0,3,2
E1015,Production,Morning,2026-05-16,2026-05-16 05:48:22,No,2026-05-16 13:44:29,Yes,7.94,1,7.0,0,82.14,0,3,2
E1015,Production,Morning,2026-05-18,2026-05-18 06:02:20,No,2026-05-18 14:13:06,No,8.18,1,7.0,0,82.14,0,3,2
E1015,Production,Morning,2026-05-19,2026-05-19 06:11:39,Yes,2026-05-19 13:53:58,No,7.71,1,7.0,0,82.14,0,3,2
E1015,Production,Morning,2026-05-20,2026-05-20 05:57:10,No,2026-05-20 13:56:04,No,7.98,1,7.0,0,82.14,0,3,2
E1015,Production,Morning,2026-05-21,2026-05-21 06:00:18,No,2026-05-21 14:35:38,No,8.59,1,7.0,0,82.14,0,3,2
E1015,Production,Morning,2026-05-22,2026-05-22 06:20:45,Yes,2026-05-22 13:47:51,No,7.45,1,7.0,0,82.14,0,3,2
E1015,Production,Morning,2026-05-25,2026-05-25 05:54:28,No,2026-05-25 13:41:48,Yes,7.79,1,7.0,0,82.14,0,3,2
E1015,Production,Morning,2026-05-26,2026-05-26 06:04:10,No,2026-05-26 14:12:38,No,8.14,1,7.0,0,82.14,0,3,2
E1015,Production,Morning,2026-05-27,2026-05-27 05:56:59,No,2026-05-27 14:13:11,No,8.27,1,7.0,0,82.14,0,3,2
E1015,Production,Morning,2026-05-28,2026-05-28 05:57:17,No,2026-05-28 14:16:03,No,8.31,1,7.0,0,82.14,0,3,2
E1015,Production,Morning,2026-05-29,2026-05-29 06:10:27,Yes,2026-05-29 14:34:09,No,8.4,1,7.0,0,82.14,0,3,2
E1015,Production,Morning,2026-05-30,2026-05-30 05:56:52,No,2026-05-30 14:13:49,No,8.28,1,7.0,0,82.14,0,3,2
E1015,Production,Morning,2026-06-01,2026-06-01 06:19:46,Yes,2026-06-01 14:01:38,No,7.7,1,7.0,0,82.14,0,3,2
E1015,Production,Morning,2026-06-02,2026-06-02 05:59:26,No,2026-06-02 13:55:08,No,7.93,1,7.0,0,82.14,0,3,2
E1015,Production,Morning,2026-06-03,2026-06-03 05:32:56,No,2026-06-03 14:29:49,No,8.95,1,7.0,0,82.14,0,3,2
E1015,Production,Morning,2026-06-04,2026-06-04 05:44:01,No,2026-06-04 14:17:56,No,8.57,1,7.0,0,82.14,0,3,2
E1015,Production,Morning,2026-06-05,2026-06-05 05:50:57,No,2026-06-05 14:11:59,No,8.35,1,7.0,0,82.14,0,3,2
E1015,Production,Morning,2026-06-06,2026-06-06 06:09:37,No,2026-06-06 13:59:11,No,7.83,1,7.0,0,82.14,0,3,2
E1015,Production,Morning,2026-06-08,2026-06-08 05:51:05,No,2026-06-08 13:57:36,No,8.11,1,7.0,0,82.14,0,3,2
E1015,Production,Morning,2026-06-09,2026-06-09 05:43:41,No,2026-06-09 14:14:00,No,8.51,1,7.0,0,82.14,0,3,2
E1015,Production,Morning,2026-06-10,2026-06-10 05:52:37,No,2026-06-10 14:46:24,No,8.9,1,7.0,0,82.14,0,3,2
E1015,Production,Morning,2026-06-11,2026-06-11 06:06:15,No,2026-06-11 13:48:22,No,7.7,1,7.0,0,82.14,0,3,2
E1015,Production,Morning,2026-06-12,2026-06-12 05:45:17,No,2026-06-12 13:44:13,Yes,7.98,1,7.0,0,82.14,0,3,2
E1015,Production,Morning,2026-06-15,2026-06-15 05:47:46,No,2026-06-15 13:48:08,No,8.01,1,7.0,0,82.14,0,3,2
E1015,Production,Morning,2026-06-16,2026-06-16 06:00:25,No,2026-06-16 14:18:20,No,8.3,1,7.0,0,82.14,0,3,2
E1015,Production,Morning,2026-06-17,2026-06-17 06:03:09,No,2026-06-17 14:39:20,No,8.6,1,7.0,0,82.14,0,3,2
E1015,Production,Morning,2026-06-18,2026-06-18 06:14:02,Yes,2026-06-18 14:17:01,No,8.05,1,7.0,0,82.14,0,3,2
E1015,Production,Morning,2026-06-19,2026-06-19 05:48:38,No,2026-06-19 13:51:27,No,8.05,1,7.0,0,82.14,0,3,2
E1015,Production,Morning,2026-06-20,2026-06-20 06:08:43,No,2026-06-20 14:10:41,No,8.03,1,7.0,0,82.14,0,3,2
E1015,Production,Morning,2026-06-23,2026-06-23 05:47:00,No,2026-06-23 13:48:11,No,8.02,1,7.0,0,82.14,0,3,2
E1015,Production,Morning,2026-06-24,2026-06-24 06:05:16,No,2026-06-24 14:24:39,No,8.32,1,7.0,0,82.14,0,3,2
E1015,Production,Morning,2026-06-25,2026-06-25 06:02:53,No,2026-06-25 14:09:15,No,8.11,1,7.0,0,82.14,0,3,2
E1015,Production,Morning,2026-06-26,2026-06-26 05:43:14,No,2026-06-26 14:19:22,No,8.6,1,7.0,0,82.14,0,3,2
E1015,Production,Morning,2026-06-27,2026-06-27 06:16:57,Yes,2026-06-27 14:43:25,No,8.44,1,7.0,0,82.14,0,3,2
E1015,Production,Morning,2026-06-29,2026-06-29 05:34:39,No,2026-06-29 14:01:24,No,8.45,1,7.0,0,82.14,0,3,2
E1015,Production,Morning,2026-06-30,2026-06-30 05:40:14,No,2026-06-30 14:32:27,No,8.87,1,7.0,0,82.14,0,3,2
E1015,Production,Morning,2026-07-01,2026-07-01 06:01:33,No,2026-07-01 13:59:56,No,7.97,1,7.0,0,82.14,0,3,2
E1015,Production,Morning,2026-07-02,2026-07-02 05:52:41,No,2026-07-02 13:39:37,Yes,7.78,1,7.0,0,82.14,0,3,2
E1015,Production,Morning,2026-07-03,2026-07-03 05:34:26,No,2026-07-03 13:47:13,No,8.21,1,7.0,0,82.14,0,3,2
E1015,Production,Morning,2026-07-04,2026-07-04 05:38:08,No,2026-07-04 14:24:02,No,8.76,1,7.0,0,82.14,0,3,2
E1015,Production,Morning,2026-07-06,2026-07-06 06:03:29,No,2026-07-06 14:18:41,No,8.25,1,7.0,0,82.14,0,3,2
E1015,Production,Morning,2026-07-07,2026-07-07 05:59:42,No,2026-07-07 14:39:26,No,8.66,1,7.0,0,82.14,0,3,2
E1015,Production,Morning,2026-07-08,2026-07-08 06:14:37,Yes,2026-07-08 13:38:07,Yes,7.39,1,7.0,0,82.14,0,3,2
E1015,Production,Morning,2026-07-09,2026-07-09 06:18:38,Yes,2026-07-09 14:09:18,No,7.84,1,7.0,0,82.14,0,3,2
E1015,Production,Morning,2026-07-10,2026-07-10 05:44:36,No,2026-07-10 14:30:41,No,8.77,1,7.0,0,82.14,0,3,2
E1015,Production,Morning,2026-07-11,2026-07-11 06:07:43,No,2026-07-11 13:58:16,No,7.84,1,7.0,0,82.14,0,3,2
E1015,Production,Morning,2026-07-13,2026-07-13 06:09:48,No,2026-07-13 14:00:37,No,7.85,1,7.0,0,82.14,0,3,2
E1015,Production,Morning,2026-07-14,2026-07-14 05:36:51,No,2026-07-14 14:33:12,No,8.94,1,7.0,0,82.14,0,3,2
E1015,Production,Morning,2026-07-15,2026-07-15 06:00:30,No,2026-07-15 13:43:10,Yes,7.71,1,7.0,0,82.14,0,3,2
E1015,Production,Morning,2026-07-16,2026-07-16 05:36:39,No,2026-07-16 13:40:57,Yes,8.07,1,7.0,0,82.14,0,3,2
E1015,Production,Morning,2026-07-17,2026-07-17 06:00:44,No,2026-07-17 14:35:16,No,8.58,1,7.0,0,82.14,0,3,2
E1015,Production,Morning,2026-07-18,2026-07-18 06:08:35,No,2026-07-18 14:06:28,No,7.96,1,7.0,0,82.14,0,3,2
E1015,Production,Morning,2026-07-20,2026-07-20 05:45:15,No,2026-07-20 14:14:23,No,8.49,1,7.0,0,82.14,0,3,2
E1015,Production,Morning,2026-07-21,2026-07-21 05:52:15,No,2026-07-21 14:02:05,No,8.16,1,7.0,0,82.14,0,3,2
E1015,Production,Morning,2026-07-22,2026-07-22 05:43:29,No,2026-07-22 14:27:36,No,8.74,1,7.0,0,82.14,0,3,2
E1015,Production,Morning,2026-07-23,2026-07-23 05:53:00,No,,,,0,7.0,0,82.14,0,3,2
E1016,Packing,Afternoon,2026-05-01,2026-05-01 13:46:22,No,2026-05-01 22:08:41,No,8.37,1,1.0,1,79.76,1,2,0
E1016,Packing,Afternoon,2026-05-04,2026-05-04 13:49:38,No,2026-05-04 22:14:56,No,8.42,1,2.0,1,79.76,1,2,0
E1016,Packing,Afternoon,2026-05-05,2026-05-05 13:41:55,No,2026-05-05 22:38:26,No,8.94,1,3.0,1,79.76,1,2,0
E1016,Packing,Afternoon,2026-05-06,2026-05-06 14:17:21,Yes,2026-05-06 22:18:54,No,8.03,1,4.0,1,79.76,1,2,0
E1016,Packing,Afternoon,2026-05-07,2026-05-07 13:50:04,No,2026-05-07 21:43:42,Yes,7.89,1,5.0,1,79.76,1,2,0
E1016,Packing,Afternoon,2026-05-08,2026-05-08 13:50:46,No,2026-05-08 22:08:29,No,8.3,1,6.0,1,79.76,1,2,0
E1016,Packing,Afternoon,2026-05-09,2026-05-09 13:59:47,No,2026-05-09 22:20:58,No,8.35,1,7.0,1,79.76,1,2,0
E1016,Packing,Afternoon,2026-05-12,2026-05-12 13:53:46,No,2026-05-12 21:46:46,No,7.88,1,7.0,1,79.76,1,2,0
E1016,Packing,Afternoon,2026-05-13,2026-05-13 13:42:41,No,2026-05-13 22:09:51,No,8.45,1,7.0,1,79.76,1,2,0
E1016,Packing,Afternoon,2026-05-14,2026-05-14 14:07:10,No,2026-05-14 22:16:32,No,8.16,1,7.0,1,79.76,1,2,0
E1016,Packing,Afternoon,2026-05-15,2026-05-15 13:52:09,No,2026-05-15 22:10:15,No,8.3,1,7.0,1,79.76,1,2,0
E1016,Packing,Afternoon,2026-05-16,2026-05-16 14:22:57,Yes,2026-05-16 21:56:40,No,7.56,1,7.0,1,79.76,1,2,0
E1016,Packing,Afternoon,2026-05-18,2026-05-18 14:02:05,No,2026-05-18 22:24:09,No,8.37,1,7.0,1,79.76,1,2,0
E1016,Packing,Afternoon,2026-05-19,2026-05-19 14:18:32,Yes,2026-05-19 21:46:19,No,7.46,1,7.0,1,79.76,1,2,0
E1016,Packing,Afternoon,2026-05-20,2026-05-20 14:06:05,No,2026-05-20 21:37:01,Yes,7.52,1,7.0,1,79.76,1,2,0
E1016,Packing,Afternoon,2026-05-21,2026-05-21 13:54:11,No,2026-05-21 22:05:25,No,8.19,1,7.0,1,79.76,1,2,0
E1016,Packing,Afternoon,2026-05-22,2026-05-22 14:02:51,No,2026-05-22 22:03:11,No,8.01,1,7.0,1,79.76,1,2,0
E1016,Packing,Afternoon,2026-05-23,2026-05-23 13:46:05,No,2026-05-23 22:31:16,No,8.75,1,7.0,1,79.76,1,2,0
E1016,Packing,Afternoon,2026-05-25,2026-05-25 14:08:28,No,2026-05-25 22:03:21,No,7.91,1,7.0,1,79.76,1,2,0
E1016,Packing,Afternoon,2026-05-26,2026-05-26 14:11:23,Yes,2026-05-26 22:01:32,No,7.84,1,7.0,1,79.76,1,2,0
E1016,Packing,Afternoon,2026-05-27,2026-05-27 13:49:39,No,2026-05-27 21:57:14,No,8.13,1,7.0,1,79.76,1,2,0
E1016,Packing,Afternoon,2026-05-28,2026-05-28 14:02:43,No,2026-05-28 22:17:17,No,8.24,1,7.0,1,79.76,1,2,0
E1016,Packing,Afternoon,2026-05-29,2026-05-29 13:51:01,No,2026-05-29 22:00:53,No,8.16,1,7.0,1,79.76,1,2,0
E1016,Packing,Afternoon,2026-05-30,2026-05-30 14:00:32,No,2026-05-30 21:53:32,No,7.88,1,7.0,1,79.76,1,2,0
E1016,Packing,Afternoon,2026-06-01,2026-06-01 13:54:15,No,2026-06-01 22:24:55,No,8.51,1,7.0,1,79.76,1,2,0
E1016,Packing,Afternoon,2026-06-02,2026-06-02 13:53:33,No,2026-06-02 21:42:58,Yes,7.82,1,7.0,1,79.76,1,2,0
E1016,Packing,Afternoon,2026-06-03,2026-06-03 13:57:55,No,2026-06-03 22:15:29,No,8.29,1,7.0,1,79.76,1,2,0
E1016,Packing,Afternoon,2026-06-04,2026-06-04 13:44:20,No,2026-06-04 22:29:15,No,8.75,1,7.0,1,79.76,1,2,0
E1016,Packing,Afternoon,2026-06-05,2026-06-05 13:41:46,No,2026-06-05 22:25:45,No,8.73,1,7.0,1,79.76,1,2,0
E1016,Packing,Afternoon,2026-06-06,2026-06-06 13:23:48,No,2026-06-06 22:16:46,No,8.88,1,7.0,1,79.76,1,2,0
E1016,Packing,Afternoon,2026-06-08,2026-06-08 13:51:07,No,2026-06-08 22:01:15,No,8.17,1,7.0,1,79.76,1,2,0
E1016,Packing,Afternoon,2026-06-09,2026-06-09 13:39:54,No,2026-06-09 22:06:19,No,8.44,1,7.0,1,79.76,1,2,0
E1016,Packing,Afternoon,2026-06-10,2026-06-10 13:56:11,No,2026-06-10 22:10:36,No,8.24,1,7.0,1,79.76,1,2,0
E1016,Packing,Afternoon,2026-06-11,2026-06-11 13:31:36,No,2026-06-11 21:33:30,Yes,8.03,1,7.0,1,79.76,1,2,0
E1016,Packing,Afternoon,2026-06-12,2026-06-12 13:24:59,No,2026-06-12 22:19:11,No,8.9,1,7.0,1,79.76,1,2,0
E1016,Packing,Afternoon,2026-06-13,2026-06-13 14:15:44,Yes,2026-06-13 22:23:23,No,8.13,1,7.0,1,79.76,1,2,0
E1016,Packing,Afternoon,2026-06-15,2026-06-15 14:06:31,No,2026-06-15 22:04:27,No,7.97,1,7.0,1,79.76,1,2,0
E1016,Packing,Afternoon,2026-06-16,2026-06-16 13:39:17,No,2026-06-16 22:22:14,No,8.72,1,7.0,1,79.76,1,2,0
E1016,Packing,Afternoon,2026-06-17,2026-06-17 13:35:39,No,2026-06-17 22:20:46,No,8.75,1,7.0,1,79.76,1,2,0
E1016,Packing,Afternoon,2026-06-19,2026-06-19 14:04:02,No,2026-06-19 21:55:49,No,7.86,1,7.0,1,79.76,1,2,0
E1016,Packing,Afternoon,2026-06-20,2026-06-20 13:58:47,No,2026-06-20 22:02:32,No,8.06,1,7.0,1,79.76,1,2,0
E1016,Packing,Afternoon,2026-06-22,2026-06-22 13:51:16,No,2026-06-22 22:13:36,No,8.37,1,7.0,1,79.76,1,2,0
E1016,Packing,Afternoon,2026-06-23,2026-06-23 14:08:50,No,2026-06-23 21:51:51,No,7.72,1,7.0,1,79.76,1,2,0
E1016,Packing,Afternoon,2026-06-24,2026-06-24 13:56:37,No,2026-06-24 22:14:49,No,8.3,1,7.0,1,79.76,1,2,0
E1016,Packing,Afternoon,2026-06-25,2026-06-25 14:17:13,Yes,2026-06-25 22:06:30,No,7.82,1,7.0,1,79.76,1,2,0
E1016,Packing,Afternoon,2026-06-26,2026-06-26 13:55:09,No,2026-06-26 22:09:54,No,8.25,1,7.0,1,79.76,1,2,0
E1016,Packing,Afternoon,2026-06-27,2026-06-27 13:44:26,No,2026-06-27 21:51:20,No,8.12,1,7.0,1,79.76,1,2,0
E1016,Packing,Afternoon,2026-06-29,2026-06-29 14:20:53,Yes,2026-06-29 21:59:08,No,7.64,1,7.0,1,79.76,1,2,0
E1016,Packing,Afternoon,2026-06-30,2026-06-30 13:38:29,No,2026-06-30 21:40:58,Yes,8.04,1,7.0,1,79.76,1,2,0
E1016,Packing,Afternoon,2026-07-01,2026-07-01 13:49:25,No,2026-07-01 22:21:25,No,8.53,1,7.0,1,79.76,1,2,0
E1016,Packing,Afternoon,2026-07-02,2026-07-02 13:35:50,No,2026-07-02 22:15:42,No,8.66,1,7.0,1,79.76,1,2,0
E1016,Packing,Afternoon,2026-07-03,2026-07-03 14:01:21,No,2026-07-03 22:16:09,No,8.25,1,7.0,1,79.76,1,2,0
E1016,Packing,Afternoon,2026-07-04,2026-07-04 13:46:28,No,2026-07-04 21:56:25,No,8.17,1,7.0,1,79.76,1,2,0
E1016,Packing,Afternoon,2026-07-06,2026-07-06 14:22:13,Yes,2026-07-06 21:49:38,No,7.46,1,7.0,1,79.76,1,2,0
E1016,Packing,Afternoon,2026-07-07,2026-07-07 14:07:11,No,2026-07-07 22:14:39,No,8.12,1,7.0,1,79.76,1,2,0
E1016,Packing,Afternoon,2026-07-08,2026-07-08 13:57:25,No,2026-07-08 22:52:25,No,8.92,1,7.0,1,79.76,1,2,0
E1016,Packing,Afternoon,2026-07-09,2026-07-09 13:58:47,No,2026-07-09 21:45:22,No,7.78,1,7.0,1,79.76,1,2,0
E1016,Packing,Afternoon,2026-07-10,2026-07-10 14:00:48,No,2026-07-10 21:50:28,No,7.83,1,7.0,1,79.76,1,2,0
E1016,Packing,Afternoon,2026-07-13,2026-07-13 14:14:56,Yes,2026-07-13 21:48:15,No,7.56,1,7.0,1,79.76,1,2,0
E1016,Packing,Afternoon,2026-07-14,2026-07-14 14:05:47,No,2026-07-14 22:37:54,No,8.54,1,7.0,1,79.76,1,2,0
E1016,Packing,Afternoon,2026-07-15,2026-07-15 13:51:14,No,2026-07-15 22:32:39,No,8.69,1,7.0,1,79.76,1,2,0
E1016,Packing,Afternoon,2026-07-16,2026-07-16 13:57:21,No,2026-07-16 22:15:04,No,8.3,1,7.0,1,79.76,1,2,0
E1016,Packing,Afternoon,2026-07-17,2026-07-17 13:44:05,No,2026-07-17 22:11:53,No,8.46,1,7.0,1,79.76,1,2,0
E1016,Packing,Afternoon,2026-07-18,2026-07-18 13:57:00,No,2026-07-18 21:43:58,Yes,7.78,1,7.0,1,79.76,1,2,0
E1016,Packing,Afternoon,2026-07-20,2026-07-20 13:39:10,No,2026-07-20 22:22:14,No,8.72,1,7.0,1,79.76,1,2,0
E1016,Packing,Afternoon,2026-07-21,2026-07-21 13:59:26,No,2026-07-21 22:41:24,No,8.7,1,7.0,1,79.76,1,2,0
E1016,Packing,Afternoon,2026-07-22,2026-07-22 13:28:11,No,2026-07-22 22:06:40,No,8.64,1,7.0,1,79.76,1,2,0
E1017,Quality Control,Afternoon,2026-05-01,2026-05-01 14:04:53,No,2026-05-01 22:26:55,No,8.37,1,1.0,1,82.14,0,4,0
E1017,Quality Control,Afternoon,2026-05-02,2026-05-02 13:56:46,No,2026-05-02 22:28:51,No,8.53,1,2.0,1,82.14,0,4,0
E1017,Quality Control,Afternoon,2026-05-04,2026-05-04 13:55:43,No,2026-05-04 21:46:20,No,7.84,1,3.0,1,82.14,0,4,0
E1017,Quality Control,Afternoon,2026-05-05,2026-05-05 13:52:32,No,2026-05-05 21:57:38,No,8.09,1,4.0,1,82.14,0,4,0
E1017,Quality Control,Afternoon,2026-05-06,2026-05-06 14:01:09,No,2026-05-06 22:21:48,No,8.34,1,5.0,1,82.14,0,4,0
E1017,Quality Control,Afternoon,2026-05-07,2026-05-07 13:54:08,No,2026-05-07 22:08:10,No,8.23,1,6.0,1,82.14,0,4,0
E1017,Quality Control,Afternoon,2026-05-08,2026-05-08 14:03:19,No,2026-05-08 22:12:00,No,8.14,1,7.0,1,82.14,0,4,0
E1017,Quality Control,Afternoon,2026-05-09,2026-05-09 13:29:24,No,2026-05-09 22:23:47,No,8.91,1,7.0,1,82.14,0,4,0
E1017,Quality Control,Afternoon,2026-05-11,2026-05-11 14:00:30,No,2026-05-11 22:19:29,No,8.32,1,7.0,1,82.14,0,4,0
E1017,Quality Control,Afternoon,2026-05-12,2026-05-12 13:58:44,No,2026-05-12 22:12:00,No,8.22,1,7.0,1,82.14,0,4,0
E1017,Quality Control,Afternoon,2026-05-13,2026-05-13 13:37:06,No,2026-05-13 21:53:38,No,8.28,1,7.0,1,82.14,0,4,0
E1017,Quality Control,Afternoon,2026-05-14,2026-05-14 13:51:10,No,2026-05-14 22:22:00,No,8.51,1,7.0,1,82.14,0,4,0
E1017,Quality Control,Afternoon,2026-05-15,2026-05-15 13:43:54,No,2026-05-15 22:03:57,No,8.33,1,7.0,1,82.14,0,4,0
E1017,Quality Control,Afternoon,2026-05-16,2026-05-16 13:50:12,No,2026-05-16 22:20:32,No,8.51,1,7.0,1,82.14,0,4,0
E1017,Quality Control,Afternoon,2026-05-18,2026-05-18 14:16:55,Yes,2026-05-18 22:15:57,No,7.98,1,7.0,1,82.14,0,4,0
E1017,Quality Control,Afternoon,2026-05-19,2026-05-19 13:51:00,No,2026-05-19 22:05:35,No,8.24,1,7.0,1,82.14,0,4,0
E1017,Quality Control,Afternoon,2026-05-20,2026-05-20 13:56:51,No,2026-05-20 22:26:32,No,8.49,1,7.0,1,82.14,0,4,0
E1017,Quality Control,Afternoon,2026-05-21,2026-05-21 14:01:39,No,2026-05-21 22:27:39,No,8.43,1,7.0,1,82.14,0,4,0
E1017,Quality Control,Afternoon,2026-05-22,2026-05-22 14:07:32,No,2026-05-22 22:22:12,No,8.24,1,7.0,1,82.14,0,4,0
E1017,Quality Control,Afternoon,2026-05-23,2026-05-23 13:58:46,No,2026-05-23 22:06:49,No,8.13,1,7.0,1,82.14,0,4,0
E1017,Quality Control,Afternoon,2026-05-25,2026-05-25 14:21:46,Yes,2026-05-25 22:33:37,No,8.2,1,7.0,1,82.14,0,4,0
E1017,Quality Control,Afternoon,2026-05-26,2026-05-26 13:35:17,No,2026-05-26 22:03:13,No,8.47,1,7.0,1,82.14,0,4,0
E1017,Quality Control,Afternoon,2026-05-27,2026-05-27 14:00:49,No,2026-05-27 22:04:11,No,8.06,1,7.0,1,82.14,0,4,0
E1017,Quality Control,Afternoon,2026-05-28,2026-05-28 13:42:59,No,2026-05-28 22:23:00,No,8.67,1,7.0,1,82.14,0,4,0
E1017,Quality Control,Afternoon,2026-05-29,2026-05-29 13:42:12,No,2026-05-29 22:15:16,No,8.55,1,7.0,1,82.14,0,4,0
E1017,Quality Control,Afternoon,2026-05-30,2026-05-30 14:20:48,Yes,2026-05-30 21:52:59,No,7.54,1,7.0,1,82.14,0,4,0
E1017,Quality Control,Afternoon,2026-06-01,2026-06-01 13:57:55,No,2026-06-01 22:34:48,No,8.61,1,7.0,1,82.14,0,4,0
E1017,Quality Control,Afternoon,2026-06-02,2026-06-02 13:53:19,No,2026-06-02 22:10:18,No,8.28,1,7.0,1,82.14,0,4,0
E1017,Quality Control,Afternoon,2026-06-03,2026-06-03 13:57:18,No,2026-06-03 22:25:51,No,8.48,1,7.0,1,82.14,0,4,0
E1017,Quality Control,Afternoon,2026-06-04,2026-06-04 13:39:15,No,2026-06-04 22:15:42,No,8.61,1,7.0,1,82.14,0,4,0
E1017,Quality Control,Afternoon,2026-06-05,2026-06-05 13:48:57,No,2026-06-05 22:13:26,No,8.41,1,7.0,1,82.14,0,4,0
E1017,Quality Control,Afternoon,2026-06-06,2026-06-06 13:35:29,No,2026-06-06 21:48:07,No,8.21,1,7.0,1,82.14,0,4,0
E1017,Quality Control,Afternoon,2026-06-08,2026-06-08 14:12:26,Yes,2026-06-08 22:23:42,No,8.19,1,7.0,1,82.14,0,4,0
E1017,Quality Control,Afternoon,2026-06-09,2026-06-09 13:39:10,No,2026-06-09 22:20:08,No,8.68,1,7.0,1,82.14,0,4,0
E1017,Quality Control,Afternoon,2026-06-10,2026-06-10 14:03:03,No,2026-06-10 21:56:45,No,7.9,1,7.0,1,82.14,0,4,0
E1017,Quality Control,Afternoon,2026-06-11,2026-06-11 13:38:43,No,2026-06-11 21:51:25,No,8.21,1,7.0,1,82.14,0,4,0
E1017,Quality Control,Afternoon,2026-06-12,2026-06-12 13:48:15,No,2026-06-12 22:03:45,No,8.26,1,7.0,1,82.14,0,4,0
E1017,Quality Control,Afternoon,2026-06-13,2026-06-13 13:59:18,No,2026-06-13 22:07:36,No,8.14,1,7.0,1,82.14,0,4,0
E1017,Quality Control,Afternoon,2026-06-15,2026-06-15 13:45:42,No,2026-06-15 22:28:47,No,8.72,1,7.0,1,82.14,0,4,0
E1017,Quality Control,Afternoon,2026-06-16,2026-06-16 13:30:58,No,2026-06-16 22:02:19,No,8.52,1,7.0,1,82.14,0,4,0
E1017,Quality Control,Afternoon,2026-06-17,2026-06-17 13:56:24,No,2026-06-17 22:12:49,No,8.27,1,7.0,1,82.14,0,4,0
E1017,Quality Control,Afternoon,2026-06-18,2026-06-18 13:56:26,No,2026-06-18 21:49:29,No,7.88,1,7.0,1,82.14,0,4,0
E1017,Quality Control,Afternoon,2026-06-19,2026-06-19 14:02:09,No,2026-06-19 22:37:28,No,8.59,1,7.0,1,82.14,0,4,0
E1017,Quality Control,Afternoon,2026-06-20,2026-06-20 13:55:11,No,2026-06-20 22:13:40,No,8.31,1,7.0,1,82.14,0,4,0
E1017,Quality Control,Afternoon,2026-06-22,2026-06-22 14:05:45,No,2026-06-22 21:38:33,Yes,7.55,1,7.0,1,82.14,0,4,0
E1017,Quality Control,Afternoon,2026-06-23,2026-06-23 13:46:05,No,2026-06-23 21:52:40,No,8.11,1,7.0,1,82.14,0,4,0
E1017,Quality Control,Afternoon,2026-06-25,2026-06-25 13:57:32,No,2026-06-25 22:02:09,No,8.08,1,7.0,1,82.14,0,4,0
E1017,Quality Control,Afternoon,2026-06-26,2026-06-26 13:46:07,No,2026-06-26 21:59:53,No,8.23,1,7.0,1,82.14,0,4,0
E1017,Quality Control,Afternoon,2026-06-27,2026-06-27 13:54:55,No,2026-06-27 21:44:23,Yes,7.82,1,7.0,1,82.14,0,4,0
E1017,Quality Control,Afternoon,2026-06-29,2026-06-29 14:03:48,No,2026-06-29 22:06:17,No,8.04,1,7.0,1,82.14,0,4,0
E1017,Quality Control,Afternoon,2026-06-30,2026-06-30 13:50:45,No,2026-06-30 21:53:45,No,8.05,1,7.0,1,82.14,0,4,0
E1017,Quality Control,Afternoon,2026-07-01,2026-07-01 13:47:27,No,2026-07-01 22:08:24,No,8.35,1,7.0,1,82.14,0,4,0
E1017,Quality Control,Afternoon,2026-07-02,2026-07-02 13:40:55,No,2026-07-02 21:53:41,No,8.21,1,7.0,1,82.14,0,4,0
E1017,Quality Control,Afternoon,2026-07-04,2026-07-04 13:53:52,No,2026-07-04 22:08:46,No,8.25,1,7.0,1,82.14,0,4,0
E1017,Quality Control,Afternoon,2026-07-06,2026-07-06 13:58:24,No,2026-07-06 22:19:23,No,8.35,1,7.0,1,82.14,0,4,0
E1017,Quality Control,Afternoon,2026-07-07,2026-07-07 14:05:45,No,2026-07-07 22:15:04,No,8.16,1,7.0,1,82.14,0,4,0
E1017,Quality Control,Afternoon,2026-07-08,2026-07-08 13:57:59,No,2026-07-08 22:07:26,No,8.16,1,7.0,1,82.14,0,4,0
E1017,Quality Control,Afternoon,2026-07-09,2026-07-09 14:08:11,No,2026-07-09 21:58:48,No,7.84,1,7.0,1,82.14,0,4,0
E1017,Quality Control,Afternoon,2026-07-10,2026-07-10 14:01:23,No,2026-07-10 22:34:18,No,8.55,1,7.0,1,82.14,0,4,0
E1017,Quality Control,Afternoon,2026-07-11,2026-07-11 13:55:14,No,2026-07-11 22:11:07,No,8.26,1,7.0,1,82.14,0,4,0
E1017,Quality Control,Afternoon,2026-07-13,2026-07-13 13:46:50,No,2026-07-13 22:03:17,No,8.27,1,7.0,1,82.14,0,4,0
E1017,Quality Control,Afternoon,2026-07-14,2026-07-14 14:04:44,No,2026-07-14 22:05:30,No,8.01,1,7.0,1,82.14,0,4,0
E1017,Quality Control,Afternoon,2026-07-15,2026-07-15 13:54:51,No,2026-07-15 22:00:00,No,8.09,1,7.0,1,82.14,0,4,0
E1017,Quality Control,Afternoon,2026-07-16,2026-07-16 14:03:56,No,2026-07-16 22:17:32,No,8.23,1,7.0,1,82.14,0,4,0
E1017,Quality Control,Afternoon,2026-07-17,2026-07-17 13:58:40,No,2026-07-17 21:52:43,No,7.9,1,7.0,1,82.14,0,4,0
E1017,Quality Control,Afternoon,2026-07-18,2026-07-18 13:35:38,No,2026-07-18 21:52:44,No,8.28,1,7.0,1,82.14,0,4,0
E1017,Quality Control,Afternoon,2026-07-20,2026-07-20 13:49:49,No,2026-07-20 22:31:22,No,8.69,1,7.0,1,82.14,0,4,0
E1017,Quality Control,Afternoon,2026-07-21,2026-07-21 13:55:05,No,2026-07-21 22:14:16,No,8.32,1,7.0,1,82.14,0,4,0
E1017,Quality Control,Afternoon,2026-07-22,2026-07-22 14:02:30,No,2026-07-22 22:08:03,No,8.09,1,7.0,1,82.14,0,4,0
E1018,Production,Afternoon,2026-05-01,2026-05-01 13:46:23,No,2026-05-01 22:03:26,No,8.28,1,1.0,1,83.33,0,3,0
E1018,Production,Afternoon,2026-05-02,2026-05-02 14:03:25,No,2026-05-02 21:48:44,No,7.76,1,2.0,1,83.33,0,3,0
E1018,Production,Afternoon,2026-05-04,2026-05-04 14:19:21,Yes,2026-05-04 22:22:45,No,8.06,1,3.0,1,83.33,0,3,0
E1018,Production,Afternoon,2026-05-05,2026-05-05 14:09:27,No,2026-05-05 22:20:32,No,8.18,1,4.0,1,83.33,0,3,0
E1018,Production,Afternoon,2026-05-07,2026-05-07 13:32:10,No,2026-05-07 22:14:12,No,8.7,1,5.0,1,83.33,0,3,0
E1018,Production,Afternoon,2026-05-08,2026-05-08 13:52:39,No,2026-05-08 22:04:56,No,8.2,1,6.0,1,83.33,0,3,0
E1018,Production,Afternoon,2026-05-09,2026-05-09 14:07:09,No,2026-05-09 22:00:58,No,7.9,1,7.0,1,83.33,0,3,0
E1018,Production,Afternoon,2026-05-11,2026-05-11 14:18:01,Yes,2026-05-11 21:45:03,No,7.45,1,7.0,1,83.33,0,3,0
E1018,Production,Afternoon,2026-05-12,2026-05-12 13:49:05,No,2026-05-12 21:52:06,No,8.05,1,7.0,1,83.33,0,3,0
E1018,Production,Afternoon,2026-05-13,2026-05-13 14:24:44,Yes,2026-05-13 21:34:10,Yes,7.16,1,7.0,1,83.33,0,3,0
E1018,Production,Afternoon,2026-05-14,2026-05-14 13:53:16,No,2026-05-14 21:45:47,No,7.88,1,7.0,1,83.33,0,3,0
E1018,Production,Afternoon,2026-05-15,2026-05-15 14:04:28,No,2026-05-15 21:41:37,Yes,7.62,1,7.0,1,83.33,0,3,0
E1018,Production,Afternoon,2026-05-16,2026-05-16 14:03:20,No,2026-05-16 22:00:14,No,7.95,1,7.0,1,83.33,0,3,0
E1018,Production,Afternoon,2026-05-18,2026-05-18 13:39:14,No,2026-05-18 22:01:27,No,8.37,1,7.0,1,83.33,0,3,0
E1018,Production,Afternoon,2026-05-19,2026-05-19 13:57:38,No,2026-05-19 22:16:55,No,8.32,1,7.0,1,83.33,0,3,0
E1018,Production,Afternoon,2026-05-20,2026-05-20 14:09:46,No,2026-05-20 21:49:15,No,7.66,1,7.0,1,83.33,0,3,0
E1018,Production,Afternoon,2026-05-21,2026-05-21 13:57:47,No,2026-05-21 21:34:49,Yes,7.62,1,7.0,1,83.33,0,3,0
E1018,Production,Afternoon,2026-05-22,2026-05-22 14:02:25,No,2026-05-22 22:05:38,No,8.05,1,7.0,1,83.33,0,3,0
E1018,Production,Afternoon,2026-05-23,2026-05-23 14:09:59,No,2026-05-23 22:16:46,No,8.11,1,7.0,1,83.33,0,3,0
E1018,Production,Afternoon,2026-05-25,2026-05-25 13:50:46,No,2026-05-25 22:35:38,No,8.75,1,7.0,1,83.33,0,3,0
E1018,Production,Afternoon,2026-05-26,2026-05-26 13:50:18,No,2026-05-26 22:36:12,No,8.76,1,7.0,1,83.33,0,3,0
E1018,Production,Afternoon,2026-05-27,2026-05-27 14:22:52,Yes,2026-05-27 22:02:01,No,7.65,1,7.0,1,83.33,0,3,0
E1018,Production,Afternoon,2026-05-28,2026-05-28 14:03:42,No,2026-05-28 22:43:46,No,8.67,1,7.0,1,83.33,0,3,0
E1018,Production,Afternoon,2026-05-29,2026-05-29 13:53:50,No,2026-05-29 22:07:29,No,8.23,1,7.0,1,83.33,0,3,0
E1018,Production,Afternoon,2026-05-30,2026-05-30 13:48:54,No,2026-05-30 21:47:08,No,7.97,1,7.0,1,83.33,0,3,0
E1018,Production,Afternoon,2026-06-01,2026-06-01 14:19:49,Yes,2026-06-01 21:52:02,No,7.54,1,7.0,1,83.33,0,3,0
E1018,Production,Afternoon,2026-06-02,2026-06-02 13:52:18,No,2026-06-02 21:46:33,No,7.9,1,7.0,1,83.33,0,3,0
E1018,Production,Afternoon,2026-06-03,2026-06-03 13:47:34,No,2026-06-03 22:22:27,No,8.58,1,7.0,1,83.33,0,3,0
E1018,Production,Afternoon,2026-06-04,2026-06-04 14:12:32,Yes,,,,0,7.0,1,83.33,0,3,0
E1018,Production,Afternoon,2026-06-05,2026-06-05 13:40:07,No,2026-06-05 21:40:16,Yes,8.0,1,7.0,1,83.33,0,3,0
E1018,Production,Afternoon,2026-06-06,2026-06-06 14:05:35,No,2026-06-06 21:37:42,Yes,7.54,1,7.0,1,83.33,0,3,0
E1018,Production,Afternoon,2026-06-08,2026-06-08 13:52:12,No,2026-06-08 22:01:06,No,8.15,1,7.0,1,83.33,0,3,0
E1018,Production,Afternoon,2026-06-09,2026-06-09 13:43:05,No,2026-06-09 22:11:02,No,8.47,1,7.0,1,83.33,0,3,0
E1018,Production,Afternoon,2026-06-10,2026-06-10 14:14:25,Yes,2026-06-10 22:13:25,No,7.98,1,7.0,1,83.33,0,3,0
E1018,Production,Afternoon,2026-06-11,2026-06-11 13:58:10,No,2026-06-11 21:32:30,Yes,7.57,1,7.0,1,83.33,0,3,0
E1018,Production,Afternoon,2026-06-12,2026-06-12 14:13:41,Yes,2026-06-12 22:24:57,No,8.19,1,7.0,1,83.33,0,3,0
E1018,Production,Afternoon,2026-06-13,2026-06-13 13:54:40,No,2026-06-13 22:04:44,No,8.17,1,7.0,1,83.33,0,3,0
E1018,Production,Afternoon,2026-06-15,2026-06-15 13:50:45,No,2026-06-15 21:57:15,No,8.11,1,7.0,1,83.33,0,3,0
E1018,Production,Afternoon,2026-06-16,2026-06-16 14:00:38,No,2026-06-16 22:16:43,No,8.27,1,7.0,1,83.33,0,3,0
E1018,Production,Afternoon,2026-06-17,2026-06-17 13:54:28,No,2026-06-17 22:08:22,No,8.23,1,7.0,1,83.33,0,3,0
E1018,Production,Afternoon,2026-06-18,2026-06-18 13:50:47,No,2026-06-18 21:23:02,Yes,7.54,1,7.0,1,83.33,0,3,0
E1018,Production,Afternoon,2026-06-19,2026-06-19 13:42:09,No,2026-06-19 22:14:45,No,8.54,1,7.0,1,83.33,0,3,0
E1018,Production,Afternoon,2026-06-20,2026-06-20 13:50:59,No,2026-06-20 21:51:51,No,8.01,1,7.0,1,83.33,0,3,0
E1018,Production,Afternoon,2026-06-22,2026-06-22 13:48:18,No,2026-06-22 21:56:02,No,8.13,1,7.0,1,83.33,0,3,0
E1018,Production,Afternoon,2026-06-23,2026-06-23 13:53:26,No,2026-06-23 22:22:09,No,8.48,1,7.0,1,83.33,0,3,0
E1018,Production,Afternoon,2026-06-24,2026-06-24 13:51:40,No,2026-06-24 22:13:24,No,8.36,1,7.0,1,83.33,0,3,0
E1018,Production,Afternoon,2026-06-25,2026-06-25 13:56:32,No,2026-06-25 22:32:03,No,8.59,1,7.0,1,83.33,0,3,0
E1018,Production,Afternoon,2026-06-26,2026-06-26 13:49:36,No,2026-06-26 22:16:02,No,8.44,1,7.0,1,83.33,0,3,0
E1018,Production,Afternoon,2026-06-27,2026-06-27 13:52:35,No,2026-06-27 22:33:20,No,8.68,1,7.0,1,83.33,0,3,0
E1018,Production,Afternoon,2026-06-29,2026-06-29 14:13:06,Yes,2026-06-29 22:39:21,No,8.44,1,7.0,1,83.33,0,3,0
E1018,Production,Afternoon,2026-06-30,2026-06-30 14:04:31,No,2026-06-30 22:05:22,No,8.01,1,7.0,1,83.33,0,3,0
E1018,Production,Afternoon,2026-07-01,2026-07-01 14:02:17,No,2026-07-01 22:13:56,No,8.19,1,7.0,1,83.33,0,3,0
E1018,Production,Afternoon,2026-07-02,2026-07-02 14:25:17,Yes,2026-07-02 22:11:06,No,7.76,1,7.0,1,83.33,0,3,0
E1018,Production,Afternoon,2026-07-03,2026-07-03 14:40:29,Yes,2026-07-03 22:17:47,No,7.62,1,7.0,1,83.33,0,3,0
E1018,Production,Afternoon,2026-07-04,2026-07-04 13:54:52,No,2026-07-04 22:23:54,No,8.48,1,7.0,1,83.33,0,3,0
E1018,Production,Afternoon,2026-07-06,2026-07-06 14:13:44,Yes,2026-07-06 22:31:02,No,8.29,1,7.0,1,83.33,0,3,0
E1018,Production,Afternoon,2026-07-07,2026-07-07 14:02:33,No,2026-07-07 22:08:53,No,8.11,1,7.0,1,83.33,0,3,0
E1018,Production,Afternoon,2026-07-08,2026-07-08 13:55:56,No,2026-07-08 22:07:12,No,8.19,1,7.0,1,83.33,0,3,0
E1018,Production,Afternoon,2026-07-09,2026-07-09 13:47:49,No,2026-07-09 22:09:46,No,8.37,1,7.0,1,83.33,0,3,0
E1018,Production,Afternoon,2026-07-10,2026-07-10 13:56:14,No,2026-07-10 22:24:16,No,8.47,1,7.0,1,83.33,0,3,0
E1018,Production,Afternoon,2026-07-11,2026-07-11 13:41:36,No,2026-07-11 22:07:00,No,8.42,1,7.0,1,83.33,0,3,0
E1018,Production,Afternoon,2026-07-13,2026-07-13 13:47:02,No,2026-07-13 22:05:48,No,8.31,1,7.0,1,83.33,0,3,0
E1018,Production,Afternoon,2026-07-14,2026-07-14 13:47:47,No,2026-07-14 21:57:31,No,8.16,1,7.0,1,83.33,0,3,0
E1018,Production,Afternoon,2026-07-15,2026-07-15 13:42:23,No,2026-07-15 22:24:24,No,8.7,1,7.0,1,83.33,0,3,0
E1018,Production,Afternoon,2026-07-16,2026-07-16 14:05:33,No,2026-07-16 22:22:40,No,8.29,1,7.0,1,83.33,0,3,0
E1018,Production,Afternoon,2026-07-17,2026-07-17 13:58:59,No,2026-07-17 22:09:37,No,8.18,1,7.0,1,83.33,0,3,0
E1018,Production,Afternoon,2026-07-18,2026-07-18 13:52:19,No,2026-07-18 22:05:02,No,8.21,1,7.0,1,83.33,0,3,0
E1018,Production,Afternoon,2026-07-20,2026-07-20 13:41:19,No,2026-07-20 22:31:00,No,8.83,1,7.0,1,83.33,0,3,0
E1018,Production,Afternoon,2026-07-21,2026-07-21 14:01:14,No,2026-07-21 22:16:09,No,8.25,1,7.0,1,83.33,0,3,0
E1018,Production,Afternoon,2026-07-22,2026-07-22 14:13:42,Yes,2026-07-22 22:04:30,No,7.85,1,7.0,1,83.33,0,3,0
E1019,Security,Night,2026-05-01,2026-05-01 21:58:14,No,,,,0,1.0,1,85.71,0,5,3
E1019,Security,Night,2026-05-02,2026-05-02 22:20:25,Yes,2026-05-03 05:42:31,Yes,7.37,1,2.0,1,85.71,0,5,3
E1019,Security,Night,2026-05-04,2026-05-04 21:57:16,No,,,,0,3.0,1,85.71,0,5,3
E1019,Security,Night,2026-05-05,2026-05-05 22:01:28,No,2026-05-06 06:35:29,No,8.57,1,4.0,1,85.71,0,5,3
E1019,Security,Night,2026-05-06,2026-05-06 21:43:32,No,2026-05-07 06:50:26,No,9.12,1,5.0,1,85.71,0,5,3
E1019,Security,Night,2026-05-07,2026-05-07 22:04:09,No,2026-05-08 06:36:49,No,8.54,1,6.0,1,85.71,0,5,3
E1019,Security,Night,2026-05-08,2026-05-08 22:12:58,Yes,2026-05-09 06:08:06,No,7.92,1,7.0,1,85.71,0,5,3
E1019,Security,Night,2026-05-09,2026-05-09 21:44:20,No,2026-05-10 06:36:11,No,8.86,1,7.0,1,85.71,0,5,3
E1019,Security,Night,2026-05-11,2026-05-11 21:47:57,No,,,,0,7.0,1,85.71,0,5,3
E1019,Security,Night,2026-05-12,2026-05-12 21:50:06,No,2026-05-13 06:01:43,No,8.19,1,7.0,1,85.71,0,5,3
E1019,Security,Night,2026-05-13,2026-05-13 21:45:51,No,2026-05-14 05:49:52,No,8.07,1,7.0,1,85.71,0,5,3
E1019,Security,Night,2026-05-14,2026-05-14 21:23:08,No,2026-05-15 06:21:03,No,8.97,1,7.0,1,85.71,0,5,3
E1019,Security,Night,2026-05-15,2026-05-15 21:46:57,No,2026-05-16 06:11:22,No,8.41,1,7.0,1,85.71,0,5,3
E1019,Security,Night,2026-05-16,2026-05-16 21:35:26,No,2026-05-17 06:14:53,No,8.66,1,7.0,1,85.71,0,5,3
E1019,Security,Night,2026-05-17,2026-05-17 21:56:57,No,2026-05-18 06:29:39,No,8.54,1,7.0,1,85.71,0,5,3
E1019,Security,Night,2026-05-18,2026-05-18 22:24:30,Yes,2026-05-19 06:36:55,No,8.21,1,7.0,1,85.71,0,5,3
E1019,Security,Night,2026-05-19,2026-05-19 21:30:42,No,2026-05-20 05:57:12,No,8.44,1,7.0,1,85.71,0,5,3
E1019,Security,Night,2026-05-20,2026-05-20 22:12:23,Yes,2026-05-21 06:30:06,No,8.3,1,7.0,1,85.71,0,5,3
E1019,Security,Night,2026-05-21,2026-05-21 22:18:33,Yes,2026-05-22 06:16:13,No,7.96,1,7.0,1,85.71,0,5,3
E1019,Security,Night,2026-05-22,2026-05-22 22:09:05,No,2026-05-23 05:56:43,No,7.79,1,7.0,1,85.71,0,5,3
E1019,Security,Night,2026-05-23,2026-05-23 22:00:54,No,2026-05-24 06:07:04,No,8.1,1,7.0,1,85.71,0,5,3
E1019,Security,Night,2026-05-25,2026-05-25 21:49:11,No,,,,0,7.0,1,85.71,0,5,3
E1019,Security,Night,2026-05-26,2026-05-26 21:53:19,No,,,,0,7.0,1,85.71,0,5,3
E1019,Security,Night,2026-05-27,2026-05-27 21:54:56,No,2026-05-28 06:21:31,No,8.44,1,7.0,1,85.71,0,5,3
E1019,Security,Night,2026-05-28,2026-05-28 21:41:27,No,2026-05-29 06:53:13,No,9.2,1,7.0,1,85.71,0,5,3
E1019,Security,Night,2026-05-29,2026-05-29 22:18:47,Yes,2026-05-30 06:23:02,No,8.07,1,7.0,1,85.71,0,5,3
E1019,Security,Night,2026-05-30,2026-05-30 21:44:13,No,2026-05-31 05:37:15,Yes,7.88,1,7.0,1,85.71,0,5,3
E1019,Security,Night,2026-06-01,2026-06-01 22:02:32,No,,,,0,7.0,1,85.71,0,5,3
E1019,Security,Night,2026-06-03,2026-06-03 22:07:52,No,,,,0,7.0,1,85.71,0,5,3
E1019,Security,Night,2026-06-04,2026-06-04 21:48:42,No,2026-06-05 06:01:07,No,8.21,1,7.0,1,85.71,0,5,3
E1019,Security,Night,2026-06-05,2026-06-05 22:12:02,Yes,2026-06-06 06:05:01,No,7.88,1,7.0,1,85.71,0,5,3
E1019,Security,Night,2026-06-06,2026-06-06 21:39:38,No,2026-06-07 06:35:21,No,8.93,1,7.0,1,85.71,0,5,3
E1019,Security,Night,2026-06-08,2026-06-08 21:59:04,No,,,,0,7.0,1,85.71,0,5,3
E1019,Security,Night,2026-06-09,2026-06-09 21:42:37,No,2026-06-10 06:08:21,No,8.43,1,7.0,1,85.71,0,5,3
E1019,Security,Night,2026-06-10,2026-06-10 21:48:36,No,2026-06-11 06:29:42,No,8.68,1,7.0,1,85.71,0,5,3
E1019,Security,Night,2026-06-11,2026-06-11 22:04:19,No,2026-06-12 06:17:40,No,8.22,1,7.0,1,85.71,0,5,3
E1019,Security,Night,2026-06-12,2026-06-12 22:17:38,Yes,2026-06-13 06:08:49,No,7.85,1,7.0,1,85.71,0,5,3
E1019,Security,Night,2026-06-13,2026-06-13 21:50:28,No,2026-06-14 06:22:47,No,8.54,1,7.0,1,85.71,0,5,3
E1019,Security,Night,2026-06-15,2026-06-15 21:45:21,No,,,,0,7.0,1,85.71,0,5,3
E1019,Security,Night,2026-06-16,2026-06-16 21:51:34,No,2026-06-17 06:26:10,No,8.58,1,7.0,1,85.71,0,5,3
E1019,Security,Night,2026-06-17,2026-06-17 21:57:16,No,2026-06-18 06:33:52,No,8.61,1,7.0,1,85.71,0,5,3
E1019,Security,Night,2026-06-18,2026-06-18 22:05:47,No,2026-06-19 06:12:58,No,8.12,1,7.0,1,85.71,0,5,3
E1019,Security,Night,2026-06-19,2026-06-19 21:59:34,No,2026-06-20 05:29:27,Yes,7.5,1,7.0,1,85.71,0,5,3
E1019,Security,Night,2026-06-20,2026-06-20 21:46:09,No,2026-06-21 05:53:57,No,8.13,1,7.0,1,85.71,0,5,3
E1019,Security,Night,2026-06-22,2026-06-22 21:38:09,No,,,,0,7.0,1,85.71,0,5,3
E1019,Security,Night,2026-06-23,2026-06-23 21:41:41,No,2026-06-24 06:09:00,No,8.46,1,7.0,1,85.71,0,5,3
E1019,Security,Night,2026-06-25,2026-06-25 21:56:08,No,,,,0,7.0,1,85.71,0,5,3
E1019,Security,Night,2026-06-26,2026-06-26 21:49:29,No,2026-06-27 06:14:58,No,8.42,1,7.0,1,85.71,0,5,3
E1019,Security,Night,2026-06-27,2026-06-27 22:27:44,Yes,2026-06-28 05:54:33,No,7.45,1,7.0,1,85.71,0,5,3
E1019,Security,Night,2026-06-29,2026-06-29 21:48:23,No,,,,0,7.0,1,85.71,0,5,3
E1019,Security,Night,2026-06-30,2026-06-30 22:17:04,Yes,2026-07-01 06:26:33,No,8.16,1,7.0,1,85.71,0,5,3
E1019,Security,Night,2026-07-01,2026-07-01 22:13:58,Yes,2026-07-02 05:56:31,No,7.71,1,7.0,1,85.71,0,5,3
E1019,Security,Night,2026-07-02,2026-07-02 22:05:05,No,2026-07-03 06:09:09,No,8.07,1,7.0,1,85.71,0,5,3
E1019,Security,Night,2026-07-03,2026-07-03 21:50:21,No,2026-07-04 05:55:02,No,8.08,1,7.0,1,85.71,0,5,3
E1019,Security,Night,2026-07-04,2026-07-04 21:21:37,No,2026-07-05 06:22:07,No,9.01,1,7.0,1,85.71,0,5,3
E1019,Security,Night,2026-07-05,2026-07-05 21:46:47,No,2026-07-06 05:38:54,Yes,7.87,1,7.0,1,85.71,0,5,3
E1019,Security,Night,2026-07-06,2026-07-06 21:39:47,No,2026-07-07 06:08:06,No,8.47,1,7.0,1,85.71,0,5,3
E1019,Security,Night,2026-07-07,2026-07-07 22:01:33,No,2026-07-08 05:43:05,Yes,7.69,1,7.0,1,85.71,0,5,3
E1019,Security,Night,2026-07-08,2026-07-08 22:00:46,No,2026-07-09 06:40:29,No,8.66,1,7.0,1,85.71,0,5,3
E1019,Security,Night,2026-07-09,2026-07-09 22:01:38,No,2026-07-10 06:18:36,No,8.28,1,7.0,1,85.71,0,5,3
E1019,Security,Night,2026-07-10,2026-07-10 21:47:32,No,2026-07-11 06:23:04,No,8.59,1,7.0,1,85.71,0,5,3
E1019,Security,Night,2026-07-11,2026-07-11 21:30:17,No,2026-07-12 06:10:42,No,8.67,1,7.0,1,85.71,0,5,3
E1019,Security,Night,2026-07-12,2026-07-12 21:53:05,No,2026-07-13 06:01:23,No,8.14,1,7.0,1,85.71,0,5,3
E1019,Security,Night,2026-07-13,2026-07-13 22:02:59,No,2026-07-14 06:26:03,No,8.38,1,7.0,1,85.71,0,5,3
E1019,Security,Night,2026-07-14,2026-07-14 21:40:23,No,2026-07-15 06:31:55,No,8.86,1,7.0,1,85.71,0,5,3
E1019,Security,Night,2026-07-15,2026-07-15 22:05:05,No,2026-07-16 06:46:01,No,8.68,1,7.0,1,85.71,0,5,3
E1019,Security,Night,2026-07-16,2026-07-16 21:44:44,No,2026-07-17 06:14:46,No,8.5,1,7.0,1,85.71,0,5,3
E1019,Security,Night,2026-07-17,2026-07-17 21:57:35,No,2026-07-18 06:05:07,No,8.13,1,7.0,1,85.71,0,5,3
E1019,Security,Night,2026-07-18,2026-07-18 22:05:27,No,2026-07-19 06:09:51,No,8.07,1,7.0,1,85.71,0,5,3
E1019,Security,Night,2026-07-20,2026-07-20 21:40:02,No,,,,0,7.0,1,85.71,0,5,3
E1019,Security,Night,2026-07-21,2026-07-21 22:05:29,No,2026-07-22 06:08:06,No,8.04,1,7.0,1,85.71,0,5,3
E1019,Security,Night,2026-07-22,2026-07-22 22:11:58,Yes,2026-07-23 05:55:08,No,7.72,1,7.0,1,85.71,0,5,3
E1020,Production,Night,2026-05-01,2026-05-01 21:44:32,No,,,,0,1.0,1,82.14,0,3,3
E1020,Production,Night,2026-05-02,2026-05-02 21:43:41,No,2026-05-03 06:26:14,No,8.71,1,2.0,1,82.14,0,3,3
E1020,Production,Night,2026-05-05,2026-05-05 22:00:49,No,,,,0,3.0,1,82.14,0,3,3
E1020,Production,Night,2026-05-06,2026-05-06 21:57:28,No,2026-05-07 05:49:49,No,7.87,1,4.0,1,82.14,0,3,3
E1020,Production,Night,2026-05-07,2026-05-07 21:50:57,No,2026-05-08 06:19:01,No,8.47,1,5.0,1,82.14,0,3,3
E1020,Production,Night,2026-05-08,2026-05-08 21:58:37,No,2026-05-09 06:02:29,No,8.06,1,6.0,1,82.14,0,3,3
E1020,Production,Night,2026-05-09,2026-05-09 22:11:43,Yes,2026-05-10 06:18:19,No,8.11,1,7.0,1,82.14,0,3,3
E1020,Production,Night,2026-05-11,2026-05-11 21:51:18,No,,,,0,7.0,1,82.14,0,3,3
E1020,Production,Night,2026-05-12,2026-05-12 21:45:42,No,2026-05-13 06:24:41,No,8.65,1,7.0,1,82.14,0,3,3
E1020,Production,Night,2026-05-13,2026-05-13 22:00:56,No,2026-05-14 06:39:57,No,8.65,1,7.0,1,82.14,0,3,3
E1020,Production,Night,2026-05-14,2026-05-14 22:16:54,Yes,2026-05-15 06:11:26,No,7.91,1,7.0,1,82.14,0,3,3
E1020,Production,Night,2026-05-15,2026-05-15 21:44:40,No,2026-05-16 06:34:22,No,8.83,1,7.0,1,82.14,0,3,3
E1020,Production,Night,2026-05-16,2026-05-16 22:03:46,No,2026-05-17 06:27:17,No,8.39,1,7.0,1,82.14,0,3,3
E1020,Production,Night,2026-05-18,2026-05-18 21:50:17,No,,,,0,7.0,1,82.14,0,3,3
E1020,Production,Night,2026-05-19,2026-05-19 22:00:44,No,2026-05-20 06:26:31,No,8.43,1,7.0,1,82.14,0,3,3
E1020,Production,Night,2026-05-20,2026-05-20 21:53:14,No,2026-05-21 06:04:53,No,8.19,1,7.0,1,82.14,0,3,3
E1020,Production,Night,2026-05-21,2026-05-21 22:07:13,No,2026-05-22 06:44:24,No,8.62,1,7.0,1,82.14,0,3,3
E1020,Production,Night,2026-05-22,2026-05-22 22:28:55,Yes,2026-05-23 06:14:24,No,7.76,1,7.0,1,82.14,0,3,3
E1020,Production,Night,2026-05-23,2026-05-23 21:52:44,No,2026-05-24 05:33:00,Yes,7.67,1,7.0,1,82.14,0,3,3
E1020,Production,Night,2026-05-25,2026-05-25 22:10:04,Yes,,,,0,7.0,1,82.14,0,3,3
E1020,Production,Night,2026-05-26,2026-05-26 21:52:41,No,2026-05-27 06:16:37,No,8.4,1,7.0,1,82.14,0,3,3
E1020,Production,Night,2026-05-27,2026-05-27 21:54:43,No,2026-05-28 06:01:01,No,8.1,1,7.0,1,82.14,0,3,3
E1020,Production,Night,2026-05-28,2026-05-28 21:41:04,No,2026-05-29 06:16:23,No,8.59,1,7.0,1,82.14,0,3,3
E1020,Production,Night,2026-05-29,2026-05-29 21:24:11,No,2026-05-30 06:32:43,No,9.14,1,7.0,1,82.14,0,3,3
E1020,Production,Night,2026-05-30,2026-05-30 21:54:50,No,2026-05-31 06:10:56,No,8.27,1,7.0,1,82.14,0,3,3
E1020,Production,Night,2026-06-01,2026-06-01 21:58:48,No,,,,0,7.0,1,82.14,0,3,3
E1020,Production,Night,2026-06-02,2026-06-02 22:11:04,Yes,2026-06-03 06:01:51,No,7.85,1,7.0,1,82.14,0,3,3
E1020,Production,Night,2026-06-03,2026-06-03 21:45:36,No,2026-06-04 06:19:00,No,8.56,1,7.0,1,82.14,0,3,3
E1020,Production,Night,2026-06-04,2026-06-04 21:57:46,No,2026-06-05 06:13:22,No,8.26,1,7.0,1,82.14,0,3,3
E1020,Production,Night,2026-06-05,2026-06-05 22:19:46,Yes,2026-06-06 05:54:27,No,7.58,1,7.0,1,82.14,0,3,3
E1020,Production,Night,2026-06-06,2026-06-06 22:17:29,Yes,2026-06-07 06:05:10,No,7.79,1,7.0,1,82.14,0,3,3
E1020,Production,Night,2026-06-08,2026-06-08 21:48:12,No,,,,0,7.0,1,82.14,0,3,3
E1020,Production,Night,2026-06-09,2026-06-09 21:55:40,No,2026-06-10 05:50:55,No,7.92,1,7.0,1,82.14,0,3,3
E1020,Production,Night,2026-06-10,2026-06-10 21:55:22,No,2026-06-11 05:58:20,No,8.05,1,7.0,1,82.14,0,3,3
E1020,Production,Night,2026-06-11,2026-06-11 22:14:45,Yes,2026-06-12 05:44:14,Yes,7.49,1,7.0,1,82.14,0,3,3
E1020,Production,Night,2026-06-12,2026-06-12 21:54:38,No,2026-06-13 06:10:09,No,8.26,1,7.0,1,82.14,0,3,3
E1020,Production,Night,2026-06-13,2026-06-13 21:52:48,No,2026-06-14 06:34:50,No,8.7,1,7.0,1,82.14,0,3,3
E1020,Production,Night,2026-06-15,2026-06-15 21:54:43,No,,,,0,7.0,1,82.14,0,3,3
E1020,Production,Night,2026-06-16,2026-06-16 22:17:03,Yes,2026-06-17 05:48:45,No,7.53,1,7.0,1,82.14,0,3,3
E1020,Production,Night,2026-06-17,2026-06-17 21:50:29,No,2026-06-18 06:31:59,No,8.69,1,7.0,1,82.14,0,3,3
E1020,Production,Night,2026-06-18,2026-06-18 22:04:31,No,2026-06-19 05:58:22,No,7.9,1,7.0,1,82.14,0,3,3
E1020,Production,Night,2026-06-19,2026-06-19 22:27:26,Yes,2026-06-20 06:05:47,No,7.64,1,7.0,1,82.14,0,3,3
E1020,Production,Night,2026-06-20,2026-06-20 22:05:57,No,2026-06-21 05:55:13,No,7.82,1,7.0,1,82.14,0,3,3
E1020,Production,Night,2026-06-22,2026-06-22 21:38:48,No,,,,0,7.0,1,82.14,0,3,3
E1020,Production,Night,2026-06-23,2026-06-23 21:46:53,No,2026-06-24 06:11:48,No,8.42,1,7.0,1,82.14,0,3,3
E1020,Production,Night,2026-06-24,2026-06-24 21:47:58,No,2026-06-25 06:06:28,No,8.31,1,7.0,1,82.14,0,3,3
E1020,Production,Night,2026-06-25,2026-06-25 21:47:03,No,2026-06-26 05:54:56,No,8.13,1,7.0,1,82.14,0,3,3
E1020,Production,Night,2026-06-26,2026-06-26 21:38:12,No,2026-06-27 05:35:00,Yes,7.95,1,7.0,1,82.14,0,3,3
E1020,Production,Night,2026-06-27,2026-06-27 21:59:33,No,2026-06-28 05:48:43,No,7.82,1,7.0,1,82.14,0,3,3
E1020,Production,Night,2026-06-29,2026-06-29 22:13:05,Yes,,,,0,7.0,1,82.14,0,3,3
E1020,Production,Night,2026-06-30,2026-06-30 21:43:01,No,2026-07-01 06:25:46,No,8.71,1,7.0,1,82.14,0,3,3
E1020,Production,Night,2026-07-01,2026-07-01 22:06:13,No,2026-07-02 06:08:06,No,8.03,1,7.0,1,82.14,0,3,3
E1020,Production,Night,2026-07-02,2026-07-02 21:47:07,No,2026-07-03 06:54:14,No,9.12,1,7.0,1,82.14,0,3,3
E1020,Production,Night,2026-07-03,2026-07-03 22:15:43,Yes,2026-07-04 06:15:41,No,8.0,1,7.0,1,82.14,0,3,3
E1020,Production,Night,2026-07-04,2026-07-04 22:07:17,No,2026-07-05 05:45:37,No,7.64,1,7.0,1,82.14,0,3,3
E1020,Production,Night,2026-07-06,2026-07-06 22:09:00,No,,,,0,7.0,1,82.14,0,3,3
E1020,Production,Night,2026-07-07,2026-07-07 21:49:35,No,2026-07-08 06:23:39,No,8.57,1,7.0,1,82.14,0,3,3
E1020,Production,Night,2026-07-08,2026-07-08 21:45:20,No,2026-07-09 05:41:50,Yes,7.94,1,7.0,1,82.14,0,3,3
E1020,Production,Night,2026-07-09,2026-07-09 22:02:35,No,2026-07-10 06:07:26,No,8.08,1,7.0,1,82.14,0,3,3
E1020,Production,Night,2026-07-10,2026-07-10 21:56:08,No,2026-07-11 06:07:18,No,8.19,1,7.0,1,82.14,0,3,3
E1020,Production,Night,2026-07-11,2026-07-11 21:40:57,No,2026-07-12 06:00:24,No,8.32,1,7.0,1,82.14,0,3,3
E1020,Production,Night,2026-07-13,2026-07-13 22:16:20,Yes,,,,0,7.0,1,82.14,0,3,3
E1020,Production,Night,2026-07-14,2026-07-14 22:15:23,Yes,2026-07-15 06:03:45,No,7.81,1,7.0,1,82.14,0,3,3
E1020,Production,Night,2026-07-15,2026-07-15 21:37:33,No,2026-07-16 06:08:32,No,8.52,1,7.0,1,82.14,0,3,3
E1020,Production,Night,2026-07-16,2026-07-16 22:09:00,No,2026-07-17 06:39:24,No,8.51,1,7.0,1,82.14,0,3,3
E1020,Production,Night,2026-07-17,2026-07-17 22:15:09,Yes,2026-07-18 05:58:42,No,7.73,1,7.0,1,82.14,0,3,3
E1020,Production,Night,2026-07-18,2026-07-18 22:03:24,No,2026-07-19 05:38:16,Yes,7.58,1,7.0,1,82.14,0,3,3
E1020,Production,Night,2026-07-20,2026-07-20 22:03:30,No,,,,0,7.0,1,82.14,0,3,3
E1020,Production,Night,2026-07-22,2026-07-22 22:06:55,No,,,,0,7.0,1,82.14,0,3,3
E1021,Production,Afternoon,2026-05-01,2026-05-01 13:47:55,No,2026-05-01 21:49:23,No,8.02,1,1.0,1,83.33,0,3,0
E1021,Production,Afternoon,2026-05-02,2026-05-02 13:59:16,No,2026-05-02 22:18:32,No,8.32,1,2.0,1,83.33,0,3,0
E1021,Production,Afternoon,2026-05-04,2026-05-04 13:50:16,No,2026-05-04 22:11:37,No,8.36,1,3.0,1,83.33,0,3,0
E1021,Production,Afternoon,2026-05-05,2026-05-05 14:06:23,No,2026-05-05 22:31:11,No,8.41,1,4.0,1,83.33,0,3,0
E1021,Production,Afternoon,2026-05-06,2026-05-06 13:58:52,No,2026-05-06 22:05:59,No,8.12,1,5.0,1,83.33,0,3,0
E1021,Production,Afternoon,2026-05-07,2026-05-07 14:05:01,No,2026-05-07 21:55:06,No,7.83,1,6.0,1,83.33,0,3,0
E1021,Production,Afternoon,2026-05-08,2026-05-08 14:15:48,Yes,2026-05-08 22:08:14,No,7.87,1,7.0,1,83.33,0,3,0
E1021,Production,Afternoon,2026-05-09,2026-05-09 13:30:53,No,2026-05-09 22:14:10,No,8.72,1,7.0,1,83.33,0,3,0
E1021,Production,Afternoon,2026-05-11,2026-05-11 14:12:42,Yes,2026-05-11 22:24:37,No,8.2,1,7.0,1,83.33,0,3,0
E1021,Production,Afternoon,2026-05-12,2026-05-12 13:29:09,No,2026-05-12 22:07:08,No,8.63,1,7.0,1,83.33,0,3,0
E1021,Production,Afternoon,2026-05-13,2026-05-13 13:57:24,No,,,,0,7.0,1,83.33,0,3,0
E1021,Production,Afternoon,2026-05-14,2026-05-14 13:57:22,No,2026-05-14 21:56:16,No,7.98,1,7.0,1,83.33,0,3,0
E1021,Production,Afternoon,2026-05-15,2026-05-15 13:59:08,No,2026-05-15 22:04:31,No,8.09,1,7.0,1,83.33,0,3,0
E1021,Production,Afternoon,2026-05-16,2026-05-16 13:52:01,No,2026-05-16 22:00:43,No,8.14,1,7.0,1,83.33,0,3,0
E1021,Production,Afternoon,2026-05-18,2026-05-18 13:34:58,No,2026-05-18 22:11:46,No,8.61,1,7.0,1,83.33,0,3,0
E1021,Production,Afternoon,2026-05-19,2026-05-19 14:11:07,Yes,2026-05-19 22:16:53,No,8.1,1,7.0,1,83.33,0,3,0
E1021,Production,Afternoon,2026-05-20,2026-05-20 14:01:57,No,2026-05-20 22:06:42,No,8.08,1,7.0,1,83.33,0,3,0
E1021,Production,Afternoon,2026-05-21,2026-05-21 13:47:39,No,2026-05-21 22:09:45,No,8.37,1,7.0,1,83.33,0,3,0
E1021,Production,Afternoon,2026-05-22,2026-05-22 13:57:00,No,2026-05-22 22:08:50,No,8.2,1,7.0,1,83.33,0,3,0
E1021,Production,Afternoon,2026-05-23,2026-05-23 14:01:30,No,2026-05-23 22:06:36,No,8.09,1,7.0,1,83.33,0,3,0
E1021,Production,Afternoon,2026-05-25,2026-05-25 13:48:23,No,2026-05-25 22:11:50,No,8.39,1,7.0,1,83.33,0,3,0
E1021,Production,Afternoon,2026-05-26,2026-05-26 13:58:25,No,2026-05-26 21:46:49,No,7.81,1,7.0,1,83.33,0,3,0
E1021,Production,Afternoon,2026-05-27,2026-05-27 13:59:55,No,2026-05-27 22:09:29,No,8.16,1,7.0,1,83.33,0,3,0
E1021,Production,Afternoon,2026-05-28,2026-05-28 13:48:50,No,2026-05-28 21:48:15,No,7.99,1,7.0,1,83.33,0,3,0
E1021,Production,Afternoon,2026-05-29,2026-05-29 13:50:25,No,2026-05-29 21:58:16,No,8.13,1,7.0,1,83.33,0,3,0
E1021,Production,Afternoon,2026-05-30,2026-05-30 13:42:23,No,2026-05-30 21:46:51,No,8.07,1,7.0,1,83.33,0,3,0
E1021,Production,Afternoon,2026-06-01,2026-06-01 13:57:30,No,2026-06-01 22:29:30,No,8.53,1,7.0,1,83.33,0,3,0
E1021,Production,Afternoon,2026-06-02,2026-06-02 13:52:40,No,2026-06-02 22:07:06,No,8.24,1,7.0,1,83.33,0,3,0
E1021,Production,Afternoon,2026-06-03,2026-06-03 14:22:08,Yes,2026-06-03 22:24:22,No,8.04,1,7.0,1,83.33,0,3,0
E1021,Production,Afternoon,2026-06-04,2026-06-04 13:55:03,No,2026-06-04 22:33:26,No,8.64,1,7.0,1,83.33,0,3,0
E1021,Production,Afternoon,2026-06-05,2026-06-05 13:49:31,No,2026-06-05 22:26:51,No,8.62,1,7.0,1,83.33,0,3,0
E1021,Production,Afternoon,2026-06-06,2026-06-06 13:38:03,No,2026-06-06 22:30:08,No,8.87,1,7.0,1,83.33,0,3,0
E1021,Production,Afternoon,2026-06-08,2026-06-08 14:12:18,Yes,2026-06-08 22:20:16,No,8.13,1,7.0,1,83.33,0,3,0
E1021,Production,Afternoon,2026-06-09,2026-06-09 14:02:31,No,2026-06-09 22:01:32,No,7.98,1,7.0,1,83.33,0,3,0
E1021,Production,Afternoon,2026-06-10,2026-06-10 14:09:54,No,2026-06-10 22:05:03,No,7.92,1,7.0,1,83.33,0,3,0
E1021,Production,Afternoon,2026-06-11,2026-06-11 13:33:57,No,2026-06-11 22:18:06,No,8.74,1,7.0,1,83.33,0,3,0
E1021,Production,Afternoon,2026-06-12,2026-06-12 13:41:36,No,2026-06-12 22:08:44,No,8.45,1,7.0,1,83.33,0,3,0
E1021,Production,Afternoon,2026-06-13,2026-06-13 14:07:20,No,2026-06-13 22:12:18,No,8.08,1,7.0,1,83.33,0,3,0
E1021,Production,Afternoon,2026-06-15,2026-06-15 14:08:44,No,2026-06-15 21:39:05,Yes,7.51,1,7.0,1,83.33,0,3,0
E1021,Production,Afternoon,2026-06-16,2026-06-16 14:04:37,No,2026-06-16 21:50:18,No,7.76,1,7.0,1,83.33,0,3,0
E1021,Production,Afternoon,2026-06-18,2026-06-18 13:41:25,No,2026-06-18 22:14:58,No,8.56,1,7.0,1,83.33,0,3,0
E1021,Production,Afternoon,2026-06-19,2026-06-19 13:37:33,No,2026-06-19 22:19:24,No,8.7,1,7.0,1,83.33,0,3,0
E1021,Production,Afternoon,2026-06-20,2026-06-20 13:55:26,No,2026-06-20 22:10:50,No,8.26,1,7.0,1,83.33,0,3,0
E1021,Production,Afternoon,2026-06-22,2026-06-22 13:58:49,No,2026-06-22 22:11:38,No,8.21,1,7.0,1,83.33,0,3,0
E1021,Production,Afternoon,2026-06-23,2026-06-23 14:12:33,Yes,2026-06-23 22:14:31,No,8.03,1,7.0,1,83.33,0,3,0
E1021,Production,Afternoon,2026-06-24,2026-06-24 13:42:39,No,2026-06-24 21:59:25,No,8.28,1,7.0,1,83.33,0,3,0
E1021,Production,Afternoon,2026-06-25,2026-06-25 13:45:09,No,2026-06-25 22:11:26,No,8.44,1,7.0,1,83.33,0,3,0
E1021,Production,Afternoon,2026-06-26,2026-06-26 13:33:20,No,2026-06-26 21:58:43,No,8.42,1,7.0,1,83.33,0,3,0
E1021,Production,Afternoon,2026-06-27,2026-06-27 13:58:33,No,2026-06-27 22:10:25,No,8.2,1,7.0,1,83.33,0,3,0
E1021,Production,Afternoon,2026-06-29,2026-06-29 14:18:15,Yes,2026-06-29 22:15:01,No,7.95,1,7.0,1,83.33,0,3,0
E1021,Production,Afternoon,2026-06-30,2026-06-30 14:06:51,No,2026-06-30 22:08:03,No,8.02,1,7.0,1,83.33,0,3,0
E1021,Production,Afternoon,2026-07-01,2026-07-01 13:52:29,No,2026-07-01 21:38:56,Yes,7.77,1,7.0,1,83.33,0,3,0
E1021,Production,Afternoon,2026-07-02,2026-07-02 13:50:42,No,2026-07-02 22:02:38,No,8.2,1,7.0,1,83.33,0,3,0
E1021,Production,Afternoon,2026-07-03,2026-07-03 13:32:01,No,2026-07-03 22:08:04,No,8.6,1,7.0,1,83.33,0,3,0
E1021,Production,Afternoon,2026-07-04,2026-07-04 13:52:22,No,2026-07-04 21:52:07,No,8.0,1,7.0,1,83.33,0,3,0
E1021,Production,Afternoon,2026-07-06,2026-07-06 13:58:55,No,2026-07-06 22:37:53,No,8.65,1,7.0,1,83.33,0,3,0
E1021,Production,Afternoon,2026-07-07,2026-07-07 14:20:57,Yes,2026-07-07 22:05:32,No,7.74,1,7.0,1,83.33,0,3,0
E1021,Production,Afternoon,2026-07-08,2026-07-08 14:04:09,No,2026-07-08 21:56:07,No,7.87,1,7.0,1,83.33,0,3,0
E1021,Production,Afternoon,2026-07-09,2026-07-09 14:10:56,Yes,2026-07-09 22:25:17,No,8.24,1,7.0,1,83.33,0,3,0
E1021,Production,Afternoon,2026-07-10,2026-07-10 13:45:02,No,2026-07-10 22:04:03,No,8.32,1,7.0,1,83.33,0,3,0
E1021,Production,Afternoon,2026-07-11,2026-07-11 13:54:33,No,2026-07-11 21:58:24,No,8.06,1,7.0,1,83.33,0,3,0
E1021,Production,Afternoon,2026-07-13,2026-07-13 13:55:00,No,2026-07-13 22:15:19,No,8.34,1,7.0,1,83.33,0,3,0
E1021,Production,Afternoon,2026-07-14,2026-07-14 13:48:05,No,2026-07-14 21:57:02,No,8.15,1,7.0,1,83.33,0,3,0
E1021,Production,Afternoon,2026-07-15,2026-07-15 14:12:56,Yes,2026-07-15 22:21:57,No,8.15,1,7.0,1,83.33,0,3,0
E1021,Production,Afternoon,2026-07-16,2026-07-16 14:00:20,No,2026-07-16 22:04:31,No,8.07,1,7.0,1,83.33,0,3,0
E1021,Production,Afternoon,2026-07-17,2026-07-17 14:14:07,Yes,2026-07-17 22:32:49,No,8.31,1,7.0,1,83.33,0,3,0
E1021,Production,Afternoon,2026-07-18,2026-07-18 13:55:18,No,2026-07-18 22:14:42,No,8.32,1,7.0,1,83.33,0,3,0
E1021,Production,Afternoon,2026-07-20,2026-07-20 13:53:13,No,2026-07-20 22:32:08,No,8.65,1,7.0,1,83.33,0,3,0
E1021,Production,Afternoon,2026-07-21,2026-07-21 13:55:34,No,2026-07-21 22:11:43,No,8.27,1,7.0,1,83.33,0,3,0
E1021,Production,Afternoon,2026-07-22,2026-07-22 14:09:53,No,2026-07-22 21:51:28,No,7.69,1,7.0,1,83.33,0,3,0
E1022,Production,Night,2026-05-01,2026-05-01 21:34:24,No,,,,0,1.0,1,80.95,0,3,3
E1022,Production,Night,2026-05-02,2026-05-02 21:53:16,No,2026-05-03 06:19:27,No,8.44,1,2.0,1,80.95,0,3,3
E1022,Production,Night,2026-05-04,2026-05-04 22:06:38,No,,,,0,3.0,1,80.95,0,3,3
E1022,Production,Night,2026-05-05,2026-05-05 21:50:55,No,2026-05-06 06:01:25,No,8.18,1,4.0,1,80.95,0,3,3
E1022,Production,Night,2026-05-06,2026-05-06 21:38:42,No,2026-05-07 06:18:59,No,8.67,1,5.0,1,80.95,0,3,3
E1022,Production,Night,2026-05-07,2026-05-07 21:43:10,No,2026-05-08 06:15:56,No,8.55,1,6.0,1,80.95,0,3,3
E1022,Production,Night,2026-05-08,2026-05-08 22:01:18,No,2026-05-09 06:26:00,No,8.41,1,7.0,1,80.95,0,3,3
E1022,Production,Night,2026-05-09,2026-05-09 22:01:36,No,2026-05-10 05:44:04,Yes,7.71,1,7.0,1,80.95,0,3,3
E1022,Production,Night,2026-05-11,2026-05-11 21:33:27,No,,,,0,7.0,1,80.95,0,3,3
E1022,Production,Night,2026-05-12,2026-05-12 22:23:14,Yes,2026-05-13 05:58:47,No,7.59,1,7.0,1,80.95,0,3,3
E1022,Production,Night,2026-05-13,2026-05-13 21:48:37,No,2026-05-14 06:39:17,No,8.84,1,7.0,1,80.95,0,3,3
E1022,Production,Night,2026-05-14,2026-05-14 21:50:55,No,2026-05-15 06:27:50,No,8.62,1,7.0,1,80.95,0,3,3
E1022,Production,Night,2026-05-15,2026-05-15 22:01:57,No,2026-05-16 05:57:39,No,7.93,1,7.0,1,80.95,0,3,3
E1022,Production,Night,2026-05-16,2026-05-16 21:53:54,No,2026-05-17 06:24:22,No,8.51,1,7.0,1,80.95,0,3,3
E1022,Production,Night,2026-05-18,2026-05-18 21:39:13,No,,,,0,7.0,1,80.95,0,3,3
E1022,Production,Night,2026-05-19,2026-05-19 22:08:37,No,2026-05-20 05:52:09,No,7.73,1,7.0,1,80.95,0,3,3
E1022,Production,Night,2026-05-20,2026-05-20 21:46:27,No,2026-05-21 05:46:50,No,8.01,1,7.0,1,80.95,0,3,3
E1022,Production,Night,2026-05-21,2026-05-21 21:37:49,No,2026-05-22 06:27:22,No,8.83,1,7.0,1,80.95,0,3,3
E1022,Production,Night,2026-05-23,2026-05-23 21:58:07,No,,,,0,7.0,1,80.95,0,3,3
E1022,Production,Night,2026-05-25,2026-05-25 22:02:29,No,,,,0,7.0,1,80.95,0,3,3
E1022,Production,Night,2026-05-26,2026-05-26 22:08:20,No,2026-05-27 06:49:56,No,8.69,1,7.0,1,80.95,0,3,3
E1022,Production,Night,2026-05-27,2026-05-27 21:49:06,No,2026-05-28 05:53:21,No,8.07,1,7.0,1,80.95,0,3,3
E1022,Production,Night,2026-05-28,2026-05-28 22:18:04,Yes,2026-05-29 06:36:14,No,8.3,1,7.0,1,80.95,0,3,3
E1022,Production,Night,2026-05-29,2026-05-29 21:36:01,No,2026-05-30 06:00:06,No,8.4,1,7.0,1,80.95,0,3,3
E1022,Production,Night,2026-05-30,2026-05-30 22:15:28,Yes,2026-05-31 06:14:30,No,7.98,1,7.0,1,80.95,0,3,3
E1022,Production,Night,2026-06-01,2026-06-01 21:51:40,No,,,,0,7.0,1,80.95,0,3,3
E1022,Production,Night,2026-06-02,2026-06-02 22:10:01,Yes,2026-06-03 06:04:05,No,7.9,1,7.0,1,80.95,0,3,3
E1022,Production,Night,2026-06-03,2026-06-03 22:10:52,Yes,2026-06-04 06:27:58,No,8.28,1,7.0,1,80.95,0,3,3
E1022,Production,Night,2026-06-04,2026-06-04 21:57:03,No,2026-06-05 06:15:39,No,8.31,1,7.0,1,80.95,0,3,3
E1022,Production,Night,2026-06-05,2026-06-05 22:13:14,Yes,2026-06-06 06:18:56,No,8.1,1,7.0,1,80.95,0,3,3
E1022,Production,Night,2026-06-06,2026-06-06 22:05:21,No,2026-06-07 06:25:16,No,8.33,1,7.0,1,80.95,0,3,3
E1022,Production,Night,2026-06-08,2026-06-08 22:04:51,No,,,,0,7.0,1,80.95,0,3,3
E1022,Production,Night,2026-06-10,2026-06-10 21:52:23,No,,,,0,7.0,1,80.95,0,3,3
E1022,Production,Night,2026-06-11,2026-06-11 21:49:53,No,2026-06-12 05:58:31,No,8.14,1,7.0,1,80.95,0,3,3
E1022,Production,Night,2026-06-12,2026-06-12 22:00:28,No,2026-06-13 06:00:18,No,8.0,1,7.0,1,80.95,0,3,3
E1022,Production,Night,2026-06-13,2026-06-13 22:11:02,Yes,2026-06-14 06:12:35,No,8.03,1,7.0,1,80.95,0,3,3
E1022,Production,Night,2026-06-15,2026-06-15 21:27:57,No,,,,0,7.0,1,80.95,0,3,3
E1022,Production,Night,2026-06-16,2026-06-16 21:37:15,No,2026-06-17 06:03:50,No,8.44,1,7.0,1,80.95,0,3,3
E1022,Production,Night,2026-06-17,2026-06-17 21:53:21,No,2026-06-18 06:10:46,No,8.29,1,7.0,1,80.95,0,3,3
E1022,Production,Night,2026-06-18,2026-06-18 22:00:04,No,2026-06-19 05:42:25,Yes,7.71,1,7.0,1,80.95,0,3,3
E1022,Production,Night,2026-06-19,2026-06-19 22:19:00,Yes,2026-06-20 06:02:44,No,7.73,1,7.0,1,80.95,0,3,3
E1022,Production,Night,2026-06-20,2026-06-20 21:42:57,No,2026-06-21 06:06:45,No,8.4,1,7.0,1,80.95,0,3,3
E1022,Production,Night,2026-06-22,2026-06-22 22:02:31,No,,,,0,7.0,1,80.95,0,3,3
E1022,Production,Night,2026-06-23,2026-06-23 21:50:36,No,2026-06-24 06:15:04,No,8.41,1,7.0,1,80.95,0,3,3
E1022,Production,Night,2026-06-25,2026-06-25 22:16:26,Yes,,,,0,7.0,1,80.95,0,3,3
E1022,Production,Night,2026-06-26,2026-06-26 22:12:23,Yes,2026-06-27 06:00:32,No,7.8,1,7.0,1,80.95,0,3,3
E1022,Production,Night,2026-06-27,2026-06-27 21:48:55,No,2026-06-28 05:30:55,Yes,7.7,1,7.0,1,80.95,0,3,3
E1022,Production,Night,2026-06-29,2026-06-29 22:08:38,No,,,,0,7.0,1,80.95,0,3,3
E1022,Production,Night,2026-06-30,2026-06-30 21:34:47,No,2026-07-01 05:51:46,No,8.28,1,7.0,1,80.95,0,3,3
E1022,Production,Night,2026-07-01,2026-07-01 21:47:42,No,2026-07-02 05:53:06,No,8.09,1,7.0,1,80.95,0,3,3
E1022,Production,Night,2026-07-02,2026-07-02 21:52:09,No,2026-07-03 06:27:29,No,8.59,1,7.0,1,80.95,0,3,3
E1022,Production,Night,2026-07-03,2026-07-03 21:54:05,No,2026-07-04 05:40:33,Yes,7.77,1,7.0,1,80.95,0,3,3
E1022,Production,Night,2026-07-04,2026-07-04 21:59:32,No,2026-07-05 05:54:58,No,7.92,1,7.0,1,80.95,0,3,3
E1022,Production,Night,2026-07-06,2026-07-06 22:03:33,No,,,,0,7.0,1,80.95,0,3,3
E1022,Production,Night,2026-07-07,2026-07-07 22:10:48,Yes,2026-07-08 06:26:35,No,8.26,1,7.0,1,80.95,0,3,3
E1022,Production,Night,2026-07-08,2026-07-08 22:01:46,No,2026-07-09 06:18:42,No,8.28,1,7.0,1,80.95,0,3,3
E1022,Production,Night,2026-07-09,2026-07-09 21:50:39,No,2026-07-10 06:03:14,No,8.21,1,7.0,1,80.95,0,3,3
E1022,Production,Night,2026-07-10,2026-07-10 21:54:40,No,2026-07-11 06:31:56,No,8.62,1,7.0,1,80.95,0,3,3
E1022,Production,Night,2026-07-11,2026-07-11 21:57:26,No,2026-07-12 05:46:12,No,7.81,1,7.0,1,80.95,0,3,3
E1022,Production,Night,2026-07-13,2026-07-13 22:04:58,No,,,,0,7.0,1,80.95,0,3,3
E1022,Production,Night,2026-07-14,2026-07-14 21:55:47,No,2026-07-15 05:58:46,No,8.05,1,7.0,1,80.95,0,3,3
E1022,Production,Night,2026-07-15,2026-07-15 21:35:00,No,2026-07-16 05:47:28,No,8.21,1,7.0,1,80.95,0,3,3
E1022,Production,Night,2026-07-16,2026-07-16 21:52:52,No,2026-07-17 05:56:53,No,8.07,1,7.0,1,80.95,0,3,3
E1022,Production,Night,2026-07-17,2026-07-17 21:49:17,No,2026-07-18 06:08:03,No,8.31,1,7.0,1,80.95,0,3,3
E1022,Production,Night,2026-07-18,2026-07-18 21:45:00,No,2026-07-19 05:24:40,Yes,7.66,1,7.0,1,80.95,0,3,3
E1022,Production,Night,2026-07-20,2026-07-20 22:03:05,No,,,,0,7.0,1,80.95,0,3,3
E1022,Production,Night,2026-07-21,2026-07-21 22:08:15,No,2026-07-22 06:33:55,No,8.43,1,7.0,1,80.95,0,3,3
E1022,Production,Night,2026-07-22,2026-07-22 22:12:56,Yes,2026-07-23 05:52:30,No,7.66,1,7.0,1,80.95,0,3,3
E1023,Packing,Night,2026-05-01,2026-05-01 21:56:43,No,,,,0,1.0,1,82.14,0,2,3
E1023,Packing,Night,2026-05-02,2026-05-02 22:12:28,Yes,2026-05-03 06:28:08,No,8.26,1,2.0,1,82.14,0,2,3
E1023,Packing,Night,2026-05-04,2026-05-04 21:46:26,No,,,,0,3.0,1,82.14,0,2,3
E1023,Packing,Night,2026-05-05,2026-05-05 21:59:16,No,2026-05-06 06:06:50,No,8.13,1,4.0,1,82.14,0,2,3
E1023,Packing,Night,2026-05-06,2026-05-06 21:59:23,No,2026-05-07 05:55:44,No,7.94,1,5.0,1,82.14,0,2,3
E1023,Packing,Night,2026-05-08,2026-05-08 22:06:26,No,,,,0,6.0,1,82.14,0,2,3
E1023,Packing,Night,2026-05-09,2026-05-09 21:47:39,No,2026-05-10 05:57:46,No,8.17,1,7.0,1,82.14,0,2,3
E1023,Packing,Night,2026-05-11,2026-05-11 22:10:54,Yes,,,,0,7.0,1,82.14,0,2,3
E1023,Packing,Night,2026-05-12,2026-05-12 21:47:42,No,2026-05-13 06:15:09,No,8.46,1,7.0,1,82.14,0,2,3
E1023,Packing,Night,2026-05-13,2026-05-13 21:50:22,No,2026-05-14 05:51:23,No,8.02,1,7.0,1,82.14,0,2,3
E1023,Packing,Night,2026-05-14,2026-05-14 22:24:27,Yes,2026-05-15 05:52:24,No,7.47,1,7.0,1,82.14,0,2,3
E1023,Packing,Night,2026-05-15,2026-05-15 21:42:54,No,2026-05-16 06:37:08,No,8.9,1,7.0,1,82.14,0,2,3
E1023,Packing,Night,2026-05-16,2026-05-16 21:42:34,No,2026-05-17 06:00:48,No,8.3,1,7.0,1,82.14,0,2,3
E1023,Packing,Night,2026-05-18,2026-05-18 21:58:50,No,,,,0,7.0,1,82.14,0,2,3
E1023,Packing,Night,2026-05-19,2026-05-19 22:00:43,No,2026-05-20 06:16:48,No,8.27,1,7.0,1,82.14,0,2,3
E1023,Packing,Night,2026-05-20,2026-05-20 21:52:16,No,2026-05-21 05:33:37,Yes,7.69,1,7.0,1,82.14,0,2,3
E1023,Packing,Night,2026-05-21,2026-05-21 21:51:48,No,2026-05-22 05:59:35,No,8.13,1,7.0,1,82.14,0,2,3
E1023,Packing,Night,2026-05-22,2026-05-22 22:02:04,No,2026-05-23 06:00:08,No,7.97,1,7.0,1,82.14,0,2,3
E1023,Packing,Night,2026-05-23,2026-05-23 21:53:21,No,2026-05-24 05:55:24,No,8.03,1,7.0,1,82.14,0,2,3
E1023,Packing,Night,2026-05-25,2026-05-25 22:00:35,No,,,,0,7.0,1,82.14,0,2,3
E1023,Packing,Night,2026-05-26,2026-05-26 21:53:09,No,2026-05-27 05:43:10,Yes,7.83,1,7.0,1,82.14,0,2,3
E1023,Packing,Night,2026-05-27,2026-05-27 22:28:32,Yes,2026-05-28 06:25:45,No,7.95,1,7.0,1,82.14,0,2,3
E1023,Packing,Night,2026-05-28,2026-05-28 21:26:02,No,2026-05-29 05:42:33,Yes,8.28,1,7.0,1,82.14,0,2,3
E1023,Packing,Night,2026-05-30,2026-05-30 21:54:57,No,,,,0,7.0,1,82.14,0,2,3
E1023,Packing,Night,2026-06-01,2026-06-01 21:39:54,No,,,,0,7.0,1,82.14,0,2,3
E1023,Packing,Night,2026-06-02,2026-06-02 22:09:08,No,2026-06-03 05:57:44,No,7.81,1,7.0,1,82.14,0,2,3
E1023,Packing,Night,2026-06-03,2026-06-03 21:40:25,No,2026-06-04 06:20:16,No,8.66,1,7.0,1,82.14,0,2,3
E1023,Packing,Night,2026-06-04,2026-06-04 21:43:33,No,2026-06-05 06:16:21,No,8.55,1,7.0,1,82.14,0,2,3
E1023,Packing,Night,2026-06-05,2026-06-05 21:44:34,No,2026-06-06 06:27:28,No,8.72,1,7.0,1,82.14,0,2,3
E1023,Packing,Night,2026-06-06,2026-06-06 21:52:19,No,2026-06-07 05:35:27,Yes,7.72,1,7.0,1,82.14,0,2,3
E1023,Packing,Night,2026-06-08,2026-06-08 21:48:48,No,,,,0,7.0,1,82.14,0,2,3
E1023,Packing,Night,2026-06-09,2026-06-09 22:04:03,No,2026-06-10 06:47:38,No,8.73,1,7.0,1,82.14,0,2,3
E1023,Packing,Night,2026-06-10,2026-06-10 21:49:08,No,2026-06-11 06:14:01,No,8.41,1,7.0,1,82.14,0,2,3
E1023,Packing,Night,2026-06-11,2026-06-11 22:13:13,Yes,2026-06-12 06:09:26,No,7.94,1,7.0,1,82.14,0,2,3
E1023,Packing,Night,2026-06-12,2026-06-12 22:00:26,No,2026-06-13 05:39:55,Yes,7.66,1,7.0,1,82.14,0,2,3
E1023,Packing,Night,2026-06-13,2026-06-13 22:05:06,No,2026-06-14 05:52:09,No,7.78,1,7.0,1,82.14,0,2,3
E1023,Packing,Night,2026-06-15,2026-06-15 21:55:31,No,,,,0,7.0,1,82.14,0,2,3
E1023,Packing,Night,2026-06-16,2026-06-16 21:41:50,No,2026-06-17 06:02:46,No,8.35,1,7.0,1,82.14,0,2,3
E1023,Packing,Night,2026-06-17,2026-06-17 21:56:14,No,2026-06-18 05:53:30,No,7.95,1,7.0,1,82.14,0,2,3
E1023,Packing,Night,2026-06-18,2026-06-18 22:27:08,Yes,2026-06-19 06:35:45,No,8.14,1,7.0,1,82.14,0,2,3
E1023,Packing,Night,2026-06-19,2026-06-19 21:37:50,No,2026-06-20 05:55:24,No,8.29,1,7.0,1,82.14,0,2,3
E1023,Packing,Night,2026-06-20,2026-06-20 22:14:05,Yes,2026-06-21 05:44:52,Yes,7.51,1,7.0,1,82.14,0,2,3
E1023,Packing,Night,2026-06-22,2026-06-22 21:51:55,No,,,,0,7.0,1,82.14,0,2,3
E1023,Packing,Night,2026-06-23,2026-06-23 22:02:28,No,2026-06-24 06:02:57,No,8.01,1,7.0,1,82.14,0,2,3
E1023,Packing,Night,2026-06-24,2026-06-24 21:52:55,No,2026-06-25 06:26:35,No,8.56,1,7.0,1,82.14,0,2,3
E1023,Packing,Night,2026-06-25,2026-06-25 21:47:19,No,2026-06-26 06:16:05,No,8.48,1,7.0,1,82.14,0,2,3
E1023,Packing,Night,2026-06-26,2026-06-26 21:56:51,No,2026-06-27 06:25:13,No,8.47,1,7.0,1,82.14,0,2,3
E1023,Packing,Night,2026-06-27,2026-06-27 21:50:16,No,2026-06-28 06:08:21,No,8.3,1,7.0,1,82.14,0,2,3
E1023,Packing,Night,2026-06-29,2026-06-29 21:38:10,No,,,,0,7.0,1,82.14,0,2,3
E1023,Packing,Night,2026-06-30,2026-06-30 21:53:40,No,2026-07-01 05:59:15,No,8.09,1,7.0,1,82.14,0,2,3
E1023,Packing,Night,2026-07-01,2026-07-01 22:11:53,Yes,2026-07-02 06:29:39,No,8.3,1,7.0,1,82.14,0,2,3
E1023,Packing,Night,2026-07-02,2026-07-02 22:10:11,Yes,2026-07-03 06:31:45,No,8.36,1,7.0,1,82.14,0,2,3
E1023,Packing,Night,2026-07-03,2026-07-03 22:04:25,No,2026-07-04 06:39:08,No,8.58,1,7.0,1,82.14,0,2,3
E1023,Packing,Night,2026-07-04,2026-07-04 22:17:54,Yes,2026-07-05 06:00:29,No,7.71,1,7.0,1,82.14,0,2,3
E1023,Packing,Night,2026-07-06,2026-07-06 21:51:01,No,,,,0,7.0,1,82.14,0,2,3
E1023,Packing,Night,2026-07-07,2026-07-07 21:47:06,No,2026-07-08 06:05:49,No,8.31,1,7.0,1,82.14,0,2,3
E1023,Packing,Night,2026-07-08,2026-07-08 21:49:21,No,2026-07-09 06:22:18,No,8.55,1,7.0,1,82.14,0,2,3
E1023,Packing,Night,2026-07-09,2026-07-09 21:40:20,No,2026-07-10 06:12:36,No,8.54,1,7.0,1,82.14,0,2,3
E1023,Packing,Night,2026-07-10,2026-07-10 22:30:06,Yes,2026-07-11 06:40:25,No,8.17,1,7.0,1,82.14,0,2,3
E1023,Packing,Night,2026-07-11,2026-07-11 21:59:14,No,2026-07-12 05:53:00,No,7.9,1,7.0,1,82.14,0,2,3
E1023,Packing,Night,2026-07-13,2026-07-13 21:34:05,No,,,,0,7.0,1,82.14,0,2,3
E1023,Packing,Night,2026-07-14,2026-07-14 21:43:09,No,2026-07-15 06:17:33,No,8.57,1,7.0,1,82.14,0,2,3
E1023,Packing,Night,2026-07-15,2026-07-15 21:53:53,No,2026-07-16 05:38:30,Yes,7.74,1,7.0,1,82.14,0,2,3
E1023,Packing,Night,2026-07-16,2026-07-16 22:08:45,No,2026-07-17 05:53:29,No,7.75,1,7.0,1,82.14,0,2,3
E1023,Packing,Night,2026-07-17,2026-07-17 22:05:57,No,2026-07-18 05:42:55,Yes,7.62,1,7.0,1,82.14,0,2,3
E1023,Packing,Night,2026-07-18,2026-07-18 21:48:00,No,2026-07-19 05:47:17,No,7.99,1,7.0,1,82.14,0,2,3
E1023,Packing,Night,2026-07-20,2026-07-20 21:37:10,No,,,,0,7.0,1,82.14,0,2,3
E1023,Packing,Night,2026-07-21,2026-07-21 22:03:56,No,2026-07-22 06:25:02,No,8.35,1,7.0,1,82.14,0,2,3
E1023,Packing,Night,2026-07-22,2026-07-22 21:56:09,No,,,,0,7.0,1,82.14,0,2,3
E1024,Production,Night,2026-05-02,2026-05-02 22:13:09,Yes,,,,0,1.0,1,79.76,1,3,3
E1024,Production,Night,2026-05-04,2026-05-04 22:10:08,Yes,,,,0,2.0,1,79.76,1,3,3
E1024,Production,Night,2026-05-05,2026-05-05 21:53:40,No,2026-05-06 06:02:34,No,8.15,1,3.0,1,79.76,1,3,3
E1024,Production,Night,2026-05-06,2026-05-06 22:11:06,Yes,2026-05-07 06:02:18,No,7.85,1,4.0,1,79.76,1,3,3
E1024,Production,Night,2026-05-07,2026-05-07 21:54:30,No,2026-05-08 06:10:30,No,8.27,1,5.0,1,79.76,1,3,3
E1024,Production,Night,2026-05-08,2026-05-08 22:08:26,No,2026-05-09 06:34:50,No,8.44,1,6.0,1,79.76,1,3,3
E1024,Production,Night,2026-05-09,2026-05-09 21:43:03,No,2026-05-10 05:54:35,No,8.19,1,7.0,1,79.76,1,3,3
E1024,Production,Night,2026-05-11,2026-05-11 21:34:10,No,,,,0,7.0,1,79.76,1,3,3
E1024,Production,Night,2026-05-12,2026-05-12 22:03:42,No,2026-05-13 05:57:51,No,7.9,1,7.0,1,79.76,1,3,3
E1024,Production,Night,2026-05-13,2026-05-13 21:47:26,No,2026-05-14 05:52:50,No,8.09,1,7.0,1,79.76,1,3,3
E1024,Production,Night,2026-05-14,2026-05-14 22:02:51,No,2026-05-15 06:04:04,No,8.02,1,7.0,1,79.76,1,3,3
E1024,Production,Night,2026-05-15,2026-05-15 21:43:36,No,2026-05-16 06:33:04,No,8.82,1,7.0,1,79.76,1,3,3
E1024,Production,Night,2026-05-16,2026-05-16 22:22:17,Yes,2026-05-17 06:07:26,No,7.75,1,7.0,1,79.76,1,3,3
E1024,Production,Night,2026-05-18,2026-05-18 21:56:40,No,,,,0,7.0,1,79.76,1,3,3
E1024,Production,Night,2026-05-19,2026-05-19 22:16:52,Yes,2026-05-20 06:00:33,No,7.73,1,7.0,1,79.76,1,3,3
E1024,Production,Night,2026-05-20,2026-05-20 21:54:14,No,2026-05-21 06:05:45,No,8.19,1,7.0,1,79.76,1,3,3
E1024,Production,Night,2026-05-21,2026-05-21 22:17:01,Yes,2026-05-22 06:03:51,No,7.78,1,7.0,1,79.76,1,3,3
E1024,Production,Night,2026-05-22,2026-05-22 21:20:01,No,2026-05-23 05:51:15,No,8.52,1,7.0,1,79.76,1,3,3
E1024,Production,Night,2026-05-23,2026-05-23 22:11:13,Yes,2026-05-24 06:16:51,No,8.09,1,7.0,1,79.76,1,3,3
E1024,Production,Night,2026-05-25,2026-05-25 22:14:11,Yes,,,,0,7.0,1,79.76,1,3,3
E1024,Production,Night,2026-05-26,2026-05-26 21:42:02,No,2026-05-27 06:27:38,No,8.76,1,7.0,1,79.76,1,3,3
E1024,Production,Night,2026-05-27,2026-05-27 21:54:28,No,2026-05-28 05:48:24,No,7.9,1,7.0,1,79.76,1,3,3
E1024,Production,Night,2026-05-29,2026-05-29 21:40:27,No,,,,0,7.0,1,79.76,1,3,3
E1024,Production,Night,2026-05-30,2026-05-30 21:32:41,No,2026-05-31 05:47:49,No,8.25,1,7.0,1,79.76,1,3,3
E1024,Production,Night,2026-06-01,2026-06-01 21:39:35,No,,,,0,7.0,1,79.76,1,3,3
E1024,Production,Night,2026-06-02,2026-06-02 21:49:37,No,,,,0,7.0,1,79.76,1,3,3
E1024,Production,Night,2026-06-03,2026-06-03 22:16:36,Yes,2026-06-04 06:18:11,No,8.03,1,7.0,1,79.76,1,3,3
E1024,Production,Night,2026-06-04,2026-06-04 22:04:35,No,2026-06-05 06:36:29,No,8.53,1,7.0,1,79.76,1,3,3
E1024,Production,Night,2026-06-05,2026-06-05 21:45:20,No,2026-06-06 06:04:05,No,8.31,1,7.0,1,79.76,1,3,3
E1024,Production,Night,2026-06-06,2026-06-06 21:43:27,No,2026-06-07 06:02:44,No,8.32,1,7.0,1,79.76,1,3,3
E1024,Production,Night,2026-06-08,2026-06-08 21:51:50,No,,,,0,7.0,1,79.76,1,3,3
E1024,Production,Night,2026-06-09,2026-06-09 21:46:42,No,2026-06-10 05:46:28,No,8.0,1,7.0,1,79.76,1,3,3
E1024,Production,Night,2026-06-10,2026-06-10 21:48:23,No,2026-06-11 06:10:34,No,8.37,1,7.0,1,79.76,1,3,3
E1024,Production,Night,2026-06-11,2026-06-11 21:58:35,No,2026-06-12 06:58:51,No,9.0,1,7.0,1,79.76,1,3,3
E1024,Production,Night,2026-06-13,2026-06-13 21:34:43,No,,,,0,7.0,1,79.76,1,3,3
E1024,Production,Night,2026-06-15,2026-06-15 21:56:26,No,,,,0,7.0,1,79.76,1,3,3
E1024,Production,Night,2026-06-16,2026-06-16 21:40:11,No,2026-06-17 06:10:26,No,8.5,1,7.0,1,79.76,1,3,3
E1024,Production,Night,2026-06-17,2026-06-17 22:02:30,No,2026-06-18 05:36:57,Yes,7.57,1,7.0,1,79.76,1,3,3
E1024,Production,Night,2026-06-18,2026-06-18 21:49:15,No,2026-06-19 06:29:36,No,8.67,1,7.0,1,79.76,1,3,3
E1024,Production,Night,2026-06-19,2026-06-19 22:02:31,No,2026-06-20 05:40:27,Yes,7.63,1,7.0,1,79.76,1,3,3
E1024,Production,Night,2026-06-20,2026-06-20 21:49:32,No,2026-06-21 06:19:21,No,8.5,1,7.0,1,79.76,1,3,3
E1024,Production,Night,2026-06-22,2026-06-22 22:05:58,No,,,,0,7.0,1,79.76,1,3,3
E1024,Production,Night,2026-06-23,2026-06-23 21:38:04,No,2026-06-24 05:51:06,No,8.22,1,7.0,1,79.76,1,3,3
E1024,Production,Night,2026-06-24,2026-06-24 21:55:58,No,2026-06-25 06:48:11,No,8.87,1,7.0,1,79.76,1,3,3
E1024,Production,Night,2026-06-25,2026-06-25 21:40:50,No,2026-06-26 06:27:40,No,8.78,1,7.0,1,79.76,1,3,3
E1024,Production,Night,2026-06-26,2026-06-26 21:47:18,No,2026-06-27 06:02:45,No,8.26,1,7.0,1,79.76,1,3,3
E1024,Production,Night,2026-06-27,2026-06-27 22:11:43,Yes,2026-06-28 05:59:17,No,7.79,1,7.0,1,79.76,1,3,3
E1024,Production,Night,2026-06-29,2026-06-29 22:03:35,No,,,,0,7.0,1,79.76,1,3,3
E1024,Production,Night,2026-06-30,2026-06-30 21:48:46,No,2026-07-01 05:35:44,Yes,7.78,1,7.0,1,79.76,1,3,3
E1024,Production,Night,2026-07-01,2026-07-01 22:10:04,Yes,2026-07-02 06:00:22,No,7.84,1,7.0,1,79.76,1,3,3
E1024,Production,Night,2026-07-02,2026-07-02 22:07:44,No,2026-07-03 06:15:45,No,8.13,1,7.0,1,79.76,1,3,3
E1024,Production,Night,2026-07-03,2026-07-03 21:53:47,No,2026-07-04 05:53:47,No,8.0,1,7.0,1,79.76,1,3,3
E1024,Production,Night,2026-07-04,2026-07-04 22:19:07,Yes,2026-07-05 06:18:39,No,7.99,1,7.0,1,79.76,1,3,3
E1024,Production,Night,2026-07-06,2026-07-06 22:09:01,No,,,,0,7.0,1,79.76,1,3,3
E1024,Production,Night,2026-07-07,2026-07-07 21:49:14,No,2026-07-08 06:13:28,No,8.4,1,7.0,1,79.76,1,3,3
E1024,Production,Night,2026-07-08,2026-07-08 22:03:20,No,2026-07-09 06:07:12,No,8.06,1,7.0,1,79.76,1,3,3
E1024,Production,Night,2026-07-09,2026-07-09 21:26:52,No,2026-07-10 06:38:16,No,9.19,1,7.0,1,79.76,1,3,3
E1024,Production,Night,2026-07-10,2026-07-10 22:10:31,Yes,2026-07-11 06:21:15,No,8.18,1,7.0,1,79.76,1,3,3
E1024,Production,Night,2026-07-11,2026-07-11 22:08:19,No,2026-07-12 06:14:17,No,8.1,1,7.0,1,79.76,1,3,3
E1024,Production,Night,2026-07-13,2026-07-13 21:59:20,No,,,,0,7.0,1,79.76,1,3,3
E1024,Production,Night,2026-07-14,2026-07-14 21:45:24,No,2026-07-15 06:22:34,No,8.62,1,7.0,1,79.76,1,3,3
E1024,Production,Night,2026-07-15,2026-07-15 22:18:24,Yes,2026-07-16 06:38:42,No,8.34,1,7.0,1,79.76,1,3,3
E1024,Production,Night,2026-07-16,2026-07-16 22:02:33,No,2026-07-17 05:51:57,No,7.82,1,7.0,1,79.76,1,3,3
E1024,Production,Night,2026-07-17,2026-07-17 22:25:36,Yes,2026-07-18 06:04:25,No,7.65,1,7.0,1,79.76,1,3,3
E1024,Production,Night,2026-07-20,2026-07-20 21:42:04,No,,,,0,7.0,1,79.76,1,3,3
E1024,Production,Night,2026-07-21,2026-07-21 22:00:45,No,2026-07-22 06:34:10,No,8.56,1,7.0,1,79.76,1,3,3
E1024,Production,Night,2026-07-22,2026-07-22 22:00:00,No,2026-07-23 06:24:09,No,8.4,1,7.0,1,79.76,1,3,3
E1025,Production,Night,2026-05-01,2026-05-01 21:37:32,No,,,,0,1.0,1,84.52,0,3,3
E1025,Production,Night,2026-05-02,2026-05-02 22:12:26,Yes,2026-05-03 05:57:51,No,7.76,1,2.0,1,84.52,0,3,3
E1025,Production,Night,2026-05-04,2026-05-04 21:51:18,No,,,,0,3.0,1,84.52,0,3,3
E1025,Production,Night,2026-05-05,2026-05-05 21:42:39,No,2026-05-06 06:19:05,No,8.61,1,4.0,1,84.52,0,3,3
E1025,Production,Night,2026-05-06,2026-05-06 22:09:47,No,2026-05-07 06:33:07,No,8.39,1,5.0,1,84.52,0,3,3
E1025,Production,Night,2026-05-07,2026-05-07 22:14:17,Yes,2026-05-08 05:54:19,No,7.67,1,6.0,1,84.52,0,3,3
E1025,Production,Night,2026-05-08,2026-05-08 21:59:38,No,2026-05-09 05:44:53,Yes,7.75,1,7.0,1,84.52,0,3,3
E1025,Production,Night,2026-05-09,2026-05-09 21:59:27,No,2026-05-10 05:58:40,No,7.99,1,7.0,1,84.52,0,3,3
E1025,Production,Night,2026-05-11,2026-05-11 21:54:18,No,,,,0,7.0,1,84.52,0,3,3
E1025,Production,Night,2026-05-12,2026-05-12 21:52:46,No,2026-05-13 05:51:04,No,7.97,1,7.0,1,84.52,0,3,3
E1025,Production,Night,2026-05-13,2026-05-13 21:50:22,No,2026-05-14 06:00:44,No,8.17,1,7.0,1,84.52,0,3,3
E1025,Production,Night,2026-05-14,2026-05-14 21:57:44,No,2026-05-15 06:14:00,No,8.27,1,7.0,1,84.52,0,3,3
E1025,Production,Night,2026-05-15,2026-05-15 21:59:08,No,2026-05-16 06:21:47,No,8.38,1,7.0,1,84.52,0,3,3
E1025,Production,Night,2026-05-16,2026-05-16 21:49:54,No,2026-05-17 05:59:50,No,8.17,1,7.0,1,84.52,0,3,3
E1025,Production,Night,2026-05-18,2026-05-18 21:48:43,No,,,,0,7.0,1,84.52,0,3,3
E1025,Production,Night,2026-05-19,2026-05-19 21:41:15,No,2026-05-20 06:15:20,No,8.57,1,7.0,1,84.52,0,3,3
E1025,Production,Night,2026-05-20,2026-05-20 21:33:18,No,2026-05-21 06:00:46,No,8.46,1,7.0,1,84.52,0,3,3
E1025,Production,Night,2026-05-21,2026-05-21 22:05:40,No,2026-05-22 06:11:54,No,8.1,1,7.0,1,84.52,0,3,3
E1025,Production,Night,2026-05-22,2026-05-22 21:54:29,No,2026-05-23 06:09:28,No,8.25,1,7.0,1,84.52,0,3,3
E1025,Production,Night,2026-05-23,2026-05-23 22:26:16,Yes,2026-05-24 05:27:55,Yes,7.03,1,7.0,1,84.52,0,3,3
E1025,Production,Night,2026-05-25,2026-05-25 21:47:07,No,,,,0,7.0,1,84.52,0,3,3
E1025,Production,Night,2026-05-26,2026-05-26 22:09:33,No,2026-05-27 06:05:09,No,7.93,1,7.0,1,84.52,0,3,3
E1025,Production,Night,2026-05-27,2026-05-27 21:31:29,No,2026-05-28 06:08:14,No,8.61,1,7.0,1,84.52,0,3,3
E1025,Production,Night,2026-05-28,2026-05-28 21:47:18,No,2026-05-29 06:05:03,No,8.3,1,7.0,1,84.52,0,3,3
E1025,Production,Night,2026-05-29,2026-05-29 22:05:49,No,2026-05-30 05:45:58,No,7.67,1,7.0,1,84.52,0,3,3
E1025,Production,Night,2026-05-30,2026-05-30 21:50:09,No,2026-05-31 05:54:21,No,8.07,1,7.0,1,84.52,0,3,3
E1025,Production,Night,2026-06-01,2026-06-01 22:06:45,No,,,,0,7.0,1,84.52,0,3,3
E1025,Production,Night,2026-06-02,2026-06-02 22:05:16,No,2026-06-03 06:31:02,No,8.43,1,7.0,1,84.52,0,3,3
E1025,Production,Night,2026-06-03,2026-06-03 21:45:59,No,2026-06-04 06:25:23,No,8.66,1,7.0,1,84.52,0,3,3
E1025,Production,Night,2026-06-04,2026-06-04 21:30:45,No,2026-06-05 06:01:18,No,8.51,1,7.0,1,84.52,0,3,3
E1025,Production,Night,2026-06-05,2026-06-05 21:57:11,No,2026-06-06 06:15:06,No,8.3,1,7.0,1,84.52,0,3,3
E1025,Production,Night,2026-06-06,2026-06-06 22:10:00,Yes,2026-06-07 06:25:25,No,8.26,1,7.0,1,84.52,0,3,3
E1025,Production,Night,2026-06-08,2026-06-08 22:11:24,Yes,,,,0,7.0,1,84.52,0,3,3
E1025,Production,Night,2026-06-09,2026-06-09 22:05:02,No,2026-06-10 05:59:00,No,7.9,1,7.0,1,84.52,0,3,3
E1025,Production,Night,2026-06-10,2026-06-10 21:43:07,No,2026-06-11 06:02:57,No,8.33,1,7.0,1,84.52,0,3,3
E1025,Production,Night,2026-06-11,2026-06-11 21:50:27,No,2026-06-12 06:21:11,No,8.51,1,7.0,1,84.52,0,3,3
E1025,Production,Night,2026-06-12,2026-06-12 22:00:43,No,2026-06-13 06:19:57,No,8.32,1,7.0,1,84.52,0,3,3
E1025,Production,Night,2026-06-13,2026-06-13 21:55:17,No,2026-06-14 05:51:12,No,7.93,1,7.0,1,84.52,0,3,3
E1025,Production,Night,2026-06-15,2026-06-15 21:56:22,No,,,,0,7.0,1,84.52,0,3,3
E1025,Production,Night,2026-06-16,2026-06-16 22:20:50,Yes,2026-06-17 05:57:16,No,7.61,1,7.0,1,84.52,0,3,3
E1025,Production,Night,2026-06-17,2026-06-17 21:47:23,No,2026-06-18 06:07:40,No,8.34,1,7.0,1,84.52,0,3,3
E1025,Production,Night,2026-06-18,2026-06-18 22:07:58,No,2026-06-19 06:11:26,No,8.06,1,7.0,1,84.52,0,3,3
E1025,Production,Night,2026-06-19,2026-06-19 21:47:41,No,2026-06-20 06:13:16,No,8.43,1,7.0,1,84.52,0,3,3
E1025,Production,Night,2026-06-20,2026-06-20 21:48:01,No,2026-06-21 05:55:14,No,8.12,1,7.0,1,84.52,0,3,3
E1025,Production,Night,2026-06-22,2026-06-22 22:05:50,No,,,,0,7.0,1,84.52,0,3,3
E1025,Production,Night,2026-06-23,2026-06-23 21:50:05,No,2026-06-24 06:08:51,No,8.31,1,7.0,1,84.52,0,3,3
E1025,Production,Night,2026-06-24,2026-06-24 22:14:16,Yes,2026-06-25 06:30:14,No,8.27,1,7.0,1,84.52,0,3,3
E1025,Production,Night,2026-06-25,2026-06-25 21:42:19,No,,,,0,7.0,1,84.52,0,3,3
E1025,Production,Night,2026-06-26,2026-06-26 22:02:42,No,2026-06-27 05:48:09,No,7.76,1,7.0,1,84.52,0,3,3
E1025,Production,Night,2026-06-27,2026-06-27 22:05:21,No,2026-06-28 06:13:23,No,8.13,1,7.0,1,84.52,0,3,3
E1025,Production,Night,2026-06-29,2026-06-29 21:46:51,No,,,,0,7.0,1,84.52,0,3,3
E1025,Production,Night,2026-06-30,2026-06-30 21:29:05,No,2026-07-01 06:46:25,No,9.29,1,7.0,1,84.52,0,3,3
E1025,Production,Night,2026-07-01,2026-07-01 22:15:35,Yes,2026-07-02 05:48:49,No,7.55,1,7.0,1,84.52,0,3,3
E1025,Production,Night,2026-07-02,2026-07-02 21:44:27,No,2026-07-03 05:51:26,No,8.12,1,7.0,1,84.52,0,3,3
E1025,Production,Night,2026-07-03,2026-07-03 21:50:12,No,2026-07-04 06:19:20,No,8.49,1,7.0,1,84.52,0,3,3
E1025,Production,Night,2026-07-04,2026-07-04 21:38:17,No,2026-07-05 05:33:34,Yes,7.92,1,7.0,1,84.52,0,3,3
E1025,Production,Night,2026-07-06,2026-07-06 22:12:25,Yes,,,,0,7.0,1,84.52,0,3,3
E1025,Production,Night,2026-07-07,2026-07-07 21:56:14,No,2026-07-08 06:31:48,No,8.59,1,7.0,1,84.52,0,3,3
E1025,Production,Night,2026-07-08,2026-07-08 21:54:03,No,2026-07-09 06:10:31,No,8.27,1,7.0,1,84.52,0,3,3
E1025,Production,Night,2026-07-09,2026-07-09 21:42:00,No,2026-07-10 06:29:45,No,8.8,1,7.0,1,84.52,0,3,3
E1025,Production,Night,2026-07-10,2026-07-10 22:12:35,Yes,2026-07-11 06:00:44,No,7.8,1,7.0,1,84.52,0,3,3
E1025,Production,Night,2026-07-11,2026-07-11 21:47:50,No,2026-07-12 05:57:56,No,8.17,1,7.0,1,84.52,0,3,3
E1025,Production,Night,2026-07-13,2026-07-13 22:10:55,Yes,,,,0,7.0,1,84.52,0,3,3
E1025,Production,Night,2026-07-14,2026-07-14 22:17:07,Yes,2026-07-15 06:14:16,No,7.95,1,7.0,1,84.52,0,3,3
E1025,Production,Night,2026-07-15,2026-07-15 22:06:03,No,2026-07-16 06:01:30,No,7.92,1,7.0,1,84.52,0,3,3
E1025,Production,Night,2026-07-16,2026-07-16 22:10:14,Yes,2026-07-17 06:02:53,No,7.88,1,7.0,1,84.52,0,3,3
E1025,Production,Night,2026-07-17,2026-07-17 21:21:54,No,2026-07-18 06:07:51,No,8.77,1,7.0,1,84.52,0,3,3
E1025,Production,Night,2026-07-18,2026-07-18 21:46:05,No,2026-07-19 06:31:38,No,8.76,1,7.0,1,84.52,0,3,3
E1025,Production,Night,2026-07-20,2026-07-20 22:22:50,Yes,,,,0,7.0,1,84.52,0,3,3
E1025,Production,Night,2026-07-21,2026-07-21 21:40:47,No,2026-07-22 06:06:24,No,8.43,1,7.0,1,84.52,0,3,3
E1025,Production,Night,2026-07-22,2026-07-22 22:11:17,Yes,2026-07-23 06:19:51,No,8.14,1,7.0,1,84.52,0,3,3
E1026,Admin/HR,General,2026-05-01,2026-05-01 09:24:30,No,2026-05-01 18:57:59,No,9.56,1,1.0,1,82.14,0,0,1
E1026,Admin/HR,General,2026-05-04,2026-05-04 09:36:07,No,2026-05-04 18:25:29,No,8.82,1,2.0,1,82.14,0,0,1
E1026,Admin/HR,General,2026-05-05,2026-05-05 09:22:53,No,2026-05-05 18:32:23,No,9.16,1,3.0,1,82.14,0,0,1
E1026,Admin/HR,General,2026-05-06,2026-05-06 09:14:30,No,2026-05-06 18:21:06,No,9.11,1,4.0,1,82.14,0,0,1
E1026,Admin/HR,General,2026-05-07,2026-05-07 09:23:52,No,2026-05-07 18:34:21,No,9.17,1,5.0,1,82.14,0,0,1
E1026,Admin/HR,General,2026-05-08,2026-05-08 09:01:24,No,2026-05-08 18:41:55,No,9.68,1,6.0,1,82.14,0,0,1
E1026,Admin/HR,General,2026-05-09,2026-05-09 09:22:43,No,2026-05-09 18:26:57,No,9.07,1,7.0,1,82.14,0,0,1
E1026,Admin/HR,General,2026-05-11,2026-05-11 09:03:30,No,2026-05-11 18:30:10,No,9.44,1,7.0,1,82.14,0,0,1
E1026,Admin/HR,General,2026-05-12,2026-05-12 09:01:11,No,2026-05-12 18:35:08,No,9.57,1,7.0,1,82.14,0,0,1
E1026,Admin/HR,General,2026-05-13,2026-05-13 09:23:27,No,2026-05-13 19:04:42,No,9.69,1,7.0,1,82.14,0,0,1
E1026,Admin/HR,General,2026-05-14,2026-05-14 09:11:50,No,2026-05-14 18:33:46,No,9.37,1,7.0,1,82.14,0,0,1
E1026,Admin/HR,General,2026-05-15,2026-05-15 09:36:49,No,2026-05-15 18:25:56,No,8.82,1,7.0,1,82.14,0,0,1
E1026,Admin/HR,General,2026-05-16,2026-05-16 09:04:34,No,2026-05-16 18:38:41,No,9.57,1,7.0,1,82.14,0,0,1
E1026,Admin/HR,General,2026-05-18,2026-05-18 09:39:56,No,2026-05-18 18:00:26,Yes,8.34,1,7.0,1,82.14,0,0,1
E1026,Admin/HR,General,2026-05-19,2026-05-19 09:04:43,No,2026-05-19 18:52:43,No,9.8,1,7.0,1,82.14,0,0,1
E1026,Admin/HR,General,2026-05-20,2026-05-20 09:32:42,No,2026-05-20 18:13:51,Yes,8.69,1,7.0,1,82.14,0,0,1
E1026,Admin/HR,General,2026-05-21,2026-05-21 09:21:41,No,2026-05-21 18:28:48,No,9.12,1,7.0,1,82.14,0,0,1
E1026,Admin/HR,General,2026-05-22,2026-05-22 09:06:39,No,2026-05-22 18:51:02,No,9.74,1,7.0,1,82.14,0,0,1
E1026,Admin/HR,General,2026-05-23,2026-05-23 09:43:40,Yes,2026-05-23 18:48:36,No,9.08,1,7.0,1,82.14,0,0,1
E1026,Admin/HR,General,2026-05-25,2026-05-25 09:32:59,No,2026-05-25 18:43:02,No,9.17,1,7.0,1,82.14,0,0,1
E1026,Admin/HR,General,2026-05-26,2026-05-26 09:20:24,No,2026-05-26 19:00:38,No,9.67,1,7.0,1,82.14,0,0,1
E1026,Admin/HR,General,2026-05-27,2026-05-27 08:50:00,No,2026-05-27 18:35:42,No,9.76,1,7.0,1,82.14,0,0,1
E1026,Admin/HR,General,2026-05-28,2026-05-28 09:19:06,No,2026-05-28 18:34:23,No,9.25,1,7.0,1,82.14,0,0,1
E1026,Admin/HR,General,2026-05-29,2026-05-29 09:31:44,No,2026-05-29 18:46:39,No,9.25,1,7.0,1,82.14,0,0,1
E1026,Admin/HR,General,2026-05-30,2026-05-30 09:28:35,No,2026-05-30 18:15:15,No,8.78,1,7.0,1,82.14,0,0,1
E1026,Admin/HR,General,2026-06-01,2026-06-01 09:14:02,No,2026-06-01 18:30:29,No,9.27,1,7.0,1,82.14,0,0,1
E1026,Admin/HR,General,2026-06-02,2026-06-02 09:40:46,Yes,2026-06-02 18:08:58,Yes,8.47,1,7.0,1,82.14,0,0,1
E1026,Admin/HR,General,2026-06-03,2026-06-03 09:34:58,No,2026-06-03 18:19:41,No,8.75,1,7.0,1,82.14,0,0,1
E1026,Admin/HR,General,2026-06-04,2026-06-04 09:18:02,No,2026-06-04 18:27:21,No,9.16,1,7.0,1,82.14,0,0,1
E1026,Admin/HR,General,2026-06-05,2026-06-05 09:21:03,No,2026-06-05 18:17:02,No,8.93,1,7.0,1,82.14,0,0,1
E1026,Admin/HR,General,2026-06-06,2026-06-06 09:32:57,No,2026-06-06 18:26:48,No,8.9,1,7.0,1,82.14,0,0,1
E1026,Admin/HR,General,2026-06-08,2026-06-08 09:24:32,No,2026-06-08 18:57:07,No,9.54,1,7.0,1,82.14,0,0,1
E1026,Admin/HR,General,2026-06-09,2026-06-09 09:28:14,No,2026-06-09 18:14:00,Yes,8.76,1,7.0,1,82.14,0,0,1
E1026,Admin/HR,General,2026-06-10,2026-06-10 09:32:39,No,2026-06-10 18:37:57,No,9.09,1,7.0,1,82.14,0,0,1
E1026,Admin/HR,General,2026-06-11,2026-06-11 09:42:17,Yes,2026-06-11 18:52:34,No,9.17,1,7.0,1,82.14,0,0,1
E1026,Admin/HR,General,2026-06-12,2026-06-12 09:09:58,No,2026-06-12 18:24:01,No,9.23,1,7.0,1,82.14,0,0,1
E1026,Admin/HR,General,2026-06-13,2026-06-13 09:03:05,No,2026-06-13 18:16:23,No,9.22,1,7.0,1,82.14,0,0,1
E1026,Admin/HR,General,2026-06-15,2026-06-15 09:07:18,No,2026-06-15 18:11:19,Yes,9.07,1,7.0,1,82.14,0,0,1
E1026,Admin/HR,General,2026-06-16,2026-06-16 09:41:43,Yes,2026-06-16 18:32:30,No,8.85,1,7.0,1,82.14,0,0,1
E1026,Admin/HR,General,2026-06-17,2026-06-17 09:29:57,No,2026-06-17 18:40:04,No,9.17,1,7.0,1,82.14,0,0,1
E1026,Admin/HR,General,2026-06-18,2026-06-18 09:28:07,No,2026-06-18 18:46:08,No,9.3,1,7.0,1,82.14,0,0,1
E1026,Admin/HR,General,2026-06-19,2026-06-19 09:28:01,No,2026-06-19 18:30:46,No,9.05,1,7.0,1,82.14,0,0,1
E1026,Admin/HR,General,2026-06-20,2026-06-20 09:44:47,Yes,2026-06-20 18:16:18,No,8.53,1,7.0,1,82.14,0,0,1
E1026,Admin/HR,General,2026-06-22,2026-06-22 09:35:44,No,2026-06-22 18:50:34,No,9.25,1,7.0,1,82.14,0,0,1
E1026,Admin/HR,General,2026-06-23,2026-06-23 09:53:45,Yes,2026-06-23 18:02:35,Yes,8.15,1,7.0,1,82.14,0,0,1
E1026,Admin/HR,General,2026-06-24,2026-06-24 09:22:01,No,2026-06-24 18:31:27,No,9.16,1,7.0,1,82.14,0,0,1
E1026,Admin/HR,General,2026-06-25,2026-06-25 09:20:27,No,2026-06-25 17:59:46,Yes,8.66,1,7.0,1,82.14,0,0,1
E1026,Admin/HR,General,2026-06-26,2026-06-26 09:22:57,No,2026-06-26 18:48:37,No,9.43,1,7.0,1,82.14,0,0,1
E1026,Admin/HR,General,2026-06-27,2026-06-27 09:18:04,No,2026-06-27 18:16:13,No,8.97,1,7.0,1,82.14,0,0,1
E1026,Admin/HR,General,2026-06-29,2026-06-29 09:31:35,No,2026-06-29 18:14:44,Yes,8.72,1,7.0,1,82.14,0,0,1
E1026,Admin/HR,General,2026-06-30,2026-06-30 09:07:59,No,2026-06-30 18:15:30,No,9.13,1,7.0,1,82.14,0,0,1
E1026,Admin/HR,General,2026-07-01,2026-07-01 09:23:13,No,2026-07-01 19:03:39,No,9.67,1,7.0,1,82.14,0,0,1
E1026,Admin/HR,General,2026-07-02,2026-07-02 09:39:37,No,2026-07-02 18:28:48,No,8.82,1,7.0,1,82.14,0,0,1
E1026,Admin/HR,General,2026-07-03,2026-07-03 09:37:02,No,2026-07-03 18:35:41,No,8.98,1,7.0,1,82.14,0,0,1
E1026,Admin/HR,General,2026-07-04,2026-07-04 09:34:42,No,2026-07-04 18:27:30,No,8.88,1,7.0,1,82.14,0,0,1
E1026,Admin/HR,General,2026-07-06,2026-07-06 09:32:22,No,2026-07-06 18:01:14,Yes,8.48,1,7.0,1,82.14,0,0,1
E1026,Admin/HR,General,2026-07-07,2026-07-07 09:17:42,No,2026-07-07 18:47:55,No,9.5,1,7.0,1,82.14,0,0,1
E1026,Admin/HR,General,2026-07-08,2026-07-08 09:30:48,No,2026-07-08 18:18:25,No,8.79,1,7.0,1,82.14,0,0,1
E1026,Admin/HR,General,2026-07-09,2026-07-09 09:07:46,No,2026-07-09 18:18:40,No,9.18,1,7.0,1,82.14,0,0,1
E1026,Admin/HR,General,2026-07-10,2026-07-10 09:15:36,No,2026-07-10 18:43:12,No,9.46,1,7.0,1,82.14,0,0,1
E1026,Admin/HR,General,2026-07-11,2026-07-11 09:25:06,No,2026-07-11 18:35:57,No,9.18,1,7.0,1,82.14,0,0,1
E1026,Admin/HR,General,2026-07-14,2026-07-14 09:17:36,No,2026-07-14 18:22:26,No,9.08,1,7.0,1,82.14,0,0,1
E1026,Admin/HR,General,2026-07-15,2026-07-15 09:17:04,No,2026-07-15 18:42:10,No,9.42,1,7.0,1,82.14,0,0,1
E1026,Admin/HR,General,2026-07-16,2026-07-16 09:35:53,No,2026-07-16 18:39:24,No,9.06,1,7.0,1,82.14,0,0,1
E1026,Admin/HR,General,2026-07-17,2026-07-17 09:12:41,No,2026-07-17 18:34:12,No,9.36,1,7.0,1,82.14,0,0,1
E1026,Admin/HR,General,2026-07-18,2026-07-18 09:34:12,No,2026-07-18 18:39:51,No,9.09,1,7.0,1,82.14,0,0,1
E1026,Admin/HR,General,2026-07-20,2026-07-20 09:15:05,No,2026-07-20 18:53:52,No,9.65,1,7.0,1,82.14,0,0,1
E1026,Admin/HR,General,2026-07-21,2026-07-21 09:28:45,No,2026-07-21 18:58:13,No,9.49,1,7.0,1,82.14,0,0,1
E1026,Admin/HR,General,2026-07-22,2026-07-22 09:17:27,No,2026-07-22 18:11:51,Yes,8.91,1,7.0,1,82.14,0,0,1
E1027,Production,Afternoon,2026-05-01,2026-05-01 14:06:29,No,2026-05-01 22:38:07,No,8.53,1,1.0,1,82.14,0,3,0
E1027,Production,Afternoon,2026-05-02,2026-05-02 13:54:14,No,2026-05-02 22:12:55,No,8.31,1,2.0,1,82.14,0,3,0
E1027,Production,Afternoon,2026-05-04,2026-05-04 13:46:35,No,2026-05-04 22:05:21,No,8.31,1,3.0,1,82.14,0,3,0
E1027,Production,Afternoon,2026-05-05,2026-05-05 13:47:45,No,2026-05-05 22:26:52,No,8.65,1,4.0,1,82.14,0,3,0
E1027,Production,Afternoon,2026-05-06,2026-05-06 13:56:58,No,2026-05-06 22:20:39,No,8.39,1,5.0,1,82.14,0,3,0
E1027,Production,Afternoon,2026-05-07,2026-05-07 13:57:41,No,2026-05-07 21:46:51,No,7.82,1,6.0,1,82.14,0,3,0
E1027,Production,Afternoon,2026-05-08,2026-05-08 13:36:13,No,2026-05-08 22:25:05,No,8.81,1,7.0,1,82.14,0,3,0
E1027,Production,Afternoon,2026-05-09,2026-05-09 14:11:24,Yes,2026-05-09 22:20:42,No,8.15,1,7.0,1,82.14,0,3,0
E1027,Production,Afternoon,2026-05-12,2026-05-12 14:01:22,No,2026-05-12 21:52:33,No,7.85,1,7.0,1,82.14,0,3,0
E1027,Production,Afternoon,2026-05-13,2026-05-13 14:00:11,No,,,,0,7.0,1,82.14,0,3,0
E1027,Production,Afternoon,2026-05-14,2026-05-14 13:35:57,No,2026-05-14 22:01:11,No,8.42,1,7.0,1,82.14,0,3,0
E1027,Production,Afternoon,2026-05-15,2026-05-15 14:06:03,No,2026-05-15 22:20:14,No,8.24,1,7.0,1,82.14,0,3,0
E1027,Production,Afternoon,2026-05-16,2026-05-16 13:52:55,No,2026-05-16 22:16:42,No,8.4,1,7.0,1,82.14,0,3,0
E1027,Production,Afternoon,2026-05-18,2026-05-18 13:59:23,No,2026-05-18 21:59:42,No,8.01,1,7.0,1,82.14,0,3,0
E1027,Production,Afternoon,2026-05-19,2026-05-19 13:57:47,No,2026-05-19 21:52:52,No,7.92,1,7.0,1,82.14,0,3,0
E1027,Production,Afternoon,2026-05-20,2026-05-20 13:42:53,No,2026-05-20 22:02:27,No,8.33,1,7.0,1,82.14,0,3,0
E1027,Production,Afternoon,2026-05-21,2026-05-21 14:00:22,No,2026-05-21 22:18:38,No,8.3,1,7.0,1,82.14,0,3,0
E1027,Production,Afternoon,2026-05-22,2026-05-22 14:00:52,No,,,,0,7.0,1,82.14,0,3,0
E1027,Production,Afternoon,2026-05-25,2026-05-25 13:57:53,No,2026-05-25 22:05:51,No,8.13,1,7.0,1,82.14,0,3,0
E1027,Production,Afternoon,2026-05-26,2026-05-26 13:54:35,No,2026-05-26 22:02:43,No,8.14,1,7.0,1,82.14,0,3,0
E1027,Production,Afternoon,2026-05-27,2026-05-27 13:31:08,No,2026-05-27 22:15:04,No,8.73,1,7.0,1,82.14,0,3,0
E1027,Production,Afternoon,2026-05-28,2026-05-28 14:00:52,No,2026-05-28 22:02:21,No,8.02,1,7.0,1,82.14,0,3,0
E1027,Production,Afternoon,2026-05-29,2026-05-29 14:06:00,No,2026-05-29 22:28:53,No,8.38,1,7.0,1,82.14,0,3,0
E1027,Production,Afternoon,2026-05-30,2026-05-30 13:53:21,No,2026-05-30 22:16:59,No,8.39,1,7.0,1,82.14,0,3,0
E1027,Production,Afternoon,2026-06-01,2026-06-01 13:55:41,No,2026-06-01 22:08:30,No,8.21,1,7.0,1,82.14,0,3,0
E1027,Production,Afternoon,2026-06-02,2026-06-02 13:48:23,No,2026-06-02 22:22:16,No,8.56,1,7.0,1,82.14,0,3,0
E1027,Production,Afternoon,2026-06-03,2026-06-03 14:03:12,No,2026-06-03 22:10:00,No,8.11,1,7.0,1,82.14,0,3,0
E1027,Production,Afternoon,2026-06-04,2026-06-04 13:47:08,No,2026-06-04 22:12:37,No,8.42,1,7.0,1,82.14,0,3,0
E1027,Production,Afternoon,2026-06-05,2026-06-05 13:47:03,No,2026-06-05 21:56:26,No,8.16,1,7.0,1,82.14,0,3,0
E1027,Production,Afternoon,2026-06-06,2026-06-06 14:25:32,Yes,2026-06-06 21:51:40,No,7.44,1,7.0,1,82.14,0,3,0
E1027,Production,Afternoon,2026-06-08,2026-06-08 14:00:53,No,2026-06-08 21:43:10,Yes,7.7,1,7.0,1,82.14,0,3,0
E1027,Production,Afternoon,2026-06-09,2026-06-09 14:02:56,No,2026-06-09 22:28:47,No,8.43,1,7.0,1,82.14,0,3,0
E1027,Production,Afternoon,2026-06-10,2026-06-10 13:56:38,No,2026-06-10 21:56:30,No,8.0,1,7.0,1,82.14,0,3,0
E1027,Production,Afternoon,2026-06-11,2026-06-11 13:37:38,No,2026-06-11 21:51:48,No,8.24,1,7.0,1,82.14,0,3,0
E1027,Production,Afternoon,2026-06-12,2026-06-12 14:06:04,No,2026-06-12 21:26:29,Yes,7.34,1,7.0,1,82.14,0,3,0
E1027,Production,Afternoon,2026-06-13,2026-06-13 13:58:19,No,2026-06-13 22:15:59,No,8.29,1,7.0,1,82.14,0,3,0
E1027,Production,Afternoon,2026-06-15,2026-06-15 13:52:59,No,2026-06-15 22:16:30,No,8.39,1,7.0,1,82.14,0,3,0
E1027,Production,Afternoon,2026-06-16,2026-06-16 13:40:18,No,2026-06-16 21:38:00,Yes,7.96,1,7.0,1,82.14,0,3,0
E1027,Production,Afternoon,2026-06-17,2026-06-17 14:01:30,No,2026-06-17 22:16:57,No,8.26,1,7.0,1,82.14,0,3,0
E1027,Production,Afternoon,2026-06-18,2026-06-18 13:34:59,No,2026-06-18 22:10:05,No,8.59,1,7.0,1,82.14,0,3,0
E1027,Production,Afternoon,2026-06-19,2026-06-19 13:39:52,No,2026-06-19 21:52:55,No,8.22,1,7.0,1,82.14,0,3,0
E1027,Production,Afternoon,2026-06-20,2026-06-20 13:23:09,No,2026-06-20 22:20:23,No,8.95,1,7.0,1,82.14,0,3,0
E1027,Production,Afternoon,2026-06-22,2026-06-22 14:01:33,No,2026-06-22 22:02:36,No,8.02,1,7.0,1,82.14,0,3,0
E1027,Production,Afternoon,2026-06-23,2026-06-23 14:04:00,No,2026-06-23 22:17:42,No,8.23,1,7.0,1,82.14,0,3,0
E1027,Production,Afternoon,2026-06-24,2026-06-24 13:41:26,No,2026-06-24 21:53:18,No,8.2,1,7.0,1,82.14,0,3,0
E1027,Production,Afternoon,2026-06-25,2026-06-25 13:29:00,No,2026-06-25 22:21:07,No,8.87,1,7.0,1,82.14,0,3,0
E1027,Production,Afternoon,2026-06-26,2026-06-26 13:54:31,No,2026-06-26 22:02:52,No,8.14,1,7.0,1,82.14,0,3,0
E1027,Production,Afternoon,2026-06-27,2026-06-27 13:57:37,No,2026-06-27 21:43:11,Yes,7.76,1,7.0,1,82.14,0,3,0
E1027,Production,Afternoon,2026-06-29,2026-06-29 13:42:31,No,2026-06-29 22:14:51,No,8.54,1,7.0,1,82.14,0,3,0
E1027,Production,Afternoon,2026-06-30,2026-06-30 13:42:16,No,2026-06-30 22:19:04,No,8.61,1,7.0,1,82.14,0,3,0
E1027,Production,Afternoon,2026-07-01,2026-07-01 14:06:20,No,2026-07-01 22:05:05,No,7.98,1,7.0,1,82.14,0,3,0
E1027,Production,Afternoon,2026-07-02,2026-07-02 14:00:24,No,2026-07-02 21:53:29,No,7.88,1,7.0,1,82.14,0,3,0
E1027,Production,Afternoon,2026-07-03,2026-07-03 13:59:44,No,2026-07-03 22:16:25,No,8.28,1,7.0,1,82.14,0,3,0
E1027,Production,Afternoon,2026-07-04,2026-07-04 13:44:05,No,2026-07-04 22:15:40,No,8.53,1,7.0,1,82.14,0,3,0
E1027,Production,Afternoon,2026-07-06,2026-07-06 13:33:41,No,2026-07-06 21:43:31,Yes,8.16,1,7.0,1,82.14,0,3,0
E1027,Production,Afternoon,2026-07-07,2026-07-07 13:46:45,No,2026-07-07 21:27:19,Yes,7.68,1,7.0,1,82.14,0,3,0
E1027,Production,Afternoon,2026-07-08,2026-07-08 13:54:46,No,2026-07-08 22:00:23,No,8.09,1,7.0,1,82.14,0,3,0
E1027,Production,Afternoon,2026-07-09,2026-07-09 14:02:36,No,2026-07-09 21:52:48,No,7.84,1,7.0,1,82.14,0,3,0
E1027,Production,Afternoon,2026-07-10,2026-07-10 13:32:35,No,2026-07-10 22:21:51,No,8.82,1,7.0,1,82.14,0,3,0
E1027,Production,Afternoon,2026-07-11,2026-07-11 14:04:39,No,2026-07-11 21:27:20,Yes,7.38,1,7.0,1,82.14,0,3,0
E1027,Production,Afternoon,2026-07-13,2026-07-13 14:06:07,No,2026-07-13 22:42:23,No,8.6,1,7.0,1,82.14,0,3,0
E1027,Production,Afternoon,2026-07-14,2026-07-14 13:40:01,No,2026-07-14 22:14:41,No,8.58,1,7.0,1,82.14,0,3,0
E1027,Production,Afternoon,2026-07-15,2026-07-15 14:01:08,No,2026-07-15 22:08:49,No,8.13,1,7.0,1,82.14,0,3,0
E1027,Production,Afternoon,2026-07-16,2026-07-16 14:02:55,No,2026-07-16 22:19:32,No,8.28,1,7.0,1,82.14,0,3,0
E1027,Production,Afternoon,2026-07-17,2026-07-17 13:45:13,No,2026-07-17 22:21:23,No,8.6,1,7.0,1,82.14,0,3,0
E1027,Production,Afternoon,2026-07-18,2026-07-18 13:45:29,No,2026-07-18 22:08:13,No,8.38,1,7.0,1,82.14,0,3,0
E1027,Production,Afternoon,2026-07-20,2026-07-20 13:59:22,No,2026-07-20 22:10:56,No,8.19,1,7.0,1,82.14,0,3,0
E1027,Production,Afternoon,2026-07-21,2026-07-21 14:17:43,Yes,2026-07-21 22:15:21,No,7.96,1,7.0,1,82.14,0,3,0
E1027,Production,Afternoon,2026-07-22,2026-07-22 14:11:24,Yes,2026-07-22 22:10:18,No,7.98,1,7.0,1,82.14,0,3,0
E1028,Production,Morning,2026-05-01,2026-05-01 06:16:15,Yes,2026-05-01 14:16:10,No,8.0,1,1.0,1,78.57,1,3,2
E1028,Production,Morning,2026-05-02,2026-05-02 05:49:17,No,2026-05-02 14:22:14,No,8.55,1,2.0,1,78.57,1,3,2
E1028,Production,Morning,2026-05-04,2026-05-04 05:58:55,No,2026-05-04 14:05:51,No,8.12,1,3.0,1,78.57,1,3,2
E1028,Production,Morning,2026-05-05,2026-05-05 05:56:42,No,2026-05-05 13:51:46,No,7.92,1,4.0,1,78.57,1,3,2
E1028,Production,Morning,2026-05-06,2026-05-06 05:36:47,No,2026-05-06 14:27:14,No,8.84,1,5.0,1,78.57,1,3,2
E1028,Production,Morning,2026-05-07,2026-05-07 05:42:22,No,2026-05-07 14:02:56,No,8.34,1,6.0,1,78.57,1,3,2
E1028,Production,Morning,2026-05-08,2026-05-08 05:54:56,No,2026-05-08 13:51:35,No,7.94,1,7.0,1,78.57,1,3,2
E1028,Production,Morning,2026-05-09,2026-05-09 05:51:20,No,2026-05-09 14:10:39,No,8.32,1,7.0,1,78.57,1,3,2
E1028,Production,Morning,2026-05-11,2026-05-11 05:44:12,No,2026-05-11 14:28:24,No,8.74,1,7.0,1,78.57,1,3,2
E1028,Production,Morning,2026-05-12,2026-05-12 05:55:02,No,2026-05-12 14:08:13,No,8.22,1,7.0,1,78.57,1,3,2
E1028,Production,Morning,2026-05-13,2026-05-13 05:57:29,No,2026-05-13 14:07:01,No,8.16,1,7.0,1,78.57,1,3,2
E1028,Production,Morning,2026-05-14,2026-05-14 05:58:30,No,2026-05-14 14:11:56,No,8.22,1,7.0,1,78.57,1,3,2
E1028,Production,Morning,2026-05-15,2026-05-15 05:52:13,No,2026-05-15 14:42:33,No,8.84,1,7.0,1,78.57,1,3,2
E1028,Production,Morning,2026-05-16,2026-05-16 06:02:58,No,2026-05-16 14:00:38,No,7.96,1,7.0,1,78.57,1,3,2
E1028,Production,Morning,2026-05-18,2026-05-18 06:17:24,Yes,2026-05-18 14:05:51,No,7.81,1,7.0,1,78.57,1,3,2
E1028,Production,Morning,2026-05-19,2026-05-19 06:00:20,No,2026-05-19 14:20:00,No,8.33,1,7.0,1,78.57,1,3,2
E1028,Production,Morning,2026-05-20,2026-05-20 06:02:08,No,2026-05-20 14:37:37,No,8.59,1,7.0,1,78.57,1,3,2
E1028,Production,Morning,2026-05-23,2026-05-23 05:32:21,No,2026-05-23 13:47:00,No,8.24,1,7.0,1,78.57,1,3,2
E1028,Production,Morning,2026-05-25,2026-05-25 05:43:34,No,2026-05-25 14:25:07,No,8.69,1,7.0,1,78.57,1,3,2
E1028,Production,Morning,2026-05-26,2026-05-26 05:59:53,No,2026-05-26 13:50:24,No,7.84,1,7.0,1,78.57,1,3,2
E1028,Production,Morning,2026-05-27,2026-05-27 05:58:51,No,2026-05-27 13:58:20,No,7.99,1,7.0,1,78.57,1,3,2
E1028,Production,Morning,2026-05-28,2026-05-28 06:05:26,No,2026-05-28 14:28:40,No,8.39,1,7.0,1,78.57,1,3,2
E1028,Production,Morning,2026-05-29,2026-05-29 05:52:26,No,2026-05-29 14:21:57,No,8.49,1,7.0,1,78.57,1,3,2
E1028,Production,Morning,2026-05-30,2026-05-30 05:39:31,No,2026-05-30 14:13:14,No,8.56,1,7.0,1,78.57,1,3,2
E1028,Production,Morning,2026-06-01,2026-06-01 05:58:25,No,2026-06-01 14:19:06,No,8.34,1,7.0,1,78.57,1,3,2
E1028,Production,Morning,2026-06-02,2026-06-02 06:19:20,Yes,2026-06-02 13:36:21,Yes,7.28,1,7.0,1,78.57,1,3,2
E1028,Production,Morning,2026-06-03,2026-06-03 06:02:42,No,2026-06-03 13:46:28,No,7.73,1,7.0,1,78.57,1,3,2
E1028,Production,Morning,2026-06-04,2026-06-04 05:54:08,No,2026-06-04 14:07:29,No,8.22,1,7.0,1,78.57,1,3,2
E1028,Production,Morning,2026-06-05,2026-06-05 05:58:01,No,2026-06-05 14:01:09,No,8.05,1,7.0,1,78.57,1,3,2
E1028,Production,Morning,2026-06-06,2026-06-06 06:07:49,No,2026-06-06 14:32:46,No,8.42,1,7.0,1,78.57,1,3,2
E1028,Production,Morning,2026-06-08,2026-06-08 06:14:29,Yes,2026-06-08 14:27:04,No,8.21,1,7.0,1,78.57,1,3,2
E1028,Production,Morning,2026-06-09,2026-06-09 05:44:10,No,2026-06-09 14:57:59,No,9.23,1,7.0,1,78.57,1,3,2
E1028,Production,Morning,2026-06-10,2026-06-10 05:46:42,No,2026-06-10 14:29:13,No,8.71,1,7.0,1,78.57,1,3,2
E1028,Production,Morning,2026-06-11,2026-06-11 05:50:09,No,2026-06-11 14:23:50,No,8.56,1,7.0,1,78.57,1,3,2
E1028,Production,Morning,2026-06-12,2026-06-12 05:43:10,No,2026-06-12 14:06:51,No,8.39,1,7.0,1,78.57,1,3,2
E1028,Production,Morning,2026-06-13,2026-06-13 05:43:51,No,2026-06-13 14:12:36,No,8.48,1,7.0,1,78.57,1,3,2
E1028,Production,Morning,2026-06-15,2026-06-15 06:08:48,No,2026-06-15 14:27:07,No,8.31,1,7.0,1,78.57,1,3,2
E1028,Production,Morning,2026-06-16,2026-06-16 05:57:23,No,2026-06-16 13:54:26,No,7.95,1,7.0,1,78.57,1,3,2
E1028,Production,Morning,2026-06-17,2026-06-17 05:38:07,No,2026-06-17 14:40:27,No,9.04,1,7.0,1,78.57,1,3,2
E1028,Production,Morning,2026-06-18,2026-06-18 05:59:18,No,2026-06-18 13:51:49,No,7.88,1,7.0,1,78.57,1,3,2
E1028,Production,Morning,2026-06-19,2026-06-19 05:50:44,No,2026-06-19 14:03:17,No,8.21,1,7.0,1,78.57,1,3,2
E1028,Production,Morning,2026-06-20,2026-06-20 05:59:52,No,2026-06-20 14:08:01,No,8.14,1,7.0,1,78.57,1,3,2
E1028,Production,Morning,2026-06-22,2026-06-22 06:14:29,Yes,2026-06-22 13:44:12,Yes,7.5,1,7.0,1,78.57,1,3,2
E1028,Production,Morning,2026-06-23,2026-06-23 05:38:24,No,2026-06-23 14:19:15,No,8.68,1,7.0,1,78.57,1,3,2
E1028,Production,Morning,2026-06-24,2026-06-24 05:28:41,No,2026-06-24 14:27:50,No,8.99,1,7.0,1,78.57,1,3,2
E1028,Production,Morning,2026-06-27,2026-06-27 05:54:28,No,2026-06-27 13:57:42,No,8.05,1,7.0,1,78.57,1,3,2
E1028,Production,Morning,2026-06-29,2026-06-29 05:39:44,No,2026-06-29 13:54:00,No,8.24,1,7.0,1,78.57,1,3,2
E1028,Production,Morning,2026-06-30,2026-06-30 05:45:58,No,2026-06-30 14:24:24,No,8.64,1,7.0,1,78.57,1,3,2
E1028,Production,Morning,2026-07-01,2026-07-01 05:56:07,No,2026-07-01 14:12:41,No,8.28,1,7.0,1,78.57,1,3,2
E1028,Production,Morning,2026-07-03,2026-07-03 05:49:49,No,2026-07-03 14:17:16,No,8.46,1,7.0,1,78.57,1,3,2
E1028,Production,Morning,2026-07-04,2026-07-04 05:35:34,No,2026-07-04 14:24:22,No,8.81,1,7.0,1,78.57,1,3,2
E1028,Production,Morning,2026-07-06,2026-07-06 05:47:42,No,2026-07-06 13:56:56,No,8.15,1,7.0,1,78.57,1,3,2
E1028,Production,Morning,2026-07-07,2026-07-07 06:04:13,No,2026-07-07 13:49:47,No,7.76,1,7.0,1,78.57,1,3,2
E1028,Production,Morning,2026-07-08,2026-07-08 05:47:22,No,2026-07-08 13:55:58,No,8.14,1,7.0,1,78.57,1,3,2
E1028,Production,Morning,2026-07-09,2026-07-09 06:13:40,Yes,2026-07-09 14:08:46,No,7.92,1,7.0,1,78.57,1,3,2
E1028,Production,Morning,2026-07-10,2026-07-10 05:48:28,No,2026-07-10 14:39:42,No,8.85,1,7.0,1,78.57,1,3,2
E1028,Production,Morning,2026-07-11,2026-07-11 05:52:03,No,2026-07-11 14:42:33,No,8.84,1,7.0,1,78.57,1,3,2
E1028,Production,Morning,2026-07-13,2026-07-13 05:43:10,No,2026-07-13 13:53:35,No,8.17,1,7.0,1,78.57,1,3,2
E1028,Production,Morning,2026-07-14,2026-07-14 05:47:14,No,2026-07-14 14:24:19,No,8.62,1,7.0,1,78.57,1,3,2
E1028,Production,Morning,2026-07-15,2026-07-15 06:04:55,No,2026-07-15 13:50:39,No,7.76,1,7.0,1,78.57,1,3,2
E1028,Production,Morning,2026-07-16,2026-07-16 05:39:25,No,2026-07-16 14:16:41,No,8.62,1,7.0,1,78.57,1,3,2
E1028,Production,Morning,2026-07-17,2026-07-17 05:56:04,No,2026-07-17 14:28:18,No,8.54,1,7.0,1,78.57,1,3,2
E1028,Production,Morning,2026-07-18,2026-07-18 06:05:58,No,2026-07-18 13:59:07,No,7.89,1,7.0,1,78.57,1,3,2
E1028,Production,Morning,2026-07-20,2026-07-20 06:12:33,Yes,2026-07-20 13:39:02,Yes,7.44,1,7.0,1,78.57,1,3,2
E1028,Production,Morning,2026-07-21,2026-07-21 05:53:30,No,2026-07-21 14:04:33,No,8.18,1,7.0,1,78.57,1,3,2
E1028,Production,Morning,2026-07-22,2026-07-22 06:00:17,No,2026-07-22 13:55:27,No,7.92,1,7.0,1,78.57,1,3,2
E1029,Quality Control,Afternoon,2026-05-01,2026-05-01 13:46:04,No,2026-05-01 22:06:21,No,8.34,1,1.0,2,79.76,1,4,0
E1029,Quality Control,Afternoon,2026-05-02,2026-05-02 13:57:14,No,2026-05-02 22:17:53,No,8.34,1,2.0,2,79.76,1,4,0
E1029,Quality Control,Afternoon,2026-05-04,2026-05-04 13:58:38,No,2026-05-04 22:19:22,No,8.35,1,3.0,2,79.76,1,4,0
E1029,Quality Control,Afternoon,2026-05-05,2026-05-05 13:53:00,No,2026-05-05 22:01:13,No,8.14,1,4.0,2,79.76,1,4,0
E1029,Quality Control,Afternoon,2026-05-06,2026-05-06 13:45:22,No,2026-05-06 22:28:26,No,8.72,1,5.0,2,79.76,1,4,0
E1029,Quality Control,Afternoon,2026-05-07,2026-05-07 13:30:17,No,2026-05-07 22:03:48,No,8.56,1,6.0,2,79.76,1,4,0
E1029,Quality Control,Afternoon,2026-05-08,2026-05-08 14:00:57,No,2026-05-08 22:04:08,No,8.05,1,7.0,2,79.76,1,4,0
E1029,Quality Control,Afternoon,2026-05-09,2026-05-09 14:01:05,No,2026-05-09 22:24:34,No,8.39,1,7.0,2,79.76,1,4,0
E1029,Quality Control,Afternoon,2026-05-11,2026-05-11 14:02:34,No,2026-05-11 22:21:56,No,8.32,1,7.0,2,79.76,1,4,0
E1029,Quality Control,Afternoon,2026-05-12,2026-05-12 14:16:59,Yes,2026-05-12 22:06:41,No,7.83,1,7.0,2,79.76,1,4,0
E1029,Quality Control,Afternoon,2026-05-13,2026-05-13 14:03:47,No,2026-05-13 21:54:09,No,7.84,1,7.0,2,79.76,1,4,0
E1029,Quality Control,Afternoon,2026-05-14,2026-05-14 14:20:28,Yes,2026-05-14 22:19:55,No,7.99,1,7.0,2,79.76,1,4,0
E1029,Quality Control,Afternoon,2026-05-15,2026-05-15 13:52:02,No,2026-05-15 21:58:30,No,8.11,1,7.0,2,79.76,1,4,0
E1029,Quality Control,Afternoon,2026-05-16,2026-05-16 13:28:31,No,2026-05-16 22:40:15,No,9.2,1,7.0,2,79.76,1,4,0
E1029,Quality Control,Afternoon,2026-05-18,2026-05-18 14:00:13,No,2026-05-18 21:59:10,No,7.98,1,7.0,2,79.76,1,4,0
E1029,Quality Control,Afternoon,2026-05-19,2026-05-19 14:01:12,No,2026-05-19 22:14:23,No,8.22,1,7.0,2,79.76,1,4,0
E1029,Quality Control,Afternoon,2026-05-20,2026-05-20 14:09:28,No,2026-05-20 22:04:58,No,7.92,1,7.0,2,79.76,1,4,0
E1029,Quality Control,Afternoon,2026-05-21,2026-05-21 13:54:34,No,2026-05-21 21:50:10,No,7.93,1,7.0,2,79.76,1,4,0
E1029,Quality Control,Afternoon,2026-05-22,2026-05-22 13:58:13,No,2026-05-22 22:47:20,No,8.82,1,7.0,2,79.76,1,4,0
E1029,Quality Control,Afternoon,2026-05-23,2026-05-23 14:09:23,No,2026-05-23 22:06:30,No,7.95,1,7.0,2,79.76,1,4,0
E1029,Quality Control,Afternoon,2026-05-25,2026-05-25 13:33:36,No,2026-05-25 22:23:46,No,8.84,1,7.0,2,79.76,1,4,0
E1029,Quality Control,Afternoon,2026-05-26,2026-05-26 13:53:38,No,2026-05-26 22:21:21,No,8.46,1,7.0,2,79.76,1,4,0
E1029,Quality Control,Afternoon,2026-05-27,2026-05-27 13:48:03,No,2026-05-27 22:06:23,No,8.31,1,7.0,2,79.76,1,4,0
E1029,Quality Control,Afternoon,2026-05-28,2026-05-28 14:17:14,Yes,2026-05-28 22:02:34,No,7.76,1,7.0,2,79.76,1,4,0
E1029,Quality Control,Afternoon,2026-05-29,2026-05-29 13:48:12,No,2026-05-29 21:48:54,No,8.01,1,7.0,2,79.76,1,4,0
E1029,Quality Control,Afternoon,2026-05-30,2026-05-30 13:47:08,No,2026-05-30 22:09:19,No,8.37,1,7.0,2,79.76,1,4,0
E1029,Quality Control,Afternoon,2026-06-02,2026-06-02 14:10:18,Yes,2026-06-02 22:05:51,No,7.93,1,7.0,2,79.76,1,4,0
E1029,Quality Control,Afternoon,2026-06-03,2026-06-03 13:47:59,No,2026-06-03 22:44:01,No,8.93,1,7.0,2,79.76,1,4,0
E1029,Quality Control,Afternoon,2026-06-04,2026-06-04 14:22:59,Yes,2026-06-04 22:11:00,No,7.8,1,7.0,2,79.76,1,4,0
E1029,Quality Control,Afternoon,2026-06-05,2026-06-05 13:58:40,No,2026-06-05 22:14:36,No,8.27,1,7.0,2,79.76,1,4,0
E1029,Quality Control,Afternoon,2026-06-06,2026-06-06 14:02:40,No,2026-06-06 22:23:34,No,8.35,1,7.0,2,79.76,1,4,0
E1029,Quality Control,Afternoon,2026-06-09,2026-06-09 14:02:57,No,2026-06-09 22:29:36,No,8.44,1,7.0,2,79.76,1,4,0
E1029,Quality Control,Afternoon,2026-06-10,2026-06-10 14:13:25,Yes,2026-06-10 22:43:47,No,8.51,1,7.0,2,79.76,1,4,0
E1029,Quality Control,Afternoon,2026-06-11,2026-06-11 13:49:59,No,2026-06-11 22:34:14,No,8.74,1,7.0,2,79.76,1,4,0
E1029,Quality Control,Afternoon,2026-06-12,2026-06-12 13:33:09,No,2026-06-12 22:22:10,No,8.82,1,7.0,2,79.76,1,4,0
E1029,Quality Control,Afternoon,2026-06-13,2026-06-13 13:43:44,No,2026-06-13 22:08:08,No,8.41,1,7.0,2,79.76,1,4,0
E1029,Quality Control,Afternoon,2026-06-15,2026-06-15 13:34:33,No,2026-06-15 22:20:10,No,8.76,1,7.0,2,79.76,1,4,0
E1029,Quality Control,Afternoon,2026-06-16,2026-06-16 13:57:41,No,2026-06-16 22:07:05,No,8.16,1,7.0,2,79.76,1,4,0
E1029,Quality Control,Afternoon,2026-06-17,2026-06-17 13:59:33,No,2026-06-17 22:12:46,No,8.22,1,7.0,2,79.76,1,4,0
E1029,Quality Control,Afternoon,2026-06-18,2026-06-18 13:37:30,No,2026-06-18 21:49:33,No,8.2,1,7.0,2,79.76,1,4,0
E1029,Quality Control,Afternoon,2026-06-19,2026-06-19 14:19:34,Yes,2026-06-19 22:41:31,No,8.37,1,7.0,2,79.76,1,4,0
E1029,Quality Control,Afternoon,2026-06-20,2026-06-20 13:55:17,No,2026-06-20 22:16:28,No,8.35,1,7.0,2,79.76,1,4,0
E1029,Quality Control,Afternoon,2026-06-22,2026-06-22 14:15:28,Yes,2026-06-22 22:25:18,No,8.16,1,7.0,2,79.76,1,4,0
E1029,Quality Control,Afternoon,2026-06-23,2026-06-23 13:46:23,No,2026-06-23 22:04:58,No,8.31,1,7.0,2,79.76,1,4,0
E1029,Quality Control,Afternoon,2026-06-25,2026-06-25 13:54:07,No,2026-06-25 22:24:08,No,8.5,1,7.0,2,79.76,1,4,0
E1029,Quality Control,Afternoon,2026-06-26,2026-06-26 13:57:35,No,2026-06-26 21:59:22,No,8.03,1,7.0,2,79.76,1,4,0
E1029,Quality Control,Afternoon,2026-06-27,2026-06-27 13:53:08,No,2026-06-27 22:52:06,No,8.98,1,7.0,2,79.76,1,4,0
E1029,Quality Control,Afternoon,2026-06-29,2026-06-29 13:24:46,No,2026-06-29 21:54:36,No,8.5,1,7.0,2,79.76,1,4,0
E1029,Quality Control,Afternoon,2026-06-30,2026-06-30 13:58:10,No,2026-06-30 21:52:37,No,7.91,1,7.0,2,79.76,1,4,0
E1029,Quality Control,Afternoon,2026-07-01,2026-07-01 13:58:28,No,2026-07-01 21:58:32,No,8.0,1,7.0,2,79.76,1,4,0
E1029,Quality Control,Afternoon,2026-07-02,2026-07-02 13:57:18,No,2026-07-02 22:30:14,No,8.55,1,7.0,2,79.76,1,4,0
E1029,Quality Control,Afternoon,2026-07-03,2026-07-03 14:11:49,Yes,2026-07-03 21:38:34,Yes,7.45,1,7.0,2,79.76,1,4,0
E1029,Quality Control,Afternoon,2026-07-04,2026-07-04 14:05:06,No,2026-07-04 22:28:06,No,8.38,1,7.0,2,79.76,1,4,0
E1029,Quality Control,Afternoon,2026-07-06,2026-07-06 14:13:35,Yes,2026-07-06 21:47:59,No,7.57,1,7.0,2,79.76,1,4,0
E1029,Quality Control,Afternoon,2026-07-07,2026-07-07 13:41:42,No,2026-07-07 21:53:37,No,8.2,1,7.0,2,79.76,1,4,0
E1029,Quality Control,Afternoon,2026-07-08,2026-07-08 13:43:07,No,2026-07-08 22:20:43,No,8.63,1,7.0,2,79.76,1,4,0
E1029,Quality Control,Afternoon,2026-07-09,2026-07-09 14:15:47,Yes,2026-07-09 21:57:36,No,7.7,1,7.0,2,79.76,1,4,0
E1029,Quality Control,Afternoon,2026-07-10,2026-07-10 14:15:25,Yes,2026-07-10 22:08:16,No,7.88,1,7.0,2,79.76,1,4,0
E1029,Quality Control,Afternoon,2026-07-11,2026-07-11 14:12:18,Yes,2026-07-11 22:37:25,No,8.42,1,7.0,2,79.76,1,4,0
E1029,Quality Control,Afternoon,2026-07-13,2026-07-13 14:08:38,No,2026-07-13 22:18:59,No,8.17,1,7.0,2,79.76,1,4,0
E1029,Quality Control,Afternoon,2026-07-14,2026-07-14 14:02:34,No,2026-07-14 21:57:11,No,7.91,1,7.0,2,79.76,1,4,0
E1029,Quality Control,Afternoon,2026-07-15,2026-07-15 13:51:48,No,2026-07-15 22:13:40,No,8.36,1,7.0,2,79.76,1,4,0
E1029,Quality Control,Afternoon,2026-07-16,2026-07-16 14:11:58,Yes,2026-07-16 21:50:59,No,7.65,1,7.0,2,79.76,1,4,0
E1029,Quality Control,Afternoon,2026-07-17,2026-07-17 14:14:54,Yes,2026-07-17 21:58:40,No,7.73,1,7.0,2,79.76,1,4,0
E1029,Quality Control,Afternoon,2026-07-18,2026-07-18 14:10:30,Yes,2026-07-18 22:15:46,No,8.09,1,7.0,2,79.76,1,4,0
E1029,Quality Control,Afternoon,2026-07-20,2026-07-20 14:01:26,No,2026-07-20 22:04:09,No,8.05,1,7.0,2,79.76,1,4,0
E1029,Quality Control,Afternoon,2026-07-21,2026-07-21 13:59:32,No,2026-07-21 21:29:32,Yes,7.5,1,7.0,2,79.76,1,4,0
E1030,Admin/HR,General,2026-05-01,2026-05-01 09:21:11,No,2026-05-01 18:42:57,No,9.36,1,1.0,1,79.76,1,0,1
E1030,Admin/HR,General,2026-05-02,2026-05-02 09:28:07,No,2026-05-02 18:27:01,No,8.98,1,2.0,1,79.76,1,0,1
E1030,Admin/HR,General,2026-05-04,2026-05-04 09:33:11,No,2026-05-04 18:45:00,No,9.2,1,3.0,1,79.76,1,0,1
E1030,Admin/HR,General,2026-05-05,2026-05-05 09:37:18,No,2026-05-05 18:38:34,No,9.02,1,4.0,1,79.76,1,0,1
E1030,Admin/HR,General,2026-05-07,2026-05-07 08:50:00,No,2026-05-07 18:43:12,No,9.89,1,5.0,1,79.76,1,0,1
E1030,Admin/HR,General,2026-05-08,2026-05-08 09:33:59,No,2026-05-08 18:37:25,No,9.06,1,6.0,1,79.76,1,0,1
E1030,Admin/HR,General,2026-05-09,2026-05-09 09:15:22,No,2026-05-09 18:41:53,No,9.44,1,7.0,1,79.76,1,0,1
E1030,Admin/HR,General,2026-05-11,2026-05-11 09:22:22,No,,,,0,7.0,1,79.76,1,0,1
E1030,Admin/HR,General,2026-05-12,2026-05-12 09:32:13,No,2026-05-12 18:22:22,No,8.84,1,7.0,1,79.76,1,0,1
E1030,Admin/HR,General,2026-05-13,2026-05-13 09:17:55,No,2026-05-13 18:58:23,No,9.67,1,7.0,1,79.76,1,0,1
E1030,Admin/HR,General,2026-05-14,2026-05-14 09:24:38,No,2026-05-14 18:28:54,No,9.07,1,7.0,1,79.76,1,0,1
E1030,Admin/HR,General,2026-05-15,2026-05-15 09:26:22,No,2026-05-15 18:19:26,No,8.88,1,7.0,1,79.76,1,0,1
E1030,Admin/HR,General,2026-05-16,2026-05-16 10:03:35,Yes,2026-05-16 18:26:29,No,8.38,1,7.0,1,79.76,1,0,1
E1030,Admin/HR,General,2026-05-18,2026-05-18 09:05:35,No,2026-05-18 19:00:21,No,9.91,1,7.0,1,79.76,1,0,1
E1030,Admin/HR,General,2026-05-19,2026-05-19 09:40:23,Yes,2026-05-19 18:37:51,No,8.96,1,7.0,1,79.76,1,0,1
E1030,Admin/HR,General,2026-05-20,2026-05-20 09:08:58,No,2026-05-20 18:39:33,No,9.51,1,7.0,1,79.76,1,0,1
E1030,Admin/HR,General,2026-05-21,2026-05-21 09:49:58,Yes,2026-05-21 18:44:40,No,8.91,1,7.0,1,79.76,1,0,1
E1030,Admin/HR,General,2026-05-22,2026-05-22 09:14:10,No,2026-05-22 18:38:21,No,9.4,1,7.0,1,79.76,1,0,1
E1030,Admin/HR,General,2026-05-23,2026-05-23 09:11:10,No,2026-05-23 18:22:43,No,9.19,1,7.0,1,79.76,1,0,1
E1030,Admin/HR,General,2026-05-25,2026-05-25 09:05:24,No,2026-05-25 18:17:03,No,9.19,1,7.0,1,79.76,1,0,1
E1030,Admin/HR,General,2026-05-26,2026-05-26 09:18:08,No,2026-05-26 18:10:37,Yes,8.87,1,7.0,1,79.76,1,0,1
E1030,Admin/HR,General,2026-05-27,2026-05-27 09:26:01,No,2026-05-27 18:29:35,No,9.06,1,7.0,1,79.76,1,0,1
E1030,Admin/HR,General,2026-05-28,2026-05-28 09:41:49,Yes,2026-05-28 18:50:09,No,9.14,1,7.0,1,79.76,1,0,1
E1030,Admin/HR,General,2026-05-29,2026-05-29 08:59:37,No,2026-05-29 18:46:45,No,9.79,1,7.0,1,79.76,1,0,1
E1030,Admin/HR,General,2026-05-30,2026-05-30 09:25:59,No,2026-05-30 18:49:41,No,9.4,1,7.0,1,79.76,1,0,1
E1030,Admin/HR,General,2026-06-01,2026-06-01 09:33:21,No,2026-06-01 18:29:24,No,8.93,1,7.0,1,79.76,1,0,1
E1030,Admin/HR,General,2026-06-02,2026-06-02 09:22:46,No,2026-06-02 18:26:28,No,9.06,1,7.0,1,79.76,1,0,1
E1030,Admin/HR,General,2026-06-03,2026-06-03 09:31:51,No,2026-06-03 18:35:56,No,9.07,1,7.0,1,79.76,1,0,1
E1030,Admin/HR,General,2026-06-04,2026-06-04 09:27:59,No,2026-06-04 18:34:22,No,9.11,1,7.0,1,79.76,1,0,1
E1030,Admin/HR,General,2026-06-05,2026-06-05 09:14:59,No,2026-06-05 19:00:58,No,9.77,1,7.0,1,79.76,1,0,1
E1030,Admin/HR,General,2026-06-06,2026-06-06 09:44:18,Yes,2026-06-06 18:52:09,No,9.13,1,7.0,1,79.76,1,0,1
E1030,Admin/HR,General,2026-06-08,2026-06-08 09:40:09,Yes,2026-06-08 18:08:34,Yes,8.47,1,7.0,1,79.76,1,0,1
E1030,Admin/HR,General,2026-06-09,2026-06-09 08:56:46,No,2026-06-09 18:38:45,No,9.7,1,7.0,1,79.76,1,0,1
E1030,Admin/HR,General,2026-06-10,2026-06-10 09:06:23,No,2026-06-10 18:36:37,No,9.5,1,7.0,1,79.76,1,0,1
E1030,Admin/HR,General,2026-06-11,2026-06-11 09:20:26,No,2026-06-11 18:41:59,No,9.36,1,7.0,1,79.76,1,0,1
E1030,Admin/HR,General,2026-06-13,2026-06-13 09:20:06,No,2026-06-13 18:16:31,No,8.94,1,7.0,1,79.76,1,0,1
E1030,Admin/HR,General,2026-06-15,2026-06-15 09:35:51,No,2026-06-15 18:12:30,Yes,8.61,1,7.0,1,79.76,1,0,1
E1030,Admin/HR,General,2026-06-16,2026-06-16 09:19:30,No,2026-06-16 19:01:18,No,9.7,1,7.0,1,79.76,1,0,1
E1030,Admin/HR,General,2026-06-17,2026-06-17 09:17:35,No,2026-06-17 18:19:36,No,9.03,1,7.0,1,79.76,1,0,1
E1030,Admin/HR,General,2026-06-18,2026-06-18 09:21:44,No,2026-06-18 18:55:12,No,9.56,1,7.0,1,79.76,1,0,1
E1030,Admin/HR,General,2026-06-19,2026-06-19 09:27:51,No,2026-06-19 18:14:26,Yes,8.78,1,7.0,1,79.76,1,0,1
E1030,Admin/HR,General,2026-06-20,2026-06-20 09:36:05,No,2026-06-20 19:15:47,No,9.66,1,7.0,1,79.76,1,0,1
E1030,Admin/HR,General,2026-06-22,2026-06-22 09:09:43,No,2026-06-22 18:35:15,No,9.43,1,7.0,1,79.76,1,0,1
E1030,Admin/HR,General,2026-06-23,2026-06-23 09:39:31,No,2026-06-23 18:47:36,No,9.13,1,7.0,1,79.76,1,0,1
E1030,Admin/HR,General,2026-06-24,2026-06-24 09:46:07,Yes,2026-06-24 18:53:55,No,9.13,1,7.0,1,79.76,1,0,1
E1030,Admin/HR,General,2026-06-25,2026-06-25 09:21:26,No,2026-06-25 18:41:51,No,9.34,1,7.0,1,79.76,1,0,1
E1030,Admin/HR,General,2026-06-26,2026-06-26 09:28:25,No,2026-06-26 18:40:53,No,9.21,1,7.0,1,79.76,1,0,1
E1030,Admin/HR,General,2026-06-27,2026-06-27 09:07:04,No,2026-06-27 18:31:57,No,9.41,1,7.0,1,79.76,1,0,1
E1030,Admin/HR,General,2026-06-29,2026-06-29 09:27:17,No,2026-06-29 18:29:16,No,9.03,1,7.0,1,79.76,1,0,1
E1030,Admin/HR,General,2026-06-30,2026-06-30 09:17:50,No,2026-06-30 18:42:09,No,9.41,1,7.0,1,79.76,1,0,1
E1030,Admin/HR,General,2026-07-01,2026-07-01 09:39:48,No,2026-07-01 18:35:13,No,8.92,1,7.0,1,79.76,1,0,1
E1030,Admin/HR,General,2026-07-02,2026-07-02 09:23:14,No,2026-07-02 18:58:02,No,9.58,1,7.0,1,79.76,1,0,1
E1030,Admin/HR,General,2026-07-03,2026-07-03 09:32:48,No,2026-07-03 18:29:22,No,8.94,1,7.0,1,79.76,1,0,1
E1030,Admin/HR,General,2026-07-04,2026-07-04 09:20:40,No,2026-07-04 18:45:20,No,9.41,1,7.0,1,79.76,1,0,1
E1030,Admin/HR,General,2026-07-06,2026-07-06 09:36:30,No,2026-07-06 18:36:45,No,9.0,1,7.0,1,79.76,1,0,1
E1030,Admin/HR,General,2026-07-07,2026-07-07 09:19:25,No,2026-07-07 18:23:18,No,9.06,1,7.0,1,79.76,1,0,1
E1030,Admin/HR,General,2026-07-08,2026-07-08 09:22:38,No,,,,0,7.0,1,79.76,1,0,1
E1030,Admin/HR,General,2026-07-09,2026-07-09 09:18:22,No,2026-07-09 18:34:03,No,9.26,1,7.0,1,79.76,1,0,1
E1030,Admin/HR,General,2026-07-10,2026-07-10 09:10:32,No,2026-07-10 18:36:24,No,9.43,1,7.0,1,79.76,1,0,1
E1030,Admin/HR,General,2026-07-11,2026-07-11 09:18:03,No,2026-07-11 18:46:23,No,9.47,1,7.0,1,79.76,1,0,1
E1030,Admin/HR,General,2026-07-13,2026-07-13 09:33:34,No,2026-07-13 18:51:29,No,9.3,1,7.0,1,79.76,1,0,1
E1030,Admin/HR,General,2026-07-15,2026-07-15 09:15:56,No,2026-07-15 18:53:07,No,9.62,1,7.0,1,79.76,1,0,1
E1030,Admin/HR,General,2026-07-16,2026-07-16 09:26:31,No,2026-07-16 18:19:06,No,8.88,1,7.0,1,79.76,1,0,1
E1030,Admin/HR,General,2026-07-17,2026-07-17 09:46:17,Yes,2026-07-17 18:45:31,No,8.99,1,7.0,1,79.76,1,0,1
E1030,Admin/HR,General,2026-07-20,2026-07-20 09:32:48,No,2026-07-20 18:38:35,No,9.1,1,7.0,1,79.76,1,0,1
E1030,Admin/HR,General,2026-07-21,2026-07-21 09:39:42,No,2026-07-21 18:44:44,No,9.08,1,7.0,1,79.76,1,0,1
E1030,Admin/HR,General,2026-07-22,2026-07-22 09:21:25,No,2026-07-22 18:28:16,No,9.11,1,7.0,1,79.76,1,0,1
E1031,Maintenance,Afternoon,2026-05-01,2026-05-01 13:56:32,No,2026-05-01 22:08:58,No,8.21,1,1.0,1,79.76,1,1,0
E1031,Maintenance,Afternoon,2026-05-02,2026-05-02 13:56:42,No,2026-05-02 22:01:20,No,8.08,1,2.0,1,79.76,1,1,0
E1031,Maintenance,Afternoon,2026-05-05,2026-05-05 13:48:46,No,2026-05-05 21:41:40,Yes,7.88,1,3.0,1,79.76,1,1,0
E1031,Maintenance,Afternoon,2026-05-06,2026-05-06 13:51:58,No,2026-05-06 22:08:50,No,8.28,1,4.0,1,79.76,1,1,0
E1031,Maintenance,Afternoon,2026-05-07,2026-05-07 14:11:51,Yes,2026-05-07 22:16:41,No,8.08,1,5.0,1,79.76,1,1,0
E1031,Maintenance,Afternoon,2026-05-08,2026-05-08 14:26:51,Yes,2026-05-08 21:58:38,No,7.53,1,6.0,1,79.76,1,1,0
E1031,Maintenance,Afternoon,2026-05-09,2026-05-09 13:41:18,No,2026-05-09 22:46:50,No,9.09,1,7.0,1,79.76,1,1,0
E1031,Maintenance,Afternoon,2026-05-11,2026-05-11 13:50:23,No,2026-05-11 21:55:50,No,8.09,1,7.0,1,79.76,1,1,0
E1031,Maintenance,Afternoon,2026-05-12,2026-05-12 13:42:14,No,2026-05-12 21:48:57,No,8.11,1,7.0,1,79.76,1,1,0
E1031,Maintenance,Afternoon,2026-05-14,2026-05-14 13:55:38,No,2026-05-14 22:07:40,No,8.2,1,7.0,1,79.76,1,1,0
E1031,Maintenance,Afternoon,2026-05-15,2026-05-15 13:25:28,No,2026-05-15 22:09:59,No,8.74,1,7.0,1,79.76,1,1,0
E1031,Maintenance,Afternoon,2026-05-16,2026-05-16 14:05:45,No,2026-05-16 21:17:58,Yes,7.2,1,7.0,1,79.76,1,1,0
E1031,Maintenance,Afternoon,2026-05-18,2026-05-18 13:38:45,No,2026-05-18 22:11:48,No,8.55,1,7.0,1,79.76,1,1,0
E1031,Maintenance,Afternoon,2026-05-19,2026-05-19 13:20:00,No,2026-05-19 22:20:47,No,9.01,1,7.0,1,79.76,1,1,0
E1031,Maintenance,Afternoon,2026-05-20,2026-05-20 13:51:24,No,2026-05-20 22:05:36,No,8.24,1,7.0,1,79.76,1,1,0
E1031,Maintenance,Afternoon,2026-05-21,2026-05-21 14:14:29,Yes,2026-05-21 22:27:40,No,8.22,1,7.0,1,79.76,1,1,0
E1031,Maintenance,Afternoon,2026-05-22,2026-05-22 13:57:32,No,2026-05-22 21:59:44,No,8.04,1,7.0,1,79.76,1,1,0
E1031,Maintenance,Afternoon,2026-05-23,2026-05-23 13:41:03,No,2026-05-23 22:22:06,No,8.68,1,7.0,1,79.76,1,1,0
E1031,Maintenance,Afternoon,2026-05-25,2026-05-25 14:00:56,No,2026-05-25 21:46:35,No,7.76,1,7.0,1,79.76,1,1,0
E1031,Maintenance,Afternoon,2026-05-26,2026-05-26 14:24:34,Yes,2026-05-26 22:25:30,No,8.02,1,7.0,1,79.76,1,1,0
E1031,Maintenance,Afternoon,2026-05-28,2026-05-28 13:47:13,No,2026-05-28 22:04:02,No,8.28,1,7.0,1,79.76,1,1,0
E1031,Maintenance,Afternoon,2026-05-29,2026-05-29 14:00:41,No,2026-05-29 22:14:43,No,8.23,1,7.0,1,79.76,1,1,0
E1031,Maintenance,Afternoon,2026-05-30,2026-05-30 13:34:51,No,2026-05-30 22:30:37,No,8.93,1,7.0,1,79.76,1,1,0
E1031,Maintenance,Afternoon,2026-06-01,2026-06-01 13:30:21,No,2026-06-01 22:00:04,No,8.5,1,7.0,1,79.76,1,1,0
E1031,Maintenance,Afternoon,2026-06-02,2026-06-02 13:41:23,No,2026-06-02 21:57:21,No,8.27,1,7.0,1,79.76,1,1,0
E1031,Maintenance,Afternoon,2026-06-03,2026-06-03 14:05:59,No,2026-06-03 22:20:19,No,8.24,1,7.0,1,79.76,1,1,0
E1031,Maintenance,Afternoon,2026-06-04,2026-06-04 13:42:58,No,2026-06-04 22:33:56,No,8.85,1,7.0,1,79.76,1,1,0
E1031,Maintenance,Afternoon,2026-06-05,2026-06-05 13:41:26,No,2026-06-05 21:50:58,No,8.16,1,7.0,1,79.76,1,1,0
E1031,Maintenance,Afternoon,2026-06-06,2026-06-06 13:38:20,No,2026-06-06 22:03:44,No,8.42,1,7.0,1,79.76,1,1,0
E1031,Maintenance,Afternoon,2026-06-08,2026-06-08 14:04:04,No,2026-06-08 22:18:23,No,8.24,1,7.0,1,79.76,1,1,0
E1031,Maintenance,Afternoon,2026-06-09,2026-06-09 14:01:46,No,2026-06-09 22:12:21,No,8.18,1,7.0,1,79.76,1,1,0
E1031,Maintenance,Afternoon,2026-06-10,2026-06-10 14:06:42,No,2026-06-10 22:17:36,No,8.18,1,7.0,1,79.76,1,1,0
E1031,Maintenance,Afternoon,2026-06-11,2026-06-11 13:57:47,No,2026-06-11 22:10:53,No,8.22,1,7.0,1,79.76,1,1,0
E1031,Maintenance,Afternoon,2026-06-12,2026-06-12 14:14:57,Yes,2026-06-12 21:57:32,No,7.71,1,7.0,1,79.76,1,1,0
E1031,Maintenance,Afternoon,2026-06-13,2026-06-13 13:48:07,No,2026-06-13 22:01:42,No,8.23,1,7.0,1,79.76,1,1,0
E1031,Maintenance,Afternoon,2026-06-15,2026-06-15 13:51:18,No,2026-06-15 22:01:23,No,8.17,1,7.0,1,79.76,1,1,0
E1031,Maintenance,Afternoon,2026-06-16,2026-06-16 14:02:27,No,2026-06-16 21:55:34,No,7.89,1,7.0,1,79.76,1,1,0
E1031,Maintenance,Afternoon,2026-06-17,2026-06-17 13:46:38,No,2026-06-17 21:50:58,No,8.07,1,7.0,1,79.76,1,1,0
E1031,Maintenance,Afternoon,2026-06-18,2026-06-18 14:00:51,No,2026-06-18 22:28:04,No,8.45,1,7.0,1,79.76,1,1,0
E1031,Maintenance,Afternoon,2026-06-19,2026-06-19 13:45:24,No,2026-06-19 22:04:37,No,8.32,1,7.0,1,79.76,1,1,0
E1031,Maintenance,Afternoon,2026-06-20,2026-06-20 13:55:04,No,2026-06-20 21:53:56,No,7.98,1,7.0,1,79.76,1,1,0
E1031,Maintenance,Afternoon,2026-06-22,2026-06-22 13:58:06,No,2026-06-22 22:33:59,No,8.6,1,7.0,1,79.76,1,1,0
E1031,Maintenance,Afternoon,2026-06-23,2026-06-23 14:08:15,No,2026-06-23 22:24:10,No,8.27,1,7.0,1,79.76,1,1,0
E1031,Maintenance,Afternoon,2026-06-24,2026-06-24 14:11:10,Yes,2026-06-24 21:50:59,No,7.66,1,7.0,1,79.76,1,1,0
E1031,Maintenance,Afternoon,2026-06-26,2026-06-26 13:43:00,No,2026-06-26 22:27:02,No,8.73,1,7.0,1,79.76,1,1,0
E1031,Maintenance,Afternoon,2026-06-27,2026-06-27 14:02:01,No,2026-06-27 22:21:35,No,8.33,1,7.0,1,79.76,1,1,0
E1031,Maintenance,Afternoon,2026-06-29,2026-06-29 14:02:51,No,2026-06-29 22:31:26,No,8.48,1,7.0,1,79.76,1,1,0
E1031,Maintenance,Afternoon,2026-06-30,2026-06-30 13:50:10,No,2026-06-30 22:12:35,No,8.37,1,7.0,1,79.76,1,1,0
E1031,Maintenance,Afternoon,2026-07-01,2026-07-01 14:03:33,No,2026-07-01 22:14:08,No,8.18,1,7.0,1,79.76,1,1,0
E1031,Maintenance,Afternoon,2026-07-02,2026-07-02 14:05:57,No,2026-07-02 21:57:08,No,7.85,1,7.0,1,79.76,1,1,0
E1031,Maintenance,Afternoon,2026-07-03,2026-07-03 14:01:29,No,2026-07-03 22:11:10,No,8.16,1,7.0,1,79.76,1,1,0
E1031,Maintenance,Afternoon,2026-07-04,2026-07-04 14:19:37,Yes,2026-07-04 22:14:47,No,7.92,1,7.0,1,79.76,1,1,0
E1031,Maintenance,Afternoon,2026-07-06,2026-07-06 14:09:08,No,2026-07-06 22:13:57,No,8.08,1,7.0,1,79.76,1,1,0
E1031,Maintenance,Afternoon,2026-07-07,2026-07-07 13:48:32,No,2026-07-07 22:02:23,No,8.23,1,7.0,1,79.76,1,1,0
E1031,Maintenance,Afternoon,2026-07-08,2026-07-08 13:56:36,No,2026-07-08 22:02:58,No,8.11,1,7.0,1,79.76,1,1,0
E1031,Maintenance,Afternoon,2026-07-09,2026-07-09 14:06:58,No,2026-07-09 22:03:38,No,7.94,1,7.0,1,79.76,1,1,0
E1031,Maintenance,Afternoon,2026-07-10,2026-07-10 13:47:29,No,2026-07-10 22:14:49,No,8.46,1,7.0,1,79.76,1,1,0
E1031,Maintenance,Afternoon,2026-07-11,2026-07-11 14:09:56,No,2026-07-11 22:10:19,No,8.01,1,7.0,1,79.76,1,1,0
E1031,Maintenance,Afternoon,2026-07-13,2026-07-13 13:44:41,No,2026-07-13 21:39:38,Yes,7.92,1,7.0,1,79.76,1,1,0
E1031,Maintenance,Afternoon,2026-07-14,2026-07-14 13:55:48,No,2026-07-14 22:17:52,No,8.37,1,7.0,1,79.76,1,1,0
E1031,Maintenance,Afternoon,2026-07-15,2026-07-15 13:55:28,No,2026-07-15 22:04:19,No,8.15,1,7.0,1,79.76,1,1,0
E1031,Maintenance,Afternoon,2026-07-16,2026-07-16 13:49:04,No,2026-07-16 22:25:00,No,8.6,1,7.0,1,79.76,1,1,0
E1031,Maintenance,Afternoon,2026-07-17,2026-07-17 13:40:10,No,2026-07-17 22:13:49,No,8.56,1,7.0,1,79.76,1,1,0
E1031,Maintenance,Afternoon,2026-07-18,2026-07-18 13:42:29,No,2026-07-18 21:57:40,No,8.25,1,7.0,1,79.76,1,1,0
E1031,Maintenance,Afternoon,2026-07-20,2026-07-20 14:06:42,No,2026-07-20 21:50:28,No,7.73,1,7.0,1,79.76,1,1,0
E1031,Maintenance,Afternoon,2026-07-21,2026-07-21 14:14:32,Yes,2026-07-21 22:13:25,No,7.98,1,7.0,1,79.76,1,1,0
E1031,Maintenance,Afternoon,2026-07-22,2026-07-22 13:56:04,No,2026-07-22 22:07:33,No,8.19,1,7.0,1,79.76,1,1,0
E1032,Quality Control,Afternoon,2026-05-01,2026-05-01 13:36:50,No,2026-05-01 22:45:53,No,9.15,1,1.0,1,82.14,0,4,0
E1032,Quality Control,Afternoon,2026-05-02,2026-05-02 13:57:11,No,2026-05-02 22:28:41,No,8.52,1,2.0,1,82.14,0,4,0
E1032,Quality Control,Afternoon,2026-05-04,2026-05-04 14:08:02,No,2026-05-04 21:36:19,Yes,7.47,1,3.0,1,82.14,0,4,0
E1032,Quality Control,Afternoon,2026-05-05,2026-05-05 13:58:21,No,2026-05-05 22:06:20,No,8.13,1,4.0,1,82.14,0,4,0
E1032,Quality Control,Afternoon,2026-05-06,2026-05-06 13:51:26,No,2026-05-06 21:55:13,No,8.06,1,5.0,1,82.14,0,4,0
E1032,Quality Control,Afternoon,2026-05-07,2026-05-07 13:56:37,No,2026-05-07 22:14:24,No,8.3,1,6.0,1,82.14,0,4,0
E1032,Quality Control,Afternoon,2026-05-08,2026-05-08 13:42:22,No,2026-05-08 21:25:18,Yes,7.72,1,7.0,1,82.14,0,4,0
E1032,Quality Control,Afternoon,2026-05-09,2026-05-09 13:52:46,No,2026-05-09 22:25:45,No,8.55,1,7.0,1,82.14,0,4,0
E1032,Quality Control,Afternoon,2026-05-11,2026-05-11 13:53:14,No,2026-05-11 22:30:09,No,8.62,1,7.0,1,82.14,0,4,0
E1032,Quality Control,Afternoon,2026-05-12,2026-05-12 13:27:18,No,2026-05-12 21:45:13,No,8.3,1,7.0,1,82.14,0,4,0
E1032,Quality Control,Afternoon,2026-05-13,2026-05-13 14:00:39,No,2026-05-13 21:47:03,No,7.77,1,7.0,1,82.14,0,4,0
E1032,Quality Control,Afternoon,2026-05-15,2026-05-15 13:41:35,No,2026-05-15 22:05:00,No,8.39,1,7.0,1,82.14,0,4,0
E1032,Quality Control,Afternoon,2026-05-16,2026-05-16 13:55:44,No,2026-05-16 21:33:36,Yes,7.63,1,7.0,1,82.14,0,4,0
E1032,Quality Control,Afternoon,2026-05-18,2026-05-18 13:57:55,No,2026-05-18 21:30:15,Yes,7.54,1,7.0,1,82.14,0,4,0
E1032,Quality Control,Afternoon,2026-05-19,2026-05-19 13:47:22,No,2026-05-19 21:56:09,No,8.15,1,7.0,1,82.14,0,4,0
E1032,Quality Control,Afternoon,2026-05-20,2026-05-20 13:54:17,No,2026-05-20 22:03:22,No,8.15,1,7.0,1,82.14,0,4,0
E1032,Quality Control,Afternoon,2026-05-21,2026-05-21 14:12:32,Yes,2026-05-21 22:16:44,No,8.07,1,7.0,1,82.14,0,4,0
E1032,Quality Control,Afternoon,2026-05-22,2026-05-22 13:42:29,No,2026-05-22 22:01:22,No,8.31,1,7.0,1,82.14,0,4,0
E1032,Quality Control,Afternoon,2026-05-23,2026-05-23 13:38:33,No,2026-05-23 22:10:32,No,8.53,1,7.0,1,82.14,0,4,0
E1032,Quality Control,Afternoon,2026-05-25,2026-05-25 14:05:22,No,2026-05-25 21:54:59,No,7.83,1,7.0,1,82.14,0,4,0
E1032,Quality Control,Afternoon,2026-05-26,2026-05-26 13:47:50,No,2026-05-26 22:38:27,No,8.84,1,7.0,1,82.14,0,4,0
E1032,Quality Control,Afternoon,2026-05-27,2026-05-27 13:57:09,No,2026-05-27 22:09:07,No,8.2,1,7.0,1,82.14,0,4,0
E1032,Quality Control,Afternoon,2026-05-28,2026-05-28 13:50:12,No,2026-05-28 21:55:48,No,8.09,1,7.0,1,82.14,0,4,0
E1032,Quality Control,Afternoon,2026-05-29,2026-05-29 13:59:34,No,2026-05-29 22:13:30,No,8.23,1,7.0,1,82.14,0,4,0
E1032,Quality Control,Afternoon,2026-05-30,2026-05-30 13:57:04,No,2026-05-30 22:09:18,No,8.2,1,7.0,1,82.14,0,4,0
E1032,Quality Control,Afternoon,2026-06-01,2026-06-01 13:57:30,No,2026-06-01 22:19:39,No,8.37,1,7.0,1,82.14,0,4,0
E1032,Quality Control,Afternoon,2026-06-02,2026-06-02 13:51:58,No,2026-06-02 22:01:08,No,8.15,1,7.0,1,82.14,0,4,0
E1032,Quality Control,Afternoon,2026-06-03,2026-06-03 13:44:53,No,2026-06-03 22:27:54,No,8.72,1,7.0,1,82.14,0,4,0
E1032,Quality Control,Afternoon,2026-06-04,2026-06-04 13:51:01,No,2026-06-04 22:00:54,No,8.16,1,7.0,1,82.14,0,4,0
E1032,Quality Control,Afternoon,2026-06-05,2026-06-05 13:48:36,No,2026-06-05 21:46:10,No,7.96,1,7.0,1,82.14,0,4,0
E1032,Quality Control,Afternoon,2026-06-06,2026-06-06 13:46:04,No,2026-06-06 22:25:55,No,8.66,1,7.0,1,82.14,0,4,0
E1032,Quality Control,Afternoon,2026-06-08,2026-06-08 13:54:54,No,2026-06-08 21:35:48,Yes,7.68,1,7.0,1,82.14,0,4,0
E1032,Quality Control,Afternoon,2026-06-09,2026-06-09 13:47:42,No,2026-06-09 22:29:20,No,8.69,1,7.0,1,82.14,0,4,0
E1032,Quality Control,Afternoon,2026-06-10,2026-06-10 13:54:08,No,2026-06-10 21:36:02,Yes,7.7,1,7.0,1,82.14,0,4,0
E1032,Quality Control,Afternoon,2026-06-11,2026-06-11 13:53:18,No,2026-06-11 22:42:25,No,8.82,1,7.0,1,82.14,0,4,0
E1032,Quality Control,Afternoon,2026-06-12,2026-06-12 13:48:19,No,2026-06-12 22:38:34,No,8.84,1,7.0,1,82.14,0,4,0
E1032,Quality Control,Afternoon,2026-06-13,2026-06-13 14:04:01,No,,,,0,7.0,1,82.14,0,4,0
E1032,Quality Control,Afternoon,2026-06-15,2026-06-15 14:09:59,No,2026-06-15 22:11:46,No,8.03,1,7.0,1,82.14,0,4,0
E1032,Quality Control,Afternoon,2026-06-16,2026-06-16 13:57:17,No,2026-06-16 22:18:21,No,8.35,1,7.0,1,82.14,0,4,0
E1032,Quality Control,Afternoon,2026-06-17,2026-06-17 14:17:54,Yes,2026-06-17 21:53:06,No,7.59,1,7.0,1,82.14,0,4,0
E1032,Quality Control,Afternoon,2026-06-18,2026-06-18 13:52:06,No,2026-06-18 21:58:56,No,8.11,1,7.0,1,82.14,0,4,0
E1032,Quality Control,Afternoon,2026-06-19,2026-06-19 14:05:18,No,2026-06-19 21:41:52,Yes,7.61,1,7.0,1,82.14,0,4,0
E1032,Quality Control,Afternoon,2026-06-20,2026-06-20 13:54:41,No,2026-06-20 22:32:30,No,8.63,1,7.0,1,82.14,0,4,0
E1032,Quality Control,Afternoon,2026-06-22,2026-06-22 13:47:12,No,2026-06-22 22:08:49,No,8.36,1,7.0,1,82.14,0,4,0
E1032,Quality Control,Afternoon,2026-06-23,2026-06-23 13:44:59,No,2026-06-23 22:25:18,No,8.67,1,7.0,1,82.14,0,4,0
E1032,Quality Control,Afternoon,2026-06-24,2026-06-24 13:53:06,No,2026-06-24 21:49:26,No,7.94,1,7.0,1,82.14,0,4,0
E1032,Quality Control,Afternoon,2026-06-25,2026-06-25 13:55:37,No,2026-06-25 22:27:43,No,8.54,1,7.0,1,82.14,0,4,0
E1032,Quality Control,Afternoon,2026-06-26,2026-06-26 13:50:34,No,2026-06-26 22:27:34,No,8.62,1,7.0,1,82.14,0,4,0
E1032,Quality Control,Afternoon,2026-06-27,2026-06-27 14:18:10,Yes,2026-06-27 21:48:41,No,7.51,1,7.0,1,82.14,0,4,0
E1032,Quality Control,Afternoon,2026-06-29,2026-06-29 13:41:14,No,2026-06-29 21:39:18,Yes,7.97,1,7.0,1,82.14,0,4,0
E1032,Quality Control,Afternoon,2026-06-30,2026-06-30 13:50:30,No,2026-06-30 22:17:52,No,8.46,1,7.0,1,82.14,0,4,0
E1032,Quality Control,Afternoon,2026-07-01,2026-07-01 13:56:42,No,2026-07-01 22:06:03,No,8.16,1,7.0,1,82.14,0,4,0
E1032,Quality Control,Afternoon,2026-07-02,2026-07-02 14:00:19,No,2026-07-02 22:07:10,No,8.11,1,7.0,1,82.14,0,4,0
E1032,Quality Control,Afternoon,2026-07-03,2026-07-03 14:08:46,No,2026-07-03 21:51:50,No,7.72,1,7.0,1,82.14,0,4,0
E1032,Quality Control,Afternoon,2026-07-04,2026-07-04 13:38:37,No,2026-07-04 22:02:46,No,8.4,1,7.0,1,82.14,0,4,0
E1032,Quality Control,Afternoon,2026-07-06,2026-07-06 13:38:39,No,2026-07-06 22:27:11,No,8.81,1,7.0,1,82.14,0,4,0
E1032,Quality Control,Afternoon,2026-07-07,2026-07-07 13:49:26,No,2026-07-07 22:20:43,No,8.52,1,7.0,1,82.14,0,4,0
E1032,Quality Control,Afternoon,2026-07-08,2026-07-08 13:35:58,No,2026-07-08 22:03:39,No,8.46,1,7.0,1,82.14,0,4,0
E1032,Quality Control,Afternoon,2026-07-09,2026-07-09 14:14:56,Yes,2026-07-09 22:23:27,No,8.14,1,7.0,1,82.14,0,4,0
E1032,Quality Control,Afternoon,2026-07-10,2026-07-10 14:16:33,Yes,2026-07-10 22:07:41,No,7.85,1,7.0,1,82.14,0,4,0
E1032,Quality Control,Afternoon,2026-07-11,2026-07-11 13:51:03,No,2026-07-11 22:23:55,No,8.55,1,7.0,1,82.14,0,4,0
E1032,Quality Control,Afternoon,2026-07-13,2026-07-13 13:54:52,No,2026-07-13 22:44:06,No,8.82,1,7.0,1,82.14,0,4,0
E1032,Quality Control,Afternoon,2026-07-15,2026-07-15 14:11:35,Yes,2026-07-15 22:17:17,No,8.1,1,7.0,1,82.14,0,4,0
E1032,Quality Control,Afternoon,2026-07-16,2026-07-16 14:04:47,No,2026-07-16 21:58:43,No,7.9,1,7.0,1,82.14,0,4,0
E1032,Quality Control,Afternoon,2026-07-17,2026-07-17 13:47:24,No,2026-07-17 22:13:04,No,8.43,1,7.0,1,82.14,0,4,0
E1032,Quality Control,Afternoon,2026-07-18,2026-07-18 14:09:38,No,2026-07-18 22:10:12,No,8.01,1,7.0,1,82.14,0,4,0
E1032,Quality Control,Afternoon,2026-07-20,2026-07-20 13:42:01,No,2026-07-20 22:02:49,No,8.35,1,7.0,1,82.14,0,4,0
E1032,Quality Control,Afternoon,2026-07-21,2026-07-21 13:50:50,No,2026-07-21 22:09:12,No,8.31,1,7.0,1,82.14,0,4,0
E1032,Quality Control,Afternoon,2026-07-22,2026-07-22 14:13:50,Yes,2026-07-22 21:58:36,No,7.75,1,7.0,1,82.14,0,4,0
E1033,Production,Morning,2026-05-02,2026-05-02 05:55:39,No,2026-05-02 14:34:58,No,8.66,1,1.0,0,82.14,0,3,2
E1033,Production,Morning,2026-05-04,2026-05-04 05:55:41,No,2026-05-04 14:28:50,No,8.55,1,2.0,0,82.14,0,3,2
E1033,Production,Morning,2026-05-05,2026-05-05 05:57:51,No,2026-05-05 13:58:00,No,8.0,1,3.0,0,82.14,0,3,2
E1033,Production,Morning,2026-05-06,2026-05-06 05:55:13,No,2026-05-06 14:24:04,No,8.48,1,4.0,0,82.14,0,3,2
E1033,Production,Morning,2026-05-07,2026-05-07 05:45:09,No,2026-05-07 14:20:43,No,8.59,1,5.0,0,82.14,0,3,2
E1033,Production,Morning,2026-05-08,2026-05-08 06:04:00,No,2026-05-08 14:28:42,No,8.41,1,6.0,0,82.14,0,3,2
E1033,Production,Morning,2026-05-09,2026-05-09 05:46:46,No,2026-05-09 13:43:47,Yes,7.95,1,7.0,0,82.14,0,3,2
E1033,Production,Morning,2026-05-11,2026-05-11 05:20:51,No,2026-05-11 14:26:22,No,9.09,1,7.0,0,82.14,0,3,2
E1033,Production,Morning,2026-05-12,2026-05-12 05:41:57,No,2026-05-12 14:17:31,No,8.59,1,7.0,0,82.14,0,3,2
E1033,Production,Morning,2026-05-13,2026-05-13 06:04:18,No,2026-05-13 13:53:14,No,7.82,1,7.0,0,82.14,0,3,2
E1033,Production,Morning,2026-05-14,2026-05-14 05:25:25,No,2026-05-14 13:57:41,No,8.54,1,7.0,0,82.14,0,3,2
E1033,Production,Morning,2026-05-15,2026-05-15 06:07:37,No,2026-05-15 14:38:37,No,8.52,1,7.0,0,82.14,0,3,2
E1033,Production,Morning,2026-05-16,2026-05-16 06:03:54,No,2026-05-16 14:35:31,No,8.53,1,7.0,0,82.14,0,3,2
E1033,Production,Morning,2026-05-18,2026-05-18 05:46:33,No,2026-05-18 14:26:11,No,8.66,1,7.0,0,82.14,0,3,2
E1033,Production,Morning,2026-05-19,2026-05-19 05:34:48,No,2026-05-19 14:15:02,No,8.67,1,7.0,0,82.14,0,3,2
E1033,Production,Morning,2026-05-20,2026-05-20 06:08:37,No,,,,0,7.0,0,82.14,0,3,2
E1033,Production,Morning,2026-05-21,2026-05-21 05:55:06,No,2026-05-21 14:19:06,No,8.4,1,7.0,0,82.14,0,3,2
E1033,Production,Morning,2026-05-22,2026-05-22 06:13:10,Yes,2026-05-22 14:13:17,No,8.0,1,7.0,0,82.14,0,3,2
E1033,Production,Morning,2026-05-23,2026-05-23 05:52:53,No,2026-05-23 13:40:29,Yes,7.79,1,7.0,0,82.14,0,3,2
E1033,Production,Morning,2026-05-25,2026-05-25 05:52:26,No,2026-05-25 14:16:24,No,8.4,1,7.0,0,82.14,0,3,2
E1033,Production,Morning,2026-05-26,2026-05-26 05:57:00,No,2026-05-26 13:50:05,No,7.88,1,7.0,0,82.14,0,3,2
E1033,Production,Morning,2026-05-27,2026-05-27 06:01:16,No,2026-05-27 13:37:12,Yes,7.6,1,7.0,0,82.14,0,3,2
E1033,Production,Morning,2026-05-28,2026-05-28 06:19:27,Yes,2026-05-28 14:53:11,No,8.56,1,7.0,0,82.14,0,3,2
E1033,Production,Morning,2026-05-29,2026-05-29 06:06:15,No,2026-05-29 14:02:53,No,7.94,1,7.0,0,82.14,0,3,2
E1033,Production,Morning,2026-05-30,2026-05-30 05:44:36,No,2026-05-30 14:12:01,No,8.46,1,7.0,0,82.14,0,3,2
E1033,Production,Morning,2026-06-01,2026-06-01 05:48:32,No,2026-06-01 13:47:07,No,7.98,1,7.0,0,82.14,0,3,2
E1033,Production,Morning,2026-06-02,2026-06-02 05:45:29,No,2026-06-02 14:16:52,No,8.52,1,7.0,0,82.14,0,3,2
E1033,Production,Morning,2026-06-03,2026-06-03 05:50:15,No,2026-06-03 13:59:44,No,8.16,1,7.0,0,82.14,0,3,2
E1033,Production,Morning,2026-06-04,2026-06-04 06:07:21,No,2026-06-04 14:11:43,No,8.07,1,7.0,0,82.14,0,3,2
E1033,Production,Morning,2026-06-05,2026-06-05 05:52:04,No,2026-06-05 13:54:44,No,8.04,1,7.0,0,82.14,0,3,2
E1033,Production,Morning,2026-06-06,2026-06-06 05:50:19,No,2026-06-06 14:11:14,No,8.35,1,7.0,0,82.14,0,3,2
E1033,Production,Morning,2026-06-08,2026-06-08 06:12:44,Yes,2026-06-08 14:28:25,No,8.26,1,7.0,0,82.14,0,3,2
E1033,Production,Morning,2026-06-09,2026-06-09 06:06:05,No,2026-06-09 14:08:26,No,8.04,1,7.0,0,82.14,0,3,2
E1033,Production,Morning,2026-06-10,2026-06-10 06:03:57,No,2026-06-10 14:10:54,No,8.12,1,7.0,0,82.14,0,3,2
E1033,Production,Morning,2026-06-11,2026-06-11 05:57:14,No,2026-06-11 14:32:43,No,8.59,1,7.0,0,82.14,0,3,2
E1033,Production,Morning,2026-06-12,2026-06-12 06:20:09,Yes,2026-06-12 13:48:53,No,7.48,1,7.0,0,82.14,0,3,2
E1033,Production,Morning,2026-06-13,2026-06-13 06:08:13,No,2026-06-13 14:43:44,No,8.59,1,7.0,0,82.14,0,3,2
E1033,Production,Morning,2026-06-15,2026-06-15 06:16:30,Yes,2026-06-15 14:05:04,No,7.81,1,7.0,0,82.14,0,3,2
E1033,Production,Morning,2026-06-16,2026-06-16 05:33:29,No,2026-06-16 13:54:22,No,8.35,1,7.0,0,82.14,0,3,2
E1033,Production,Morning,2026-06-17,2026-06-17 06:07:58,No,2026-06-17 14:12:53,No,8.08,1,7.0,0,82.14,0,3,2
E1033,Production,Morning,2026-06-18,2026-06-18 05:27:17,No,2026-06-18 14:06:23,No,8.65,1,7.0,0,82.14,0,3,2
E1033,Production,Morning,2026-06-20,2026-06-20 05:53:01,No,2026-06-20 13:48:07,No,7.92,1,7.0,0,82.14,0,3,2
E1033,Production,Morning,2026-06-22,2026-06-22 05:53:51,No,2026-06-22 14:35:57,No,8.7,1,7.0,0,82.14,0,3,2
E1033,Production,Morning,2026-06-23,2026-06-23 05:52:11,No,2026-06-23 13:56:39,No,8.07,1,7.0,0,82.14,0,3,2
E1033,Production,Morning,2026-06-24,2026-06-24 05:59:11,No,2026-06-24 13:58:59,No,8.0,1,7.0,0,82.14,0,3,2
E1033,Production,Morning,2026-06-26,2026-06-26 06:07:17,No,2026-06-26 14:33:29,No,8.44,1,7.0,0,82.14,0,3,2
E1033,Production,Morning,2026-06-27,2026-06-27 05:36:25,No,2026-06-27 14:01:29,No,8.42,1,7.0,0,82.14,0,3,2
E1033,Production,Morning,2026-06-29,2026-06-29 05:57:13,No,2026-06-29 14:33:20,No,8.6,1,7.0,0,82.14,0,3,2
E1033,Production,Morning,2026-06-30,2026-06-30 05:47:34,No,2026-06-30 14:20:24,No,8.55,1,7.0,0,82.14,0,3,2
E1033,Production,Morning,2026-07-01,2026-07-01 05:55:34,No,2026-07-01 14:54:47,No,8.99,1,7.0,0,82.14,0,3,2
E1033,Production,Morning,2026-07-02,2026-07-02 06:01:20,No,2026-07-02 14:14:35,No,8.22,1,7.0,0,82.14,0,3,2
E1033,Production,Morning,2026-07-03,2026-07-03 05:53:31,No,2026-07-03 14:48:53,No,8.92,1,7.0,0,82.14,0,3,2
E1033,Production,Morning,2026-07-04,2026-07-04 05:52:21,No,2026-07-04 14:27:37,No,8.59,1,7.0,0,82.14,0,3,2
E1033,Production,Morning,2026-07-06,2026-07-06 05:41:24,No,2026-07-06 14:23:03,No,8.69,1,7.0,0,82.14,0,3,2
E1033,Production,Morning,2026-07-07,2026-07-07 05:40:11,No,2026-07-07 14:28:41,No,8.81,1,7.0,0,82.14,0,3,2
E1033,Production,Morning,2026-07-08,2026-07-08 05:58:20,No,2026-07-08 14:29:49,No,8.52,1,7.0,0,82.14,0,3,2
E1033,Production,Morning,2026-07-09,2026-07-09 06:02:48,No,,,,0,7.0,0,82.14,0,3,2
E1033,Production,Morning,2026-07-10,2026-07-10 06:04:33,No,2026-07-10 14:20:46,No,8.27,1,7.0,0,82.14,0,3,2
E1033,Production,Morning,2026-07-11,2026-07-11 05:36:10,No,2026-07-11 14:30:13,No,8.9,1,7.0,0,82.14,0,3,2
E1033,Production,Morning,2026-07-13,2026-07-13 05:59:38,No,2026-07-13 14:04:40,No,8.08,1,7.0,0,82.14,0,3,2
E1033,Production,Morning,2026-07-14,2026-07-14 05:46:49,No,2026-07-14 14:23:56,No,8.62,1,7.0,0,82.14,0,3,2
E1033,Production,Morning,2026-07-15,2026-07-15 05:46:38,No,2026-07-15 14:37:15,No,8.84,1,7.0,0,82.14,0,3,2
E1033,Production,Morning,2026-07-16,2026-07-16 05:43:01,No,2026-07-16 13:50:12,No,8.12,1,7.0,0,82.14,0,3,2
E1033,Production,Morning,2026-07-17,2026-07-17 06:07:00,No,2026-07-17 14:03:01,No,7.93,1,7.0,0,82.14,0,3,2
E1033,Production,Morning,2026-07-18,2026-07-18 05:48:19,No,2026-07-18 13:56:25,No,8.14,1,7.0,0,82.14,0,3,2
E1033,Production,Morning,2026-07-20,2026-07-20 06:04:34,No,2026-07-20 14:24:51,No,8.34,1,7.0,0,82.14,0,3,2
E1033,Production,Morning,2026-07-21,2026-07-21 06:16:36,Yes,2026-07-21 13:53:43,No,7.62,1,7.0,0,82.14,0,3,2
E1033,Production,Morning,2026-07-22,2026-07-22 05:54:13,No,2026-07-22 14:13:03,No,8.31,1,7.0,0,82.14,0,3,2
E1033,Production,Morning,2026-07-23,2026-07-23 05:53:23,No,,,,0,7.0,0,82.14,0,3,2
E1034,Admin/HR,General,2026-05-01,2026-05-01 09:14:04,No,2026-05-01 18:40:17,No,9.44,1,1.0,1,82.14,0,0,1
E1034,Admin/HR,General,2026-05-02,2026-05-02 09:40:32,Yes,2026-05-02 19:04:42,No,9.4,1,2.0,1,82.14,0,0,1
E1034,Admin/HR,General,2026-05-04,2026-05-04 09:24:58,No,2026-05-04 18:43:07,No,9.3,1,3.0,1,82.14,0,0,1
E1034,Admin/HR,General,2026-05-05,2026-05-05 09:36:14,No,2026-05-05 18:11:17,Yes,8.58,1,4.0,1,82.14,0,0,1
E1034,Admin/HR,General,2026-05-06,2026-05-06 09:13:19,No,2026-05-06 18:34:32,No,9.35,1,5.0,1,82.14,0,0,1
E1034,Admin/HR,General,2026-05-07,2026-05-07 09:28:13,No,2026-05-07 18:57:17,No,9.48,1,6.0,1,82.14,0,0,1
E1034,Admin/HR,General,2026-05-08,2026-05-08 09:24:46,No,2026-05-08 18:22:36,No,8.96,1,7.0,1,82.14,0,0,1
E1034,Admin/HR,General,2026-05-09,2026-05-09 09:34:35,No,2026-05-09 18:57:24,No,9.38,1,7.0,1,82.14,0,0,1
E1034,Admin/HR,General,2026-05-11,2026-05-11 09:12:31,No,2026-05-11 18:32:05,No,9.33,1,7.0,1,82.14,0,0,1
E1034,Admin/HR,General,2026-05-12,2026-05-12 09:31:51,No,2026-05-12 18:26:45,No,8.91,1,7.0,1,82.14,0,0,1
E1034,Admin/HR,General,2026-05-13,2026-05-13 09:10:35,No,2026-05-13 18:35:42,No,9.42,1,7.0,1,82.14,0,0,1
E1034,Admin/HR,General,2026-05-14,2026-05-14 09:34:15,No,2026-05-14 18:22:52,No,8.81,1,7.0,1,82.14,0,0,1
E1034,Admin/HR,General,2026-05-15,2026-05-15 09:38:10,No,2026-05-15 18:39:05,No,9.02,1,7.0,1,82.14,0,0,1
E1034,Admin/HR,General,2026-05-16,2026-05-16 09:27:06,No,2026-05-16 18:22:06,No,8.92,1,7.0,1,82.14,0,0,1
E1034,Admin/HR,General,2026-05-18,2026-05-18 09:27:52,No,2026-05-18 18:44:46,No,9.28,1,7.0,1,82.14,0,0,1
E1034,Admin/HR,General,2026-05-19,2026-05-19 09:27:21,No,2026-05-19 19:03:11,No,9.6,1,7.0,1,82.14,0,0,1
E1034,Admin/HR,General,2026-05-20,2026-05-20 09:31:19,No,2026-05-20 18:51:20,No,9.33,1,7.0,1,82.14,0,0,1
E1034,Admin/HR,General,2026-05-21,2026-05-21 09:48:31,Yes,2026-05-21 18:35:42,No,8.79,1,7.0,1,82.14,0,0,1
E1034,Admin/HR,General,2026-05-22,2026-05-22 09:19:49,No,2026-05-22 18:53:00,No,9.55,1,7.0,1,82.14,0,0,1
E1034,Admin/HR,General,2026-05-23,2026-05-23 09:05:27,No,2026-05-23 18:35:40,No,9.5,1,7.0,1,82.14,0,0,1
E1034,Admin/HR,General,2026-05-25,2026-05-25 08:51:21,No,2026-05-25 18:55:34,No,10.07,1,7.0,1,82.14,0,0,1
E1034,Admin/HR,General,2026-05-26,2026-05-26 09:21:58,No,2026-05-26 18:17:50,No,8.93,1,7.0,1,82.14,0,0,1
E1034,Admin/HR,General,2026-05-27,2026-05-27 09:39:11,No,2026-05-27 19:07:56,No,9.48,1,7.0,1,82.14,0,0,1
E1034,Admin/HR,General,2026-05-28,2026-05-28 08:57:14,No,2026-05-28 18:38:09,No,9.68,1,7.0,1,82.14,0,0,1
E1034,Admin/HR,General,2026-05-29,2026-05-29 09:42:51,Yes,2026-05-29 18:22:21,No,8.66,1,7.0,1,82.14,0,0,1
E1034,Admin/HR,General,2026-05-30,2026-05-30 09:31:21,No,2026-05-30 18:42:19,No,9.18,1,7.0,1,82.14,0,0,1
E1034,Admin/HR,General,2026-06-01,2026-06-01 09:01:05,No,2026-06-01 18:23:42,No,9.38,1,7.0,1,82.14,0,0,1
E1034,Admin/HR,General,2026-06-02,2026-06-02 09:30:42,No,2026-06-02 18:45:30,No,9.25,1,7.0,1,82.14,0,0,1
E1034,Admin/HR,General,2026-06-04,2026-06-04 09:13:49,No,2026-06-04 18:32:49,No,9.32,1,7.0,1,82.14,0,0,1
E1034,Admin/HR,General,2026-06-05,2026-06-05 09:35:26,No,2026-06-05 19:15:14,No,9.66,1,7.0,1,82.14,0,0,1
E1034,Admin/HR,General,2026-06-06,2026-06-06 09:33:12,No,2026-06-06 18:26:41,No,8.89,1,7.0,1,82.14,0,0,1
E1034,Admin/HR,General,2026-06-08,2026-06-08 09:31:46,No,2026-06-08 18:38:26,No,9.11,1,7.0,1,82.14,0,0,1
E1034,Admin/HR,General,2026-06-09,2026-06-09 09:26:47,No,2026-06-09 19:01:14,No,9.57,1,7.0,1,82.14,0,0,1
E1034,Admin/HR,General,2026-06-10,2026-06-10 09:42:16,Yes,2026-06-10 19:08:14,No,9.43,1,7.0,1,82.14,0,0,1
E1034,Admin/HR,General,2026-06-11,2026-06-11 09:35:02,No,2026-06-11 18:56:23,No,9.36,1,7.0,1,82.14,0,0,1
E1034,Admin/HR,General,2026-06-12,2026-06-12 09:41:18,Yes,2026-06-12 18:45:29,No,9.07,1,7.0,1,82.14,0,0,1
E1034,Admin/HR,General,2026-06-13,2026-06-13 09:23:42,No,2026-06-13 18:22:02,No,8.97,1,7.0,1,82.14,0,0,1
E1034,Admin/HR,General,2026-06-15,2026-06-15 09:29:17,No,2026-06-15 18:31:48,No,9.04,1,7.0,1,82.14,0,0,1
E1034,Admin/HR,General,2026-06-16,2026-06-16 09:31:42,No,2026-06-16 18:44:21,No,9.21,1,7.0,1,82.14,0,0,1
E1034,Admin/HR,General,2026-06-17,2026-06-17 09:16:28,No,2026-06-17 18:25:44,No,9.15,1,7.0,1,82.14,0,0,1
E1034,Admin/HR,General,2026-06-18,2026-06-18 09:10:30,No,2026-06-18 19:13:46,No,10.05,1,7.0,1,82.14,0,0,1
E1034,Admin/HR,General,2026-06-19,2026-06-19 09:39:12,No,,,,0,7.0,1,82.14,0,0,1
E1034,Admin/HR,General,2026-06-20,2026-06-20 08:54:34,No,2026-06-20 18:53:02,No,9.97,1,7.0,1,82.14,0,0,1
E1034,Admin/HR,General,2026-06-22,2026-06-22 09:13:32,No,2026-06-22 18:22:24,No,9.15,1,7.0,1,82.14,0,0,1
E1034,Admin/HR,General,2026-06-23,2026-06-23 09:35:24,No,2026-06-23 19:22:35,No,9.79,1,7.0,1,82.14,0,0,1
E1034,Admin/HR,General,2026-06-24,2026-06-24 09:36:43,No,2026-06-24 18:37:08,No,9.01,1,7.0,1,82.14,0,0,1
E1034,Admin/HR,General,2026-06-25,2026-06-25 09:31:40,No,2026-06-25 18:26:55,No,8.92,1,7.0,1,82.14,0,0,1
E1034,Admin/HR,General,2026-06-26,2026-06-26 09:25:48,No,2026-06-26 18:35:08,No,9.16,1,7.0,1,82.14,0,0,1
E1034,Admin/HR,General,2026-06-27,2026-06-27 09:16:33,No,2026-06-27 19:08:27,No,9.86,1,7.0,1,82.14,0,0,1
E1034,Admin/HR,General,2026-06-29,2026-06-29 09:17:09,No,2026-06-29 18:20:09,No,9.05,1,7.0,1,82.14,0,0,1
E1034,Admin/HR,General,2026-06-30,2026-06-30 09:15:23,No,2026-06-30 18:38:02,No,9.38,1,7.0,1,82.14,0,0,1
E1034,Admin/HR,General,2026-07-01,2026-07-01 09:46:37,Yes,2026-07-01 19:39:03,No,9.87,1,7.0,1,82.14,0,0,1
E1034,Admin/HR,General,2026-07-03,2026-07-03 09:34:57,No,2026-07-03 18:50:08,No,9.25,1,7.0,1,82.14,0,0,1
E1034,Admin/HR,General,2026-07-04,2026-07-04 09:21:02,No,2026-07-04 18:39:53,No,9.31,1,7.0,1,82.14,0,0,1
E1034,Admin/HR,General,2026-07-06,2026-07-06 09:51:41,Yes,2026-07-06 18:30:30,No,8.65,1,7.0,1,82.14,0,0,1
E1034,Admin/HR,General,2026-07-07,2026-07-07 09:29:25,No,2026-07-07 18:33:35,No,9.07,1,7.0,1,82.14,0,0,1
E1034,Admin/HR,General,2026-07-08,2026-07-08 09:26:53,No,2026-07-08 18:27:55,No,9.02,1,7.0,1,82.14,0,0,1
E1034,Admin/HR,General,2026-07-09,2026-07-09 09:43:36,Yes,2026-07-09 18:02:08,Yes,8.31,1,7.0,1,82.14,0,0,1
E1034,Admin/HR,General,2026-07-10,2026-07-10 09:23:27,No,2026-07-10 18:46:56,No,9.39,1,7.0,1,82.14,0,0,1
E1034,Admin/HR,General,2026-07-11,2026-07-11 09:24:16,No,2026-07-11 19:05:14,No,9.68,1,7.0,1,82.14,0,0,1
E1034,Admin/HR,General,2026-07-13,2026-07-13 09:12:00,No,2026-07-13 18:56:56,No,9.75,1,7.0,1,82.14,0,0,1
E1034,Admin/HR,General,2026-07-14,2026-07-14 09:28:25,No,2026-07-14 18:39:56,No,9.19,1,7.0,1,82.14,0,0,1
E1034,Admin/HR,General,2026-07-15,2026-07-15 09:13:16,No,2026-07-15 18:08:13,Yes,8.92,1,7.0,1,82.14,0,0,1
E1034,Admin/HR,General,2026-07-16,2026-07-16 09:30:14,No,2026-07-16 18:20:49,No,8.84,1,7.0,1,82.14,0,0,1
E1034,Admin/HR,General,2026-07-17,2026-07-17 09:10:40,No,2026-07-17 18:22:26,No,9.2,1,7.0,1,82.14,0,0,1
E1034,Admin/HR,General,2026-07-18,2026-07-18 09:22:40,No,2026-07-18 18:24:47,No,9.04,1,7.0,1,82.14,0,0,1
E1034,Admin/HR,General,2026-07-20,2026-07-20 09:46:54,Yes,2026-07-20 18:33:52,No,8.78,1,7.0,1,82.14,0,0,1
E1034,Admin/HR,General,2026-07-21,2026-07-21 09:21:34,No,2026-07-21 18:48:22,No,9.45,1,7.0,1,82.14,0,0,1
E1034,Admin/HR,General,2026-07-22,2026-07-22 09:26:37,No,2026-07-22 18:40:07,No,9.22,1,7.0,1,82.14,0,0,1
E1035,Packing,Night,2026-05-01,2026-05-01 21:59:22,No,,,,0,1.0,1,79.76,1,2,3
E1035,Packing,Night,2026-05-04,2026-05-04 21:35:45,No,,,,0,2.0,1,79.76,1,2,3
E1035,Packing,Night,2026-05-05,2026-05-05 22:12:19,Yes,2026-05-06 06:06:15,No,7.9,1,3.0,1,79.76,1,2,3
E1035,Packing,Night,2026-05-06,2026-05-06 21:29:36,No,2026-05-07 06:27:35,No,8.97,1,4.0,1,79.76,1,2,3
E1035,Packing,Night,2026-05-07,2026-05-07 22:12:48,Yes,2026-05-08 06:50:52,No,8.63,1,5.0,1,79.76,1,2,3
E1035,Packing,Night,2026-05-08,2026-05-08 22:01:38,No,2026-05-09 05:48:20,No,7.78,1,6.0,1,79.76,1,2,3
E1035,Packing,Night,2026-05-09,2026-05-09 21:44:20,No,2026-05-10 05:50:05,No,8.1,1,7.0,1,79.76,1,2,3
E1035,Packing,Night,2026-05-11,2026-05-11 21:59:04,No,,,,0,7.0,1,79.76,1,2,3
E1035,Packing,Night,2026-05-12,2026-05-12 21:49:33,No,2026-05-13 05:50:02,No,8.01,1,7.0,1,79.76,1,2,3
E1035,Packing,Night,2026-05-13,2026-05-13 22:00:06,No,2026-05-14 06:18:50,No,8.31,1,7.0,1,79.76,1,2,3
E1035,Packing,Night,2026-05-14,2026-05-14 22:02:40,No,2026-05-15 05:53:34,No,7.85,1,7.0,1,79.76,1,2,3
E1035,Packing,Night,2026-05-15,2026-05-15 22:06:18,No,2026-05-16 05:54:42,No,7.81,1,7.0,1,79.76,1,2,3
E1035,Packing,Night,2026-05-16,2026-05-16 21:57:29,No,2026-05-17 06:04:20,No,8.11,1,7.0,1,79.76,1,2,3
E1035,Packing,Night,2026-05-18,2026-05-18 21:24:15,No,,,,0,7.0,1,79.76,1,2,3
E1035,Packing,Night,2026-05-19,2026-05-19 21:41:53,No,2026-05-20 06:03:43,No,8.36,1,7.0,1,79.76,1,2,3
E1035,Packing,Night,2026-05-20,2026-05-20 21:56:28,No,2026-05-21 05:07:46,Yes,7.19,1,7.0,1,79.76,1,2,3
E1035,Packing,Night,2026-05-21,2026-05-21 22:01:06,No,2026-05-22 06:43:47,No,8.71,1,7.0,1,79.76,1,2,3
E1035,Packing,Night,2026-05-22,2026-05-22 21:59:07,No,2026-05-23 06:33:51,No,8.58,1,7.0,1,79.76,1,2,3
E1035,Packing,Night,2026-05-23,2026-05-23 21:55:43,No,2026-05-24 05:57:35,No,8.03,1,7.0,1,79.76,1,2,3
E1035,Packing,Night,2026-05-25,2026-05-25 22:14:21,Yes,,,,0,7.0,1,79.76,1,2,3
E1035,Packing,Night,2026-05-27,2026-05-27 21:53:23,No,,,,0,7.0,1,79.76,1,2,3
E1035,Packing,Night,2026-05-28,2026-05-28 21:57:31,No,2026-05-29 06:24:12,No,8.44,1,7.0,1,79.76,1,2,3
E1035,Packing,Night,2026-05-29,2026-05-29 22:04:45,No,2026-05-30 06:04:16,No,7.99,1,7.0,1,79.76,1,2,3
E1035,Packing,Night,2026-05-30,2026-05-30 21:47:06,No,2026-05-31 06:30:33,No,8.72,1,7.0,1,79.76,1,2,3
E1035,Packing,Night,2026-06-01,2026-06-01 21:58:55,No,,,,0,7.0,1,79.76,1,2,3
E1035,Packing,Night,2026-06-02,2026-06-02 21:38:17,No,2026-06-03 06:26:56,No,8.81,1,7.0,1,79.76,1,2,3
E1035,Packing,Night,2026-06-03,2026-06-03 22:05:33,No,2026-06-04 06:40:51,No,8.59,1,7.0,1,79.76,1,2,3
E1035,Packing,Night,2026-06-04,2026-06-04 21:35:27,No,2026-06-05 06:24:24,No,8.82,1,7.0,1,79.76,1,2,3
E1035,Packing,Night,2026-06-05,2026-06-05 21:58:12,No,2026-06-06 06:33:21,No,8.59,1,7.0,1,79.76,1,2,3
E1035,Packing,Night,2026-06-06,2026-06-06 22:00:55,No,2026-06-07 06:31:04,No,8.5,1,7.0,1,79.76,1,2,3
E1035,Packing,Night,2026-06-08,2026-06-08 21:44:46,No,,,,0,7.0,1,79.76,1,2,3
E1035,Packing,Night,2026-06-09,2026-06-09 21:46:44,No,2026-06-10 05:53:13,No,8.11,1,7.0,1,79.76,1,2,3
E1035,Packing,Night,2026-06-10,2026-06-10 21:48:17,No,,,,0,7.0,1,79.76,1,2,3
E1035,Packing,Night,2026-06-11,2026-06-11 21:52:23,No,2026-06-12 06:04:23,No,8.2,1,7.0,1,79.76,1,2,3
E1035,Packing,Night,2026-06-12,2026-06-12 21:47:25,No,2026-06-13 06:26:00,No,8.64,1,7.0,1,79.76,1,2,3
E1035,Packing,Night,2026-06-13,2026-06-13 21:57:03,No,2026-06-14 06:11:13,No,8.24,1,7.0,1,79.76,1,2,3
E1035,Packing,Night,2026-06-15,2026-06-15 22:08:25,No,,,,0,7.0,1,79.76,1,2,3
E1035,Packing,Night,2026-06-16,2026-06-16 22:10:31,Yes,2026-06-17 06:26:46,No,8.27,1,7.0,1,79.76,1,2,3
E1035,Packing,Night,2026-06-17,2026-06-17 21:41:54,No,2026-06-18 05:57:47,No,8.26,1,7.0,1,79.76,1,2,3
E1035,Packing,Night,2026-06-18,2026-06-18 21:47:37,No,2026-06-19 05:59:23,No,8.2,1,7.0,1,79.76,1,2,3
E1035,Packing,Night,2026-06-19,2026-06-19 21:55:48,No,2026-06-20 05:53:27,No,7.96,1,7.0,1,79.76,1,2,3
E1035,Packing,Night,2026-06-20,2026-06-20 21:46:17,No,2026-06-21 06:20:13,No,8.57,1,7.0,1,79.76,1,2,3
E1035,Packing,Night,2026-06-22,2026-06-22 21:50:00,No,,,,0,7.0,1,79.76,1,2,3
E1035,Packing,Night,2026-06-23,2026-06-23 22:06:29,No,2026-06-24 05:54:19,No,7.8,1,7.0,1,79.76,1,2,3
E1035,Packing,Night,2026-06-24,2026-06-24 22:00:21,No,2026-06-25 06:24:41,No,8.41,1,7.0,1,79.76,1,2,3
E1035,Packing,Night,2026-06-25,2026-06-25 22:12:34,Yes,2026-06-26 06:37:51,No,8.42,1,7.0,1,79.76,1,2,3
E1035,Packing,Night,2026-06-26,2026-06-26 21:59:49,No,2026-06-27 06:21:38,No,8.36,1,7.0,1,79.76,1,2,3
E1035,Packing,Night,2026-06-27,2026-06-27 22:01:45,No,2026-06-28 05:28:07,Yes,7.44,1,7.0,1,79.76,1,2,3
E1035,Packing,Night,2026-06-29,2026-06-29 21:35:29,No,,,,0,7.0,1,79.76,1,2,3
E1035,Packing,Night,2026-06-30,2026-06-30 21:48:35,No,2026-07-01 06:29:10,No,8.68,1,7.0,1,79.76,1,2,3
E1035,Packing,Night,2026-07-01,2026-07-01 21:45:30,No,2026-07-02 05:57:33,No,8.2,1,7.0,1,79.76,1,2,3
E1035,Packing,Night,2026-07-02,2026-07-02 21:58:39,No,2026-07-03 06:10:08,No,8.19,1,7.0,1,79.76,1,2,3
E1035,Packing,Night,2026-07-03,2026-07-03 21:55:55,No,2026-07-04 06:32:11,No,8.6,1,7.0,1,79.76,1,2,3
E1035,Packing,Night,2026-07-04,2026-07-04 21:39:30,No,2026-07-05 06:52:05,No,9.21,1,7.0,1,79.76,1,2,3
E1035,Packing,Night,2026-07-06,2026-07-06 21:57:26,No,,,,0,7.0,1,79.76,1,2,3
E1035,Packing,Night,2026-07-07,2026-07-07 22:05:21,No,2026-07-08 06:12:58,No,8.13,1,7.0,1,79.76,1,2,3
E1035,Packing,Night,2026-07-08,2026-07-08 21:56:56,No,2026-07-09 06:07:11,No,8.17,1,7.0,1,79.76,1,2,3
E1035,Packing,Night,2026-07-09,2026-07-09 21:58:35,No,2026-07-10 05:59:08,No,8.01,1,7.0,1,79.76,1,2,3
E1035,Packing,Night,2026-07-10,2026-07-10 21:36:07,No,,,,0,7.0,1,79.76,1,2,3
E1035,Packing,Night,2026-07-13,2026-07-13 22:13:23,Yes,,,,0,7.0,1,79.76,1,2,3
E1035,Packing,Night,2026-07-14,2026-07-14 21:39:37,No,2026-07-15 05:41:11,Yes,8.03,1,7.0,1,79.76,1,2,3
E1035,Packing,Night,2026-07-15,2026-07-15 21:54:52,No,2026-07-16 06:26:36,No,8.53,1,7.0,1,79.76,1,2,3
E1035,Packing,Night,2026-07-17,2026-07-17 21:39:01,No,,,,0,7.0,1,79.76,1,2,3
E1035,Packing,Night,2026-07-18,2026-07-18 22:02:42,No,2026-07-19 06:10:44,No,8.13,1,7.0,1,79.76,1,2,3
E1035,Packing,Night,2026-07-20,2026-07-20 21:51:47,No,,,,0,7.0,1,79.76,1,2,3
E1035,Packing,Night,2026-07-21,2026-07-21 22:04:14,No,2026-07-22 06:19:57,No,8.26,1,7.0,1,79.76,1,2,3
E1035,Packing,Night,2026-07-22,2026-07-22 22:20:22,Yes,2026-07-23 06:13:56,No,7.89,1,7.0,1,79.76,1,2,3
E1036,Production,Night,2026-05-01,2026-05-01 21:55:20,No,,,,0,1.0,1,82.14,0,3,3
E1036,Production,Night,2026-05-02,2026-05-02 21:32:16,No,2026-05-03 06:13:29,No,8.69,1,2.0,1,82.14,0,3,3
E1036,Production,Night,2026-05-04,2026-05-04 22:08:35,No,,,,0,3.0,1,82.14,0,3,3
E1036,Production,Night,2026-05-05,2026-05-05 22:10:51,Yes,2026-05-06 06:04:34,No,7.9,1,4.0,1,82.14,0,3,3
E1036,Production,Night,2026-05-06,2026-05-06 21:21:21,No,2026-05-07 06:26:01,No,9.08,1,5.0,1,82.14,0,3,3
E1036,Production,Night,2026-05-07,2026-05-07 21:40:54,No,2026-05-08 06:35:55,No,8.92,1,6.0,1,82.14,0,3,3
E1036,Production,Night,2026-05-08,2026-05-08 21:51:16,No,2026-05-09 05:52:06,No,8.01,1,7.0,1,82.14,0,3,3
E1036,Production,Night,2026-05-09,2026-05-09 22:12:00,Yes,2026-05-10 05:57:18,No,7.76,1,7.0,1,82.14,0,3,3
E1036,Production,Night,2026-05-11,2026-05-11 22:16:02,Yes,,,,0,7.0,1,82.14,0,3,3
E1036,Production,Night,2026-05-12,2026-05-12 21:44:28,No,2026-05-13 06:26:31,No,8.7,1,7.0,1,82.14,0,3,3
E1036,Production,Night,2026-05-13,2026-05-13 22:18:43,Yes,2026-05-14 06:56:53,No,8.64,1,7.0,1,82.14,0,3,3
E1036,Production,Night,2026-05-14,2026-05-14 21:48:43,No,2026-05-15 05:38:36,Yes,7.83,1,7.0,1,82.14,0,3,3
E1036,Production,Night,2026-05-15,2026-05-15 22:15:37,Yes,2026-05-16 06:06:28,No,7.85,1,7.0,1,82.14,0,3,3
E1036,Production,Night,2026-05-16,2026-05-16 21:56:20,No,2026-05-17 05:55:55,No,7.99,1,7.0,1,82.14,0,3,3
E1036,Production,Night,2026-05-18,2026-05-18 22:06:36,No,,,,0,7.0,1,82.14,0,3,3
E1036,Production,Night,2026-05-19,2026-05-19 22:00:32,No,2026-05-20 06:30:30,No,8.5,1,7.0,1,82.14,0,3,3
E1036,Production,Night,2026-05-20,2026-05-20 21:57:05,No,2026-05-21 05:29:21,Yes,7.54,1,7.0,1,82.14,0,3,3
E1036,Production,Night,2026-05-21,2026-05-21 21:44:40,No,2026-05-22 06:15:18,No,8.51,1,7.0,1,82.14,0,3,3
E1036,Production,Night,2026-05-22,2026-05-22 21:59:08,No,2026-05-23 06:22:37,No,8.39,1,7.0,1,82.14,0,3,3
E1036,Production,Night,2026-05-23,2026-05-23 21:54:28,No,2026-05-24 06:19:14,No,8.41,1,7.0,1,82.14,0,3,3
E1036,Production,Night,2026-05-25,2026-05-25 21:58:34,No,,,,0,7.0,1,82.14,0,3,3
E1036,Production,Night,2026-05-26,2026-05-26 22:22:53,Yes,2026-05-27 06:27:35,No,8.08,1,7.0,1,82.14,0,3,3
E1036,Production,Night,2026-05-27,2026-05-27 21:46:57,No,2026-05-28 06:37:26,No,8.84,1,7.0,1,82.14,0,3,3
E1036,Production,Night,2026-05-28,2026-05-28 22:06:31,No,2026-05-29 06:16:25,No,8.16,1,7.0,1,82.14,0,3,3
E1036,Production,Night,2026-06-01,2026-06-01 22:05:04,No,,,,0,7.0,1,82.14,0,3,3
E1036,Production,Night,2026-06-02,2026-06-02 21:48:36,No,2026-06-03 06:14:05,No,8.42,1,7.0,1,82.14,0,3,3
E1036,Production,Night,2026-06-03,2026-06-03 21:55:23,No,2026-06-04 05:45:20,No,7.83,1,7.0,1,82.14,0,3,3
E1036,Production,Night,2026-06-04,2026-06-04 21:36:52,No,2026-06-05 06:39:40,No,9.05,1,7.0,1,82.14,0,3,3
E1036,Production,Night,2026-06-05,2026-06-05 21:58:59,No,2026-06-06 06:04:43,No,8.1,1,7.0,1,82.14,0,3,3
E1036,Production,Night,2026-06-06,2026-06-06 22:04:46,No,2026-06-07 06:40:24,No,8.59,1,7.0,1,82.14,0,3,3
E1036,Production,Night,2026-06-08,2026-06-08 22:09:17,No,,,,0,7.0,1,82.14,0,3,3
E1036,Production,Night,2026-06-09,2026-06-09 21:47:34,No,2026-06-10 06:29:21,No,8.7,1,7.0,1,82.14,0,3,3
E1036,Production,Night,2026-06-10,2026-06-10 22:04:54,No,2026-06-11 06:04:49,No,8.0,1,7.0,1,82.14,0,3,3
E1036,Production,Night,2026-06-11,2026-06-11 22:00:12,No,2026-06-12 06:37:22,No,8.62,1,7.0,1,82.14,0,3,3
E1036,Production,Night,2026-06-12,2026-06-12 21:52:50,No,2026-06-13 05:58:27,No,8.09,1,7.0,1,82.14,0,3,3
E1036,Production,Night,2026-06-13,2026-06-13 22:02:11,No,2026-06-14 06:05:35,No,8.06,1,7.0,1,82.14,0,3,3
E1036,Production,Night,2026-06-15,2026-06-15 22:01:23,No,,,,0,7.0,1,82.14,0,3,3
E1036,Production,Night,2026-06-16,2026-06-16 21:47:04,No,2026-06-17 06:13:29,No,8.44,1,7.0,1,82.14,0,3,3
E1036,Production,Night,2026-06-17,2026-06-17 21:37:24,No,2026-06-18 06:30:13,No,8.88,1,7.0,1,82.14,0,3,3
E1036,Production,Night,2026-06-18,2026-06-18 21:44:15,No,2026-06-19 06:16:05,No,8.53,1,7.0,1,82.14,0,3,3
E1036,Production,Night,2026-06-19,2026-06-19 21:56:10,No,2026-06-20 06:05:16,No,8.15,1,7.0,1,82.14,0,3,3
E1036,Production,Night,2026-06-20,2026-06-20 22:03:37,No,2026-06-21 06:16:21,No,8.21,1,7.0,1,82.14,0,3,3
E1036,Production,Night,2026-06-22,2026-06-22 21:54:57,No,,,,0,7.0,1,82.14,0,3,3
E1036,Production,Night,2026-06-23,2026-06-23 21:59:01,No,2026-06-24 05:52:46,No,7.9,1,7.0,1,82.14,0,3,3
E1036,Production,Night,2026-06-24,2026-06-24 22:05:19,No,2026-06-25 06:14:02,No,8.15,1,7.0,1,82.14,0,3,3
E1036,Production,Night,2026-06-25,2026-06-25 21:23:11,No,2026-06-26 06:03:42,No,8.68,1,7.0,1,82.14,0,3,3
E1036,Production,Night,2026-06-26,2026-06-26 21:59:36,No,2026-06-27 05:49:40,No,7.83,1,7.0,1,82.14,0,3,3
E1036,Production,Night,2026-06-27,2026-06-27 21:59:37,No,2026-06-28 06:17:50,No,8.3,1,7.0,1,82.14,0,3,3
E1036,Production,Night,2026-06-29,2026-06-29 22:15:31,Yes,,,,0,7.0,1,82.14,0,3,3
E1036,Production,Night,2026-06-30,2026-06-30 21:55:00,No,2026-07-01 06:05:50,No,8.18,1,7.0,1,82.14,0,3,3
E1036,Production,Night,2026-07-01,2026-07-01 22:10:40,Yes,2026-07-02 06:13:31,No,8.05,1,7.0,1,82.14,0,3,3
E1036,Production,Night,2026-07-02,2026-07-02 22:06:20,No,2026-07-03 05:42:26,Yes,7.6,1,7.0,1,82.14,0,3,3
E1036,Production,Night,2026-07-03,2026-07-03 21:51:40,No,2026-07-04 06:00:25,No,8.15,1,7.0,1,82.14,0,3,3
E1036,Production,Night,2026-07-04,2026-07-04 21:59:59,No,2026-07-05 05:45:04,No,7.75,1,7.0,1,82.14,0,3,3
E1036,Production,Night,2026-07-06,2026-07-06 22:02:07,No,,,,0,7.0,1,82.14,0,3,3
E1036,Production,Night,2026-07-07,2026-07-07 22:06:10,No,2026-07-08 05:59:58,No,7.9,1,7.0,1,82.14,0,3,3
E1036,Production,Night,2026-07-08,2026-07-08 21:48:17,No,2026-07-09 05:41:30,Yes,7.89,1,7.0,1,82.14,0,3,3
E1036,Production,Night,2026-07-09,2026-07-09 21:44:04,No,2026-07-10 05:52:51,No,8.15,1,7.0,1,82.14,0,3,3
E1036,Production,Night,2026-07-10,2026-07-10 21:56:42,No,2026-07-11 05:45:43,No,7.82,1,7.0,1,82.14,0,3,3
E1036,Production,Night,2026-07-11,2026-07-11 21:39:29,No,2026-07-12 05:59:47,No,8.34,1,7.0,1,82.14,0,3,3
E1036,Production,Night,2026-07-13,2026-07-13 21:53:11,No,,,,0,7.0,1,82.14,0,3,3
E1036,Production,Night,2026-07-14,2026-07-14 21:57:56,No,2026-07-15 05:48:08,No,7.84,1,7.0,1,82.14,0,3,3
E1036,Production,Night,2026-07-15,2026-07-15 21:32:09,No,2026-07-16 06:07:21,No,8.59,1,7.0,1,82.14,0,3,3
E1036,Production,Night,2026-07-16,2026-07-16 21:48:59,No,2026-07-17 06:17:09,No,8.47,1,7.0,1,82.14,0,3,3
E1036,Production,Night,2026-07-17,2026-07-17 22:03:10,No,2026-07-18 06:17:06,No,8.23,1,7.0,1,82.14,0,3,3
E1036,Production,Night,2026-07-18,2026-07-18 22:05:03,No,2026-07-19 06:17:00,No,8.2,1,7.0,1,82.14,0,3,3
E1036,Production,Night,2026-07-20,2026-07-20 22:12:00,Yes,,,,0,7.0,1,82.14,0,3,3
E1036,Production,Night,2026-07-21,2026-07-21 21:52:58,No,2026-07-22 05:55:49,No,8.05,1,7.0,1,82.14,0,3,3
E1036,Production,Night,2026-07-22,2026-07-22 22:03:10,No,2026-07-23 06:39:43,No,8.61,1,7.0,1,82.14,0,3,3
E1037,Production,Morning,2026-05-01,2026-05-01 05:40:46,No,2026-05-01 14:04:29,No,8.4,1,1.0,0,83.33,0,3,2
E1037,Production,Morning,2026-05-02,2026-05-02 06:00:41,No,2026-05-02 14:04:46,No,8.07,1,2.0,0,83.33,0,3,2
E1037,Production,Morning,2026-05-04,2026-05-04 05:20:00,No,2026-05-04 14:01:45,No,8.7,1,3.0,0,83.33,0,3,2
E1037,Production,Morning,2026-05-05,2026-05-05 05:56:22,No,2026-05-05 14:23:49,No,8.46,1,4.0,0,83.33,0,3,2
E1037,Production,Morning,2026-05-06,2026-05-06 05:43:33,No,2026-05-06 13:57:07,No,8.23,1,5.0,0,83.33,0,3,2
E1037,Production,Morning,2026-05-07,2026-05-07 06:13:11,Yes,2026-05-07 14:22:48,No,8.16,1,6.0,0,83.33,0,3,2
E1037,Production,Morning,2026-05-08,2026-05-08 05:45:55,No,2026-05-08 14:28:27,No,8.71,1,7.0,0,83.33,0,3,2
E1037,Production,Morning,2026-05-09,2026-05-09 05:45:25,No,2026-05-09 13:53:52,No,8.14,1,7.0,0,83.33,0,3,2
E1037,Production,Morning,2026-05-11,2026-05-11 06:01:47,No,2026-05-11 14:31:51,No,8.5,1,7.0,0,83.33,0,3,2
E1037,Production,Morning,2026-05-12,2026-05-12 06:04:00,No,2026-05-12 14:11:55,No,8.13,1,7.0,0,83.33,0,3,2
E1037,Production,Morning,2026-05-14,2026-05-14 05:41:51,No,2026-05-14 13:57:23,No,8.26,1,7.0,0,83.33,0,3,2
E1037,Production,Morning,2026-05-15,2026-05-15 05:46:43,No,2026-05-15 14:13:41,No,8.45,1,7.0,0,83.33,0,3,2
E1037,Production,Morning,2026-05-16,2026-05-16 06:02:03,No,2026-05-16 14:13:36,No,8.19,1,7.0,0,83.33,0,3,2
E1037,Production,Morning,2026-05-18,2026-05-18 05:52:18,No,2026-05-18 13:48:20,No,7.93,1,7.0,0,83.33,0,3,2
E1037,Production,Morning,2026-05-19,2026-05-19 05:52:13,No,2026-05-19 13:53:19,No,8.02,1,7.0,0,83.33,0,3,2
E1037,Production,Morning,2026-05-20,2026-05-20 06:04:07,No,2026-05-20 14:29:26,No,8.42,1,7.0,0,83.33,0,3,2
E1037,Production,Morning,2026-05-21,2026-05-21 06:14:36,Yes,2026-05-21 14:19:33,No,8.08,1,7.0,0,83.33,0,3,2
E1037,Production,Morning,2026-05-22,2026-05-22 05:46:34,No,2026-05-22 13:49:49,No,8.05,1,7.0,0,83.33,0,3,2
E1037,Production,Morning,2026-05-23,2026-05-23 05:59:58,No,2026-05-23 14:38:34,No,8.64,1,7.0,0,83.33,0,3,2
E1037,Production,Morning,2026-05-25,2026-05-25 05:57:22,No,,,,0,7.0,0,83.33,0,3,2
E1037,Production,Morning,2026-05-26,2026-05-26 06:05:30,No,2026-05-26 14:09:29,No,8.07,1,7.0,0,83.33,0,3,2
E1037,Production,Morning,2026-05-27,2026-05-27 05:49:26,No,2026-05-27 14:10:56,No,8.36,1,7.0,0,83.33,0,3,2
E1037,Production,Morning,2026-05-28,2026-05-28 05:42:31,No,2026-05-28 14:22:07,No,8.66,1,7.0,0,83.33,0,3,2
E1037,Production,Morning,2026-05-29,2026-05-29 05:55:34,No,2026-05-29 14:10:16,No,8.24,1,7.0,0,83.33,0,3,2
E1037,Production,Morning,2026-05-30,2026-05-30 05:43:23,No,2026-05-30 14:06:49,No,8.39,1,7.0,0,83.33,0,3,2
E1037,Production,Morning,2026-06-01,2026-06-01 05:54:10,No,2026-06-01 14:07:02,No,8.21,1,7.0,0,83.33,0,3,2
E1037,Production,Morning,2026-06-02,2026-06-02 05:36:50,No,2026-06-02 13:44:48,Yes,8.13,1,7.0,0,83.33,0,3,2
E1037,Production,Morning,2026-06-03,2026-06-03 06:03:10,No,2026-06-03 13:27:04,Yes,7.4,1,7.0,0,83.33,0,3,2
E1037,Production,Morning,2026-06-04,2026-06-04 05:54:25,No,2026-06-04 14:29:13,No,8.58,1,7.0,0,83.33,0,3,2
E1037,Production,Morning,2026-06-05,2026-06-05 05:35:45,No,2026-06-05 14:00:32,No,8.41,1,7.0,0,83.33,0,3,2
E1037,Production,Morning,2026-06-06,2026-06-06 05:59:55,No,2026-06-06 13:50:55,No,7.85,1,7.0,0,83.33,0,3,2
E1037,Production,Morning,2026-06-08,2026-06-08 06:08:23,No,2026-06-08 14:07:26,No,7.98,1,7.0,0,83.33,0,3,2
E1037,Production,Morning,2026-06-09,2026-06-09 05:49:08,No,2026-06-09 14:00:24,No,8.19,1,7.0,0,83.33,0,3,2
E1037,Production,Morning,2026-06-10,2026-06-10 05:54:36,No,2026-06-10 14:11:35,No,8.28,1,7.0,0,83.33,0,3,2
E1037,Production,Morning,2026-06-11,2026-06-11 05:51:12,No,2026-06-11 14:22:54,No,8.53,1,7.0,0,83.33,0,3,2
E1037,Production,Morning,2026-06-12,2026-06-12 06:02:23,No,2026-06-12 14:15:34,No,8.22,1,7.0,0,83.33,0,3,2
E1037,Production,Morning,2026-06-13,2026-06-13 05:49:55,No,2026-06-13 13:47:23,No,7.96,1,7.0,0,83.33,0,3,2
E1037,Production,Morning,2026-06-15,2026-06-15 05:40:50,No,,,,0,7.0,0,83.33,0,3,2
E1037,Production,Morning,2026-06-16,2026-06-16 05:48:44,No,2026-06-16 14:13:54,No,8.42,1,7.0,0,83.33,0,3,2
E1037,Production,Morning,2026-06-17,2026-06-17 05:58:36,No,2026-06-17 14:12:38,No,8.23,1,7.0,0,83.33,0,3,2
E1037,Production,Morning,2026-06-18,2026-06-18 05:49:06,No,2026-06-18 13:58:52,No,8.16,1,7.0,0,83.33,0,3,2
E1037,Production,Morning,2026-06-19,2026-06-19 05:50:19,No,2026-06-19 14:07:59,No,8.29,1,7.0,0,83.33,0,3,2
E1037,Production,Morning,2026-06-20,2026-06-20 05:55:57,No,2026-06-20 13:41:50,Yes,7.76,1,7.0,0,83.33,0,3,2
E1037,Production,Morning,2026-06-22,2026-06-22 05:42:27,No,2026-06-22 14:01:09,No,8.31,1,7.0,0,83.33,0,3,2
E1037,Production,Morning,2026-06-23,2026-06-23 06:08:21,No,2026-06-23 13:54:18,No,7.77,1,7.0,0,83.33,0,3,2
E1037,Production,Morning,2026-06-24,2026-06-24 05:53:21,No,2026-06-24 13:57:15,No,8.06,1,7.0,0,83.33,0,3,2
E1037,Production,Morning,2026-06-25,2026-06-25 06:07:30,No,2026-06-25 13:48:56,No,7.69,1,7.0,0,83.33,0,3,2
E1037,Production,Morning,2026-06-26,2026-06-26 05:51:46,No,2026-06-26 14:01:28,No,8.16,1,7.0,0,83.33,0,3,2
E1037,Production,Morning,2026-06-29,2026-06-29 06:21:56,Yes,2026-06-29 14:21:19,No,7.99,1,7.0,0,83.33,0,3,2
E1037,Production,Morning,2026-06-30,2026-06-30 05:53:22,No,2026-06-30 14:03:41,No,8.17,1,7.0,0,83.33,0,3,2
E1037,Production,Morning,2026-07-01,2026-07-01 05:56:16,No,2026-07-01 14:39:50,No,8.73,1,7.0,0,83.33,0,3,2
E1037,Production,Morning,2026-07-02,2026-07-02 06:07:42,No,2026-07-02 13:57:17,No,7.83,1,7.0,0,83.33,0,3,2
E1037,Production,Morning,2026-07-03,2026-07-03 05:46:36,No,2026-07-03 14:28:06,No,8.69,1,7.0,0,83.33,0,3,2
E1037,Production,Morning,2026-07-04,2026-07-04 05:53:43,No,2026-07-04 14:06:44,No,8.22,1,7.0,0,83.33,0,3,2
E1037,Production,Morning,2026-07-06,2026-07-06 05:44:42,No,2026-07-06 13:53:45,No,8.15,1,7.0,0,83.33,0,3,2
E1037,Production,Morning,2026-07-07,2026-07-07 05:50:42,No,2026-07-07 14:09:09,No,8.31,1,7.0,0,83.33,0,3,2
E1037,Production,Morning,2026-07-08,2026-07-08 05:54:33,No,,,,0,7.0,0,83.33,0,3,2
E1037,Production,Morning,2026-07-09,2026-07-09 05:56:20,No,2026-07-09 14:25:39,No,8.49,1,7.0,0,83.33,0,3,2
E1037,Production,Morning,2026-07-10,2026-07-10 06:02:46,No,,,,0,7.0,0,83.33,0,3,2
E1037,Production,Morning,2026-07-11,2026-07-11 05:47:02,No,2026-07-11 14:45:43,No,8.98,1,7.0,0,83.33,0,3,2
E1037,Production,Morning,2026-07-13,2026-07-13 05:35:54,No,2026-07-13 14:16:54,No,8.68,1,7.0,0,83.33,0,3,2
E1037,Production,Morning,2026-07-14,2026-07-14 06:29:59,Yes,2026-07-14 13:49:40,No,7.33,1,7.0,0,83.33,0,3,2
E1037,Production,Morning,2026-07-15,2026-07-15 06:03:55,No,2026-07-15 14:37:00,No,8.55,1,7.0,0,83.33,0,3,2
E1037,Production,Morning,2026-07-16,2026-07-16 05:55:18,No,2026-07-16 13:58:11,No,8.05,1,7.0,0,83.33,0,3,2
E1037,Production,Morning,2026-07-17,2026-07-17 05:40:52,No,2026-07-17 14:31:40,No,8.85,1,7.0,0,83.33,0,3,2
E1037,Production,Morning,2026-07-18,2026-07-18 06:02:03,No,2026-07-18 13:48:45,No,7.78,1,7.0,0,83.33,0,3,2
E1037,Production,Morning,2026-07-20,2026-07-20 05:54:48,No,2026-07-20 14:15:17,No,8.34,1,7.0,0,83.33,0,3,2
E1037,Production,Morning,2026-07-21,2026-07-21 05:48:53,No,2026-07-21 13:55:10,No,8.1,1,7.0,0,83.33,0,3,2
E1037,Production,Morning,2026-07-22,2026-07-22 05:49:25,No,2026-07-22 14:20:34,No,8.52,1,7.0,0,83.33,0,3,2
E1037,Production,Morning,2026-07-23,2026-07-23 05:53:28,No,,,,0,7.0,0,83.33,0,3,2
E1038,Warehouse,Night,2026-05-01,2026-05-01 21:50:01,No,,,,0,1.0,1,83.33,0,6,3
E1038,Warehouse,Night,2026-05-02,2026-05-02 22:18:22,Yes,2026-05-03 06:24:20,No,8.1,1,2.0,1,83.33,0,6,3
E1038,Warehouse,Night,2026-05-04,2026-05-04 21:50:33,No,,,,0,3.0,1,83.33,0,6,3
E1038,Warehouse,Night,2026-05-05,2026-05-05 22:25:33,Yes,2026-05-06 06:09:00,No,7.72,1,4.0,1,83.33,0,6,3
E1038,Warehouse,Night,2026-05-06,2026-05-06 21:32:12,No,2026-05-07 05:50:08,No,8.3,1,5.0,1,83.33,0,6,3
E1038,Warehouse,Night,2026-05-07,2026-05-07 21:58:06,No,2026-05-08 06:30:17,No,8.54,1,6.0,1,83.33,0,6,3
E1038,Warehouse,Night,2026-05-08,2026-05-08 21:54:01,No,2026-05-09 06:16:15,No,8.37,1,7.0,1,83.33,0,6,3
E1038,Warehouse,Night,2026-05-09,2026-05-09 22:12:22,Yes,2026-05-10 06:01:05,No,7.81,1,7.0,1,83.33,0,6,3
E1038,Warehouse,Night,2026-05-11,2026-05-11 21:55:07,No,,,,0,7.0,1,83.33,0,6,3
E1038,Warehouse,Night,2026-05-12,2026-05-12 21:45:12,No,2026-05-13 05:42:52,Yes,7.96,1,7.0,1,83.33,0,6,3
E1038,Warehouse,Night,2026-05-13,2026-05-13 22:02:11,No,2026-05-14 06:07:40,No,8.09,1,7.0,1,83.33,0,6,3
E1038,Warehouse,Night,2026-05-14,2026-05-14 22:07:35,No,2026-05-15 05:49:31,No,7.7,1,7.0,1,83.33,0,6,3
E1038,Warehouse,Night,2026-05-15,2026-05-15 21:43:49,No,2026-05-16 06:15:14,No,8.52,1,7.0,1,83.33,0,6,3
E1038,Warehouse,Night,2026-05-16,2026-05-16 21:51:17,No,2026-05-17 06:00:23,No,8.15,1,7.0,1,83.33,0,6,3
E1038,Warehouse,Night,2026-05-18,2026-05-18 21:40:33,No,,,,0,7.0,1,83.33,0,6,3
E1038,Warehouse,Night,2026-05-19,2026-05-19 21:27:15,No,2026-05-20 06:15:51,No,8.81,1,7.0,1,83.33,0,6,3
E1038,Warehouse,Night,2026-05-20,2026-05-20 22:04:46,No,2026-05-21 05:57:22,No,7.88,1,7.0,1,83.33,0,6,3
E1038,Warehouse,Night,2026-05-21,2026-05-21 21:47:19,No,2026-05-22 06:40:37,No,8.89,1,7.0,1,83.33,0,6,3
E1038,Warehouse,Night,2026-05-22,2026-05-22 22:02:11,No,2026-05-23 06:23:05,No,8.35,1,7.0,1,83.33,0,6,3
E1038,Warehouse,Night,2026-05-23,2026-05-23 21:43:47,No,2026-05-24 06:07:30,No,8.4,1,7.0,1,83.33,0,6,3
E1038,Warehouse,Night,2026-05-25,2026-05-25 21:54:59,No,,,,0,7.0,1,83.33,0,6,3
E1038,Warehouse,Night,2026-05-26,2026-05-26 22:04:07,No,2026-05-27 06:12:27,No,8.14,1,7.0,1,83.33,0,6,3
E1038,Warehouse,Night,2026-05-27,2026-05-27 21:44:55,No,2026-05-28 06:15:34,No,8.51,1,7.0,1,83.33,0,6,3
E1038,Warehouse,Night,2026-05-28,2026-05-28 21:55:46,No,2026-05-29 06:00:54,No,8.09,1,7.0,1,83.33,0,6,3
E1038,Warehouse,Night,2026-05-29,2026-05-29 21:46:00,No,2026-05-30 06:07:16,No,8.35,1,7.0,1,83.33,0,6,3
E1038,Warehouse,Night,2026-05-30,2026-05-30 21:53:36,No,2026-05-31 05:59:29,No,8.1,1,7.0,1,83.33,0,6,3
E1038,Warehouse,Night,2026-06-01,2026-06-01 22:01:54,No,,,,0,7.0,1,83.33,0,6,3
E1038,Warehouse,Night,2026-06-02,2026-06-02 21:41:00,No,2026-06-03 05:55:03,No,8.23,1,7.0,1,83.33,0,6,3
E1038,Warehouse,Night,2026-06-03,2026-06-03 22:01:40,No,2026-06-04 06:18:12,No,8.28,1,7.0,1,83.33,0,6,3
E1038,Warehouse,Night,2026-06-04,2026-06-04 21:48:42,No,2026-06-05 05:54:34,No,8.1,1,7.0,1,83.33,0,6,3
E1038,Warehouse,Night,2026-06-05,2026-06-05 21:53:50,No,2026-06-06 05:37:05,Yes,7.72,1,7.0,1,83.33,0,6,3
E1038,Warehouse,Night,2026-06-06,2026-06-06 22:06:47,No,2026-06-07 06:01:32,No,7.91,1,7.0,1,83.33,0,6,3
E1038,Warehouse,Night,2026-06-08,2026-06-08 21:51:26,No,,,,0,7.0,1,83.33,0,6,3
E1038,Warehouse,Night,2026-06-09,2026-06-09 21:57:45,No,2026-06-10 06:07:20,No,8.16,1,7.0,1,83.33,0,6,3
E1038,Warehouse,Night,2026-06-10,2026-06-10 22:01:23,No,2026-06-11 06:13:45,No,8.21,1,7.0,1,83.33,0,6,3
E1038,Warehouse,Night,2026-06-11,2026-06-11 21:49:56,No,2026-06-12 05:45:23,No,7.92,1,7.0,1,83.33,0,6,3
E1038,Warehouse,Night,2026-06-12,2026-06-12 22:03:53,No,2026-06-13 06:40:03,No,8.6,1,7.0,1,83.33,0,6,3
E1038,Warehouse,Night,2026-06-13,2026-06-13 21:57:28,No,2026-06-14 06:21:47,No,8.41,1,7.0,1,83.33,0,6,3
E1038,Warehouse,Night,2026-06-15,2026-06-15 21:55:09,No,,,,0,7.0,1,83.33,0,6,3
E1038,Warehouse,Night,2026-06-16,2026-06-16 22:09:13,No,2026-06-17 06:02:06,No,7.88,1,7.0,1,83.33,0,6,3
E1038,Warehouse,Night,2026-06-17,2026-06-17 22:14:03,Yes,2026-06-18 05:54:11,No,7.67,1,7.0,1,83.33,0,6,3
E1038,Warehouse,Night,2026-06-18,2026-06-18 21:25:46,No,2026-06-19 06:23:04,No,8.96,1,7.0,1,83.33,0,6,3
E1038,Warehouse,Night,2026-06-19,2026-06-19 22:20:31,Yes,2026-06-20 06:09:40,No,7.82,1,7.0,1,83.33,0,6,3
E1038,Warehouse,Night,2026-06-20,2026-06-20 21:56:29,No,2026-06-21 06:28:37,No,8.54,1,7.0,1,83.33,0,6,3
E1038,Warehouse,Night,2026-06-22,2026-06-22 21:50:20,No,,,,0,7.0,1,83.33,0,6,3
E1038,Warehouse,Night,2026-06-23,2026-06-23 21:56:55,No,2026-06-24 06:05:53,No,8.15,1,7.0,1,83.33,0,6,3
E1038,Warehouse,Night,2026-06-24,2026-06-24 21:37:09,No,2026-06-25 06:10:19,No,8.55,1,7.0,1,83.33,0,6,3
E1038,Warehouse,Night,2026-06-25,2026-06-25 22:00:52,No,2026-06-26 06:03:44,No,8.05,1,7.0,1,83.33,0,6,3
E1038,Warehouse,Night,2026-06-26,2026-06-26 21:47:29,No,2026-06-27 06:08:07,No,8.34,1,7.0,1,83.33,0,6,3
E1038,Warehouse,Night,2026-06-27,2026-06-27 21:40:59,No,2026-06-28 05:47:49,No,8.11,1,7.0,1,83.33,0,6,3
E1038,Warehouse,Night,2026-06-29,2026-06-29 21:49:37,No,,,,0,7.0,1,83.33,0,6,3
E1038,Warehouse,Night,2026-06-30,2026-06-30 22:07:45,No,2026-07-01 06:08:12,No,8.01,1,7.0,1,83.33,0,6,3
E1038,Warehouse,Night,2026-07-01,2026-07-01 21:22:41,No,2026-07-02 06:23:48,No,9.02,1,7.0,1,83.33,0,6,3
E1038,Warehouse,Night,2026-07-02,2026-07-02 21:54:42,No,2026-07-03 05:58:08,No,8.06,1,7.0,1,83.33,0,6,3
E1038,Warehouse,Night,2026-07-03,2026-07-03 21:32:31,No,2026-07-04 06:11:33,No,8.65,1,7.0,1,83.33,0,6,3
E1038,Warehouse,Night,2026-07-04,2026-07-04 22:07:01,No,2026-07-05 06:17:04,No,8.17,1,7.0,1,83.33,0,6,3
E1038,Warehouse,Night,2026-07-06,2026-07-06 21:56:54,No,,,,0,7.0,1,83.33,0,6,3
E1038,Warehouse,Night,2026-07-08,2026-07-08 21:58:57,No,,,,0,7.0,1,83.33,0,6,3
E1038,Warehouse,Night,2026-07-09,2026-07-09 21:20:27,No,2026-07-10 06:06:09,No,8.76,1,7.0,1,83.33,0,6,3
E1038,Warehouse,Night,2026-07-10,2026-07-10 21:57:01,No,2026-07-11 06:06:48,No,8.16,1,7.0,1,83.33,0,6,3
E1038,Warehouse,Night,2026-07-11,2026-07-11 22:01:22,No,2026-07-12 06:20:36,No,8.32,1,7.0,1,83.33,0,6,3
E1038,Warehouse,Night,2026-07-13,2026-07-13 21:41:13,No,,,,0,7.0,1,83.33,0,6,3
E1038,Warehouse,Night,2026-07-14,2026-07-14 21:58:58,No,2026-07-15 05:45:06,No,7.77,1,7.0,1,83.33,0,6,3
E1038,Warehouse,Night,2026-07-15,2026-07-15 22:03:05,No,2026-07-16 05:45:50,No,7.71,1,7.0,1,83.33,0,6,3
E1038,Warehouse,Night,2026-07-16,2026-07-16 22:08:00,No,2026-07-17 06:06:50,No,7.98,1,7.0,1,83.33,0,6,3
E1038,Warehouse,Night,2026-07-17,2026-07-17 21:57:29,No,2026-07-18 06:29:04,No,8.53,1,7.0,1,83.33,0,6,3
E1038,Warehouse,Night,2026-07-18,2026-07-18 21:48:55,No,2026-07-19 05:52:12,No,8.05,1,7.0,1,83.33,0,6,3
E1038,Warehouse,Night,2026-07-20,2026-07-20 22:00:57,No,,,,0,7.0,1,83.33,0,6,3
E1038,Warehouse,Night,2026-07-21,2026-07-21 22:21:18,Yes,2026-07-22 06:18:44,No,7.96,1,7.0,1,83.33,0,6,3
E1038,Warehouse,Night,2026-07-22,2026-07-22 21:43:18,No,2026-07-23 06:35:38,No,8.87,1,7.0,1,83.33,0,6,3
E1039,Quality Control,Afternoon,2026-05-01,2026-05-01 13:37:05,No,2026-05-01 22:10:33,No,8.56,1,1.0,1,79.76,1,4,0
E1039,Quality Control,Afternoon,2026-05-02,2026-05-02 13:56:15,No,2026-05-02 21:53:55,No,7.96,1,2.0,1,79.76,1,4,0
E1039,Quality Control,Afternoon,2026-05-04,2026-05-04 13:43:04,No,2026-05-04 22:18:20,No,8.59,1,3.0,1,79.76,1,4,0
E1039,Quality Control,Afternoon,2026-05-05,2026-05-05 13:35:01,No,2026-05-05 22:08:17,No,8.55,1,4.0,1,79.76,1,4,0
E1039,Quality Control,Afternoon,2026-05-06,2026-05-06 13:43:24,No,2026-05-06 22:26:55,No,8.73,1,5.0,1,79.76,1,4,0
E1039,Quality Control,Afternoon,2026-05-07,2026-05-07 14:12:14,Yes,2026-05-07 21:50:10,No,7.63,1,6.0,1,79.76,1,4,0
E1039,Quality Control,Afternoon,2026-05-08,2026-05-08 13:35:37,No,,,,0,7.0,1,79.76,1,4,0
E1039,Quality Control,Afternoon,2026-05-09,2026-05-09 13:36:05,No,2026-05-09 21:46:31,No,8.17,1,7.0,1,79.76,1,4,0
E1039,Quality Control,Afternoon,2026-05-11,2026-05-11 13:53:01,No,2026-05-11 22:07:44,No,8.25,1,7.0,1,79.76,1,4,0
E1039,Quality Control,Afternoon,2026-05-12,2026-05-12 14:08:25,No,2026-05-12 22:09:49,No,8.02,1,7.0,1,79.76,1,4,0
E1039,Quality Control,Afternoon,2026-05-13,2026-05-13 13:50:57,No,2026-05-13 22:20:25,No,8.49,1,7.0,1,79.76,1,4,0
E1039,Quality Control,Afternoon,2026-05-14,2026-05-14 13:38:22,No,2026-05-14 22:16:52,No,8.64,1,7.0,1,79.76,1,4,0
E1039,Quality Control,Afternoon,2026-05-15,2026-05-15 13:39:41,No,2026-05-15 22:10:56,No,8.52,1,7.0,1,79.76,1,4,0
E1039,Quality Control,Afternoon,2026-05-18,2026-05-18 13:48:37,No,2026-05-18 21:50:23,No,8.03,1,7.0,1,79.76,1,4,0
E1039,Quality Control,Afternoon,2026-05-19,2026-05-19 13:48:31,No,2026-05-19 22:06:52,No,8.31,1,7.0,1,79.76,1,4,0
E1039,Quality Control,Afternoon,2026-05-20,2026-05-20 14:03:51,No,2026-05-20 21:35:29,Yes,7.53,1,7.0,1,79.76,1,4,0
E1039,Quality Control,Afternoon,2026-05-21,2026-05-21 13:55:38,No,2026-05-21 22:15:23,No,8.33,1,7.0,1,79.76,1,4,0
E1039,Quality Control,Afternoon,2026-05-22,2026-05-22 13:40:58,No,2026-05-22 22:03:47,No,8.38,1,7.0,1,79.76,1,4,0
E1039,Quality Control,Afternoon,2026-05-23,2026-05-23 13:28:30,No,2026-05-23 22:01:05,No,8.54,1,7.0,1,79.76,1,4,0
E1039,Quality Control,Afternoon,2026-05-25,2026-05-25 14:07:31,No,2026-05-25 21:46:17,No,7.65,1,7.0,1,79.76,1,4,0
E1039,Quality Control,Afternoon,2026-05-26,2026-05-26 14:18:19,Yes,2026-05-26 22:23:38,No,8.09,1,7.0,1,79.76,1,4,0
E1039,Quality Control,Afternoon,2026-05-27,2026-05-27 13:52:45,No,2026-05-27 22:18:34,No,8.43,1,7.0,1,79.76,1,4,0
E1039,Quality Control,Afternoon,2026-05-28,2026-05-28 14:09:21,No,2026-05-28 22:24:11,No,8.25,1,7.0,1,79.76,1,4,0
E1039,Quality Control,Afternoon,2026-06-01,2026-06-01 13:48:29,No,2026-06-01 22:35:40,No,8.79,1,7.0,1,79.76,1,4,0
E1039,Quality Control,Afternoon,2026-06-02,2026-06-02 13:48:35,No,2026-06-02 21:44:36,Yes,7.93,1,7.0,1,79.76,1,4,0
E1039,Quality Control,Afternoon,2026-06-03,2026-06-03 14:07:18,No,2026-06-03 22:37:06,No,8.5,1,7.0,1,79.76,1,4,0
E1039,Quality Control,Afternoon,2026-06-04,2026-06-04 14:09:46,No,2026-06-04 21:55:33,No,7.76,1,7.0,1,79.76,1,4,0
E1039,Quality Control,Afternoon,2026-06-05,2026-06-05 14:03:38,No,2026-06-05 22:14:03,No,8.17,1,7.0,1,79.76,1,4,0
E1039,Quality Control,Afternoon,2026-06-06,2026-06-06 13:45:13,No,2026-06-06 22:16:38,No,8.52,1,7.0,1,79.76,1,4,0
E1039,Quality Control,Afternoon,2026-06-08,2026-06-08 13:56:40,No,2026-06-08 22:05:05,No,8.14,1,7.0,1,79.76,1,4,0
E1039,Quality Control,Afternoon,2026-06-09,2026-06-09 13:59:03,No,2026-06-09 21:56:34,No,7.96,1,7.0,1,79.76,1,4,0
E1039,Quality Control,Afternoon,2026-06-10,2026-06-10 13:48:35,No,2026-06-10 22:31:40,No,8.72,1,7.0,1,79.76,1,4,0
E1039,Quality Control,Afternoon,2026-06-11,2026-06-11 14:29:10,Yes,2026-06-11 21:56:52,No,7.46,1,7.0,1,79.76,1,4,0
E1039,Quality Control,Afternoon,2026-06-12,2026-06-12 14:03:51,No,2026-06-12 22:33:53,No,8.5,1,7.0,1,79.76,1,4,0
E1039,Quality Control,Afternoon,2026-06-13,2026-06-13 14:04:15,No,2026-06-13 22:09:26,No,8.09,1,7.0,1,79.76,1,4,0
E1039,Quality Control,Afternoon,2026-06-16,2026-06-16 13:33:56,No,2026-06-16 21:52:26,No,8.31,1,7.0,1,79.76,1,4,0
E1039,Quality Control,Afternoon,2026-06-17,2026-06-17 14:03:48,No,2026-06-17 21:59:04,No,7.92,1,7.0,1,79.76,1,4,0
E1039,Quality Control,Afternoon,2026-06-18,2026-06-18 14:10:44,Yes,2026-06-18 21:55:58,No,7.75,1,7.0,1,79.76,1,4,0
E1039,Quality Control,Afternoon,2026-06-19,2026-06-19 13:50:47,No,2026-06-19 22:00:28,No,8.16,1,7.0,1,79.76,1,4,0
E1039,Quality Control,Afternoon,2026-06-20,2026-06-20 13:55:57,No,2026-06-20 22:08:43,No,8.21,1,7.0,1,79.76,1,4,0
E1039,Quality Control,Afternoon,2026-06-22,2026-06-22 13:58:17,No,2026-06-22 22:03:42,No,8.09,1,7.0,1,79.76,1,4,0
E1039,Quality Control,Afternoon,2026-06-23,2026-06-23 13:37:26,No,2026-06-23 22:04:56,No,8.46,1,7.0,1,79.76,1,4,0
E1039,Quality Control,Afternoon,2026-06-24,2026-06-24 14:01:40,No,2026-06-24 22:06:21,No,8.08,1,7.0,1,79.76,1,4,0
E1039,Quality Control,Afternoon,2026-06-25,2026-06-25 14:21:10,Yes,2026-06-25 22:08:31,No,7.79,1,7.0,1,79.76,1,4,0
E1039,Quality Control,Afternoon,2026-06-26,2026-06-26 13:46:24,No,2026-06-26 21:57:58,No,8.19,1,7.0,1,79.76,1,4,0
E1039,Quality Control,Afternoon,2026-06-27,2026-06-27 13:47:30,No,2026-06-27 22:45:30,No,8.97,1,7.0,1,79.76,1,4,0
E1039,Quality Control,Afternoon,2026-06-29,2026-06-29 13:27:53,No,2026-06-29 22:06:15,No,8.64,1,7.0,1,79.76,1,4,0
E1039,Quality Control,Afternoon,2026-06-30,2026-06-30 13:48:40,No,2026-06-30 22:12:55,No,8.4,1,7.0,1,79.76,1,4,0
E1039,Quality Control,Afternoon,2026-07-01,2026-07-01 13:32:05,No,2026-07-01 22:23:49,No,8.86,1,7.0,1,79.76,1,4,0
E1039,Quality Control,Afternoon,2026-07-02,2026-07-02 13:35:37,No,2026-07-02 21:52:43,No,8.28,1,7.0,1,79.76,1,4,0
E1039,Quality Control,Afternoon,2026-07-03,2026-07-03 14:18:33,Yes,2026-07-03 22:03:42,No,7.75,1,7.0,1,79.76,1,4,0
E1039,Quality Control,Afternoon,2026-07-04,2026-07-04 13:38:37,No,2026-07-04 22:03:10,No,8.41,1,7.0,1,79.76,1,4,0
E1039,Quality Control,Afternoon,2026-07-06,2026-07-06 13:55:58,No,2026-07-06 21:56:59,No,8.02,1,7.0,1,79.76,1,4,0
E1039,Quality Control,Afternoon,2026-07-07,2026-07-07 13:57:06,No,2026-07-07 21:54:34,No,7.96,1,7.0,1,79.76,1,4,0
E1039,Quality Control,Afternoon,2026-07-08,2026-07-08 13:52:36,No,2026-07-08 22:13:46,No,8.35,1,7.0,1,79.76,1,4,0
E1039,Quality Control,Afternoon,2026-07-09,2026-07-09 13:47:52,No,2026-07-09 21:38:29,Yes,7.84,1,7.0,1,79.76,1,4,0
E1039,Quality Control,Afternoon,2026-07-10,2026-07-10 13:48:14,No,2026-07-10 21:27:25,Yes,7.65,1,7.0,1,79.76,1,4,0
E1039,Quality Control,Afternoon,2026-07-11,2026-07-11 13:47:06,No,2026-07-11 22:02:54,No,8.26,1,7.0,1,79.76,1,4,0
E1039,Quality Control,Afternoon,2026-07-13,2026-07-13 14:00:56,No,2026-07-13 21:48:31,No,7.79,1,7.0,1,79.76,1,4,0
E1039,Quality Control,Afternoon,2026-07-14,2026-07-14 13:27:10,No,2026-07-14 21:54:54,No,8.46,1,7.0,1,79.76,1,4,0
E1039,Quality Control,Afternoon,2026-07-15,2026-07-15 14:04:45,No,2026-07-15 22:08:36,No,8.06,1,7.0,1,79.76,1,4,0
E1039,Quality Control,Afternoon,2026-07-16,2026-07-16 13:26:40,No,2026-07-16 22:18:27,No,8.86,1,7.0,1,79.76,1,4,0
E1039,Quality Control,Afternoon,2026-07-17,2026-07-17 14:00:06,No,2026-07-17 21:54:54,No,7.91,1,7.0,1,79.76,1,4,0
E1039,Quality Control,Afternoon,2026-07-18,2026-07-18 14:03:08,No,2026-07-18 22:07:19,No,8.07,1,7.0,1,79.76,1,4,0
E1039,Quality Control,Afternoon,2026-07-20,2026-07-20 13:59:34,No,2026-07-20 22:02:27,No,8.05,1,7.0,1,79.76,1,4,0
E1039,Quality Control,Afternoon,2026-07-21,2026-07-21 13:53:40,No,2026-07-21 22:13:58,No,8.34,1,7.0,1,79.76,1,4,0
E1039,Quality Control,Afternoon,2026-07-22,2026-07-22 14:00:29,No,2026-07-22 21:33:12,Yes,7.55,1,7.0,1,79.76,1,4,0
E1040,Production,Morning,2026-05-01,2026-05-01 06:05:31,No,2026-05-01 14:06:04,No,8.01,1,1.0,1,82.14,0,3,2
E1040,Production,Morning,2026-05-02,2026-05-02 06:04:51,No,2026-05-02 14:04:45,No,8.0,1,2.0,1,82.14,0,3,2
E1040,Production,Morning,2026-05-04,2026-05-04 06:06:50,No,2026-05-04 14:16:37,No,8.16,1,3.0,1,82.14,0,3,2
E1040,Production,Morning,2026-05-05,2026-05-05 05:49:29,No,2026-05-05 13:52:24,No,8.05,1,4.0,1,82.14,0,3,2
E1040,Production,Morning,2026-05-06,2026-05-06 06:02:45,No,2026-05-06 13:42:31,Yes,7.66,1,5.0,1,82.14,0,3,2
E1040,Production,Morning,2026-05-07,2026-05-07 05:49:39,No,2026-05-07 14:38:28,No,8.81,1,6.0,1,82.14,0,3,2
E1040,Production,Morning,2026-05-08,2026-05-08 05:48:51,No,2026-05-08 14:33:59,No,8.75,1,7.0,1,82.14,0,3,2
E1040,Production,Morning,2026-05-09,2026-05-09 06:10:13,Yes,2026-05-09 14:10:53,No,8.01,1,7.0,1,82.14,0,3,2
E1040,Production,Morning,2026-05-11,2026-05-11 05:51:52,No,2026-05-11 13:41:47,Yes,7.83,1,7.0,1,82.14,0,3,2
E1040,Production,Morning,2026-05-12,2026-05-12 06:12:22,Yes,2026-05-12 14:14:01,No,8.03,1,7.0,1,82.14,0,3,2
E1040,Production,Morning,2026-05-13,2026-05-13 05:45:16,No,2026-05-13 14:04:32,No,8.32,1,7.0,1,82.14,0,3,2
E1040,Production,Morning,2026-05-14,2026-05-14 05:56:44,No,2026-05-14 14:07:46,No,8.18,1,7.0,1,82.14,0,3,2
E1040,Production,Morning,2026-05-15,2026-05-15 06:16:57,Yes,2026-05-15 14:07:59,No,7.85,1,7.0,1,82.14,0,3,2
E1040,Production,Morning,2026-05-16,2026-05-16 05:37:38,No,2026-05-16 13:30:19,Yes,7.88,1,7.0,1,82.14,0,3,2
E1040,Production,Morning,2026-05-18,2026-05-18 06:04:57,No,2026-05-18 14:24:06,No,8.32,1,7.0,1,82.14,0,3,2
E1040,Production,Morning,2026-05-19,2026-05-19 06:02:34,No,2026-05-19 14:05:04,No,8.04,1,7.0,1,82.14,0,3,2
E1040,Production,Morning,2026-05-20,2026-05-20 06:08:07,No,2026-05-20 14:16:19,No,8.14,1,7.0,1,82.14,0,3,2
E1040,Production,Morning,2026-05-21,2026-05-21 05:57:24,No,2026-05-21 14:15:35,No,8.3,1,7.0,1,82.14,0,3,2
E1040,Production,Morning,2026-05-22,2026-05-22 05:58:51,No,2026-05-22 14:10:49,No,8.2,1,7.0,1,82.14,0,3,2
E1040,Production,Morning,2026-05-23,2026-05-23 05:56:31,No,2026-05-23 14:32:27,No,8.6,1,7.0,1,82.14,0,3,2
E1040,Production,Morning,2026-05-25,2026-05-25 05:38:37,No,2026-05-25 14:24:26,No,8.76,1,7.0,1,82.14,0,3,2
E1040,Production,Morning,2026-05-26,2026-05-26 05:48:47,No,2026-05-26 14:05:58,No,8.29,1,7.0,1,82.14,0,3,2
E1040,Production,Morning,2026-05-28,2026-05-28 06:00:03,No,2026-05-28 14:14:03,No,8.23,1,7.0,1,82.14,0,3,2
E1040,Production,Morning,2026-05-29,2026-05-29 05:52:29,No,2026-05-29 13:57:48,No,8.09,1,7.0,1,82.14,0,3,2
E1040,Production,Morning,2026-05-30,2026-05-30 05:41:41,No,2026-05-30 14:25:08,No,8.72,1,7.0,1,82.14,0,3,2
E1040,Production,Morning,2026-06-01,2026-06-01 05:53:13,No,2026-06-01 14:24:26,No,8.52,1,7.0,1,82.14,0,3,2
E1040,Production,Morning,2026-06-02,2026-06-02 06:01:46,No,2026-06-02 13:55:27,No,7.89,1,7.0,1,82.14,0,3,2
E1040,Production,Morning,2026-06-03,2026-06-03 06:03:02,No,2026-06-03 14:13:37,No,8.18,1,7.0,1,82.14,0,3,2
E1040,Production,Morning,2026-06-04,2026-06-04 05:47:16,No,2026-06-04 14:09:30,No,8.37,1,7.0,1,82.14,0,3,2
E1040,Production,Morning,2026-06-05,2026-06-05 05:37:41,No,2026-06-05 13:59:18,No,8.36,1,7.0,1,82.14,0,3,2
E1040,Production,Morning,2026-06-06,2026-06-06 05:58:55,No,2026-06-06 13:38:25,Yes,7.66,1,7.0,1,82.14,0,3,2
E1040,Production,Morning,2026-06-08,2026-06-08 05:56:43,No,2026-06-08 14:02:10,No,8.09,1,7.0,1,82.14,0,3,2
E1040,Production,Morning,2026-06-09,2026-06-09 06:01:05,No,2026-06-09 14:10:49,No,8.16,1,7.0,1,82.14,0,3,2
E1040,Production,Morning,2026-06-10,2026-06-10 05:55:33,No,2026-06-10 13:58:37,No,8.05,1,7.0,1,82.14,0,3,2
E1040,Production,Morning,2026-06-11,2026-06-11 06:06:53,No,2026-06-11 14:14:07,No,8.12,1,7.0,1,82.14,0,3,2
E1040,Production,Morning,2026-06-12,2026-06-12 05:50:56,No,2026-06-12 14:09:06,No,8.3,1,7.0,1,82.14,0,3,2
E1040,Production,Morning,2026-06-13,2026-06-13 05:38:26,No,2026-06-13 13:42:01,Yes,8.06,1,7.0,1,82.14,0,3,2
E1040,Production,Morning,2026-06-15,2026-06-15 06:02:18,No,2026-06-15 13:44:59,Yes,7.71,1,7.0,1,82.14,0,3,2
E1040,Production,Morning,2026-06-16,2026-06-16 05:52:02,No,2026-06-16 13:56:06,No,8.07,1,7.0,1,82.14,0,3,2
E1040,Production,Morning,2026-06-17,2026-06-17 05:55:46,No,2026-06-17 14:00:02,No,8.07,1,7.0,1,82.14,0,3,2
E1040,Production,Morning,2026-06-18,2026-06-18 05:26:59,No,2026-06-18 13:52:49,No,8.43,1,7.0,1,82.14,0,3,2
E1040,Production,Morning,2026-06-20,2026-06-20 05:41:22,No,2026-06-20 13:54:56,No,8.23,1,7.0,1,82.14,0,3,2
E1040,Production,Morning,2026-06-22,2026-06-22 05:57:44,No,2026-06-22 14:16:52,No,8.32,1,7.0,1,82.14,0,3,2
E1040,Production,Morning,2026-06-23,2026-06-23 05:47:50,No,2026-06-23 14:15:35,No,8.46,1,7.0,1,82.14,0,3,2
E1040,Production,Morning,2026-06-24,2026-06-24 05:44:25,No,2026-06-24 13:57:28,No,8.22,1,7.0,1,82.14,0,3,2
E1040,Production,Morning,2026-06-25,2026-06-25 05:48:41,No,2026-06-25 14:39:48,No,8.85,1,7.0,1,82.14,0,3,2
E1040,Production,Morning,2026-06-26,2026-06-26 05:56:41,No,2026-06-26 14:14:03,No,8.29,1,7.0,1,82.14,0,3,2
E1040,Production,Morning,2026-06-27,2026-06-27 05:47:33,No,2026-06-27 13:49:15,No,8.03,1,7.0,1,82.14,0,3,2
E1040,Production,Morning,2026-06-29,2026-06-29 05:52:34,No,2026-06-29 14:24:05,No,8.53,1,7.0,1,82.14,0,3,2
E1040,Production,Morning,2026-06-30,2026-06-30 06:02:48,No,2026-06-30 14:18:00,No,8.25,1,7.0,1,82.14,0,3,2
E1040,Production,Morning,2026-07-01,2026-07-01 05:42:17,No,2026-07-01 14:07:29,No,8.42,1,7.0,1,82.14,0,3,2
E1040,Production,Morning,2026-07-02,2026-07-02 05:32:40,No,2026-07-02 13:58:55,No,8.44,1,7.0,1,82.14,0,3,2
E1040,Production,Morning,2026-07-03,2026-07-03 06:15:23,Yes,2026-07-03 13:56:31,No,7.69,1,7.0,1,82.14,0,3,2
E1040,Production,Morning,2026-07-04,2026-07-04 05:57:04,No,2026-07-04 13:54:00,No,7.95,1,7.0,1,82.14,0,3,2
E1040,Production,Morning,2026-07-06,2026-07-06 05:46:28,No,2026-07-06 14:35:25,No,8.82,1,7.0,1,82.14,0,3,2
E1040,Production,Morning,2026-07-07,2026-07-07 06:13:34,Yes,2026-07-07 13:54:33,No,7.68,1,7.0,1,82.14,0,3,2
E1040,Production,Morning,2026-07-08,2026-07-08 06:13:17,Yes,2026-07-08 14:33:46,No,8.34,1,7.0,1,82.14,0,3,2
E1040,Production,Morning,2026-07-09,2026-07-09 06:02:26,No,2026-07-09 14:16:14,No,8.23,1,7.0,1,82.14,0,3,2
E1040,Production,Morning,2026-07-10,2026-07-10 05:56:01,No,2026-07-10 14:12:21,No,8.27,1,7.0,1,82.14,0,3,2
E1040,Production,Morning,2026-07-11,2026-07-11 06:15:20,Yes,2026-07-11 13:35:58,Yes,7.34,1,7.0,1,82.14,0,3,2
E1040,Production,Morning,2026-07-13,2026-07-13 05:52:39,No,2026-07-13 13:24:26,Yes,7.53,1,7.0,1,82.14,0,3,2
E1040,Production,Morning,2026-07-14,2026-07-14 05:48:14,No,2026-07-14 13:51:16,No,8.05,1,7.0,1,82.14,0,3,2
E1040,Production,Morning,2026-07-15,2026-07-15 05:40:46,No,2026-07-15 14:05:48,No,8.42,1,7.0,1,82.14,0,3,2
E1040,Production,Morning,2026-07-16,2026-07-16 05:46:09,No,2026-07-16 14:31:46,No,8.76,1,7.0,1,82.14,0,3,2
E1040,Production,Morning,2026-07-17,2026-07-17 05:40:38,No,2026-07-17 14:22:23,No,8.7,1,7.0,1,82.14,0,3,2
E1040,Production,Morning,2026-07-18,2026-07-18 05:58:39,No,2026-07-18 14:37:28,No,8.65,1,7.0,1,82.14,0,3,2
E1040,Production,Morning,2026-07-20,2026-07-20 05:56:02,No,2026-07-20 14:41:40,No,8.76,1,7.0,1,82.14,0,3,2
E1040,Production,Morning,2026-07-21,2026-07-21 06:08:07,No,2026-07-21 13:53:10,No,7.75,1,7.0,1,82.14,0,3,2
E1040,Production,Morning,2026-07-22,2026-07-22 06:19:57,Yes,2026-07-22 14:13:32,No,7.89,1,7.0,1,82.14,0,3,2
E1041,Production,Afternoon,2026-05-01,2026-05-01 13:36:20,No,2026-05-01 22:17:48,No,8.69,1,1.0,1,82.14,0,3,0
E1041,Production,Afternoon,2026-05-02,2026-05-02 14:06:02,No,2026-05-02 22:12:24,No,8.11,1,2.0,1,82.14,0,3,0
E1041,Production,Afternoon,2026-05-04,2026-05-04 13:52:12,No,2026-05-04 22:20:06,No,8.46,1,3.0,1,82.14,0,3,0
E1041,Production,Afternoon,2026-05-05,2026-05-05 14:05:12,No,2026-05-05 22:16:37,No,8.19,1,4.0,1,82.14,0,3,0
E1041,Production,Afternoon,2026-05-06,2026-05-06 13:42:07,No,2026-05-06 21:53:49,No,8.2,1,5.0,1,82.14,0,3,0
E1041,Production,Afternoon,2026-05-07,2026-05-07 13:59:03,No,2026-05-07 22:15:19,No,8.27,1,6.0,1,82.14,0,3,0
E1041,Production,Afternoon,2026-05-08,2026-05-08 14:02:15,No,2026-05-08 22:10:10,No,8.13,1,7.0,1,82.14,0,3,0
E1041,Production,Afternoon,2026-05-09,2026-05-09 13:31:02,No,2026-05-09 21:51:23,No,8.34,1,7.0,1,82.14,0,3,0
E1041,Production,Afternoon,2026-05-11,2026-05-11 13:53:00,No,2026-05-11 22:10:38,No,8.29,1,7.0,1,82.14,0,3,0
E1041,Production,Afternoon,2026-05-12,2026-05-12 14:03:44,No,2026-05-12 21:53:24,No,7.83,1,7.0,1,82.14,0,3,0
E1041,Production,Afternoon,2026-05-13,2026-05-13 13:46:43,No,2026-05-13 22:29:27,No,8.71,1,7.0,1,82.14,0,3,0
E1041,Production,Afternoon,2026-05-14,2026-05-14 14:10:19,Yes,2026-05-14 22:16:07,No,8.1,1,7.0,1,82.14,0,3,0
E1041,Production,Afternoon,2026-05-15,2026-05-15 14:16:06,Yes,2026-05-15 21:54:33,No,7.64,1,7.0,1,82.14,0,3,0
E1041,Production,Afternoon,2026-05-16,2026-05-16 14:09:46,No,2026-05-16 21:59:45,No,7.83,1,7.0,1,82.14,0,3,0
E1041,Production,Afternoon,2026-05-18,2026-05-18 13:47:51,No,2026-05-18 21:57:39,No,8.16,1,7.0,1,82.14,0,3,0
E1041,Production,Afternoon,2026-05-20,2026-05-20 13:57:27,No,,,,0,7.0,1,82.14,0,3,0
E1041,Production,Afternoon,2026-05-21,2026-05-21 13:58:56,No,2026-05-21 22:40:47,No,8.7,1,7.0,1,82.14,0,3,0
E1041,Production,Afternoon,2026-05-22,2026-05-22 13:50:19,No,2026-05-22 22:03:35,No,8.22,1,7.0,1,82.14,0,3,0
E1041,Production,Afternoon,2026-05-23,2026-05-23 13:46:03,No,2026-05-23 21:54:36,No,8.14,1,7.0,1,82.14,0,3,0
E1041,Production,Afternoon,2026-05-25,2026-05-25 14:12:39,Yes,2026-05-25 22:11:22,No,7.98,1,7.0,1,82.14,0,3,0
E1041,Production,Afternoon,2026-05-26,2026-05-26 14:21:38,Yes,2026-05-26 22:12:57,No,7.86,1,7.0,1,82.14,0,3,0
E1041,Production,Afternoon,2026-05-27,2026-05-27 14:05:10,No,2026-05-27 22:02:02,No,7.95,1,7.0,1,82.14,0,3,0
E1041,Production,Afternoon,2026-05-28,2026-05-28 14:06:56,No,2026-05-28 21:59:36,No,7.88,1,7.0,1,82.14,0,3,0
E1041,Production,Afternoon,2026-05-29,2026-05-29 13:56:08,No,2026-05-29 22:41:40,No,8.76,1,7.0,1,82.14,0,3,0
E1041,Production,Afternoon,2026-05-30,2026-05-30 13:53:47,No,2026-05-30 21:55:52,No,8.03,1,7.0,1,82.14,0,3,0
E1041,Production,Afternoon,2026-06-01,2026-06-01 14:04:12,No,2026-06-01 22:13:17,No,8.15,1,7.0,1,82.14,0,3,0
E1041,Production,Afternoon,2026-06-02,2026-06-02 13:58:48,No,2026-06-02 22:12:07,No,8.22,1,7.0,1,82.14,0,3,0
E1041,Production,Afternoon,2026-06-03,2026-06-03 13:37:14,No,2026-06-03 22:15:29,No,8.64,1,7.0,1,82.14,0,3,0
E1041,Production,Afternoon,2026-06-04,2026-06-04 14:22:00,Yes,2026-06-04 22:25:39,No,8.06,1,7.0,1,82.14,0,3,0
E1041,Production,Afternoon,2026-06-05,2026-06-05 13:53:55,No,2026-06-05 21:36:23,Yes,7.71,1,7.0,1,82.14,0,3,0
E1041,Production,Afternoon,2026-06-06,2026-06-06 14:15:35,Yes,2026-06-06 22:04:59,No,7.82,1,7.0,1,82.14,0,3,0
E1041,Production,Afternoon,2026-06-08,2026-06-08 13:56:09,No,2026-06-08 21:47:58,No,7.86,1,7.0,1,82.14,0,3,0
E1041,Production,Afternoon,2026-06-09,2026-06-09 13:50:53,No,2026-06-09 21:52:16,No,8.02,1,7.0,1,82.14,0,3,0
E1041,Production,Afternoon,2026-06-10,2026-06-10 14:31:31,Yes,2026-06-10 22:01:40,No,7.5,1,7.0,1,82.14,0,3,0
E1041,Production,Afternoon,2026-06-11,2026-06-11 14:06:33,No,2026-06-11 22:23:41,No,8.29,1,7.0,1,82.14,0,3,0
E1041,Production,Afternoon,2026-06-12,2026-06-12 14:02:36,No,2026-06-12 21:53:12,No,7.84,1,7.0,1,82.14,0,3,0
E1041,Production,Afternoon,2026-06-13,2026-06-13 14:01:03,No,2026-06-13 22:08:28,No,8.12,1,7.0,1,82.14,0,3,0
E1041,Production,Afternoon,2026-06-15,2026-06-15 14:27:52,Yes,2026-06-15 22:16:18,No,7.81,1,7.0,1,82.14,0,3,0
E1041,Production,Afternoon,2026-06-16,2026-06-16 14:08:18,No,2026-06-16 21:51:12,No,7.72,1,7.0,1,82.14,0,3,0
E1041,Production,Afternoon,2026-06-17,2026-06-17 14:34:40,Yes,2026-06-17 22:03:45,No,7.48,1,7.0,1,82.14,0,3,0
E1041,Production,Afternoon,2026-06-18,2026-06-18 13:36:50,No,2026-06-18 22:21:35,No,8.75,1,7.0,1,82.14,0,3,0
E1041,Production,Afternoon,2026-06-19,2026-06-19 13:40:00,No,2026-06-19 21:31:41,Yes,7.86,1,7.0,1,82.14,0,3,0
E1041,Production,Afternoon,2026-06-20,2026-06-20 13:44:24,No,2026-06-20 22:18:53,No,8.57,1,7.0,1,82.14,0,3,0
E1041,Production,Afternoon,2026-06-22,2026-06-22 13:57:46,No,2026-06-22 22:03:54,No,8.1,1,7.0,1,82.14,0,3,0
E1041,Production,Afternoon,2026-06-23,2026-06-23 14:02:31,No,2026-06-23 22:07:59,No,8.09,1,7.0,1,82.14,0,3,0
E1041,Production,Afternoon,2026-06-24,2026-06-24 14:11:33,Yes,2026-06-24 22:20:12,No,8.14,1,7.0,1,82.14,0,3,0
E1041,Production,Afternoon,2026-06-25,2026-06-25 14:09:21,No,2026-06-25 22:18:11,No,8.15,1,7.0,1,82.14,0,3,0
E1041,Production,Afternoon,2026-06-26,2026-06-26 14:05:22,No,2026-06-26 21:35:56,Yes,7.51,1,7.0,1,82.14,0,3,0
E1041,Production,Afternoon,2026-06-27,2026-06-27 13:53:23,No,2026-06-27 21:53:55,No,8.01,1,7.0,1,82.14,0,3,0
E1041,Production,Afternoon,2026-06-29,2026-06-29 14:02:36,No,2026-06-29 22:48:55,No,8.77,1,7.0,1,82.14,0,3,0
E1041,Production,Afternoon,2026-06-30,2026-06-30 14:00:19,No,2026-06-30 22:41:07,No,8.68,1,7.0,1,82.14,0,3,0
E1041,Production,Afternoon,2026-07-01,2026-07-01 13:58:03,No,2026-07-01 21:48:35,No,7.84,1,7.0,1,82.14,0,3,0
E1041,Production,Afternoon,2026-07-02,2026-07-02 13:55:45,No,2026-07-02 22:17:24,No,8.36,1,7.0,1,82.14,0,3,0
E1041,Production,Afternoon,2026-07-03,2026-07-03 14:17:30,Yes,2026-07-03 22:20:38,No,8.05,1,7.0,1,82.14,0,3,0
E1041,Production,Afternoon,2026-07-06,2026-07-06 13:47:31,No,2026-07-06 22:36:11,No,8.81,1,7.0,1,82.14,0,3,0
E1041,Production,Afternoon,2026-07-07,2026-07-07 13:51:43,No,2026-07-07 22:39:43,No,8.8,1,7.0,1,82.14,0,3,0
E1041,Production,Afternoon,2026-07-08,2026-07-08 13:47:19,No,2026-07-08 22:05:22,No,8.3,1,7.0,1,82.14,0,3,0
E1041,Production,Afternoon,2026-07-09,2026-07-09 13:53:10,No,2026-07-09 22:09:36,No,8.27,1,7.0,1,82.14,0,3,0
E1041,Production,Afternoon,2026-07-10,2026-07-10 13:53:50,No,2026-07-10 21:44:04,Yes,7.84,1,7.0,1,82.14,0,3,0
E1041,Production,Afternoon,2026-07-11,2026-07-11 13:41:41,No,2026-07-11 21:57:36,No,8.27,1,7.0,1,82.14,0,3,0
E1041,Production,Afternoon,2026-07-13,2026-07-13 13:58:23,No,2026-07-13 22:05:20,No,8.12,1,7.0,1,82.14,0,3,0
E1041,Production,Afternoon,2026-07-14,2026-07-14 13:27:49,No,2026-07-14 22:11:36,No,8.73,1,7.0,1,82.14,0,3,0
E1041,Production,Afternoon,2026-07-15,2026-07-15 13:51:57,No,2026-07-15 21:59:28,No,8.13,1,7.0,1,82.14,0,3,0
E1041,Production,Afternoon,2026-07-16,2026-07-16 13:46:41,No,2026-07-16 22:01:55,No,8.25,1,7.0,1,82.14,0,3,0
E1041,Production,Afternoon,2026-07-17,2026-07-17 13:53:56,No,2026-07-17 22:07:45,No,8.23,1,7.0,1,82.14,0,3,0
E1041,Production,Afternoon,2026-07-18,2026-07-18 14:03:16,No,2026-07-18 21:46:52,No,7.73,1,7.0,1,82.14,0,3,0
E1041,Production,Afternoon,2026-07-20,2026-07-20 14:00:37,No,2026-07-20 22:13:01,No,8.21,1,7.0,1,82.14,0,3,0
E1041,Production,Afternoon,2026-07-21,2026-07-21 14:03:25,No,2026-07-21 22:14:17,No,8.18,1,7.0,1,82.14,0,3,0
E1041,Production,Afternoon,2026-07-22,2026-07-22 14:14:52,Yes,,,,0,7.0,1,82.14,0,3,0
E1042,Security,Morning,2026-05-01,2026-05-01 06:25:31,Yes,2026-05-01 13:37:02,Yes,7.19,1,1.0,1,86.9,0,5,2
E1042,Security,Morning,2026-05-02,2026-05-02 06:10:26,Yes,2026-05-02 14:07:28,No,7.95,1,2.0,1,86.9,0,5,2
E1042,Security,Morning,2026-05-04,2026-05-04 06:17:09,Yes,2026-05-04 14:26:16,No,8.15,1,3.0,1,86.9,0,5,2
E1042,Security,Morning,2026-05-05,2026-05-05 06:03:24,No,2026-05-05 14:50:13,No,8.78,1,4.0,1,86.9,0,5,2
E1042,Security,Morning,2026-05-06,2026-05-06 06:00:00,No,2026-05-06 14:00:29,No,8.01,1,5.0,1,86.9,0,5,2
E1042,Security,Morning,2026-05-07,2026-05-07 05:53:51,No,2026-05-07 14:05:06,No,8.19,1,6.0,1,86.9,0,5,2
E1042,Security,Morning,2026-05-08,2026-05-08 06:11:20,Yes,2026-05-08 14:06:49,No,7.92,1,7.0,1,86.9,0,5,2
E1042,Security,Morning,2026-05-09,2026-05-09 06:07:30,No,2026-05-09 14:23:40,No,8.27,1,7.0,1,86.9,0,5,2
E1042,Security,Morning,2026-05-11,2026-05-11 06:11:46,Yes,2026-05-11 14:39:48,No,8.47,1,7.0,1,86.9,0,5,2
E1042,Security,Morning,2026-05-12,2026-05-12 06:07:04,No,2026-05-12 13:51:18,No,7.74,1,7.0,1,86.9,0,5,2
E1042,Security,Morning,2026-05-13,2026-05-13 05:54:29,No,2026-05-13 14:01:28,No,8.12,1,7.0,1,86.9,0,5,2
E1042,Security,Morning,2026-05-14,2026-05-14 05:53:29,No,2026-05-14 13:47:50,No,7.91,1,7.0,1,86.9,0,5,2
E1042,Security,Morning,2026-05-15,2026-05-15 05:58:20,No,2026-05-15 14:41:52,No,8.73,1,7.0,1,86.9,0,5,2
E1042,Security,Morning,2026-05-16,2026-05-16 05:56:33,No,2026-05-16 14:13:11,No,8.28,1,7.0,1,86.9,0,5,2
E1042,Security,Morning,2026-05-18,2026-05-18 05:45:13,No,,,,0,7.0,1,86.9,0,5,2
E1042,Security,Morning,2026-05-19,2026-05-19 06:02:48,No,2026-05-19 14:25:07,No,8.37,1,7.0,1,86.9,0,5,2
E1042,Security,Morning,2026-05-20,2026-05-20 05:49:14,No,2026-05-20 14:09:55,No,8.34,1,7.0,1,86.9,0,5,2
E1042,Security,Morning,2026-05-21,2026-05-21 05:57:10,No,2026-05-21 14:00:22,No,8.05,1,7.0,1,86.9,0,5,2
E1042,Security,Morning,2026-05-22,2026-05-22 06:01:55,No,2026-05-22 13:54:49,No,7.88,1,7.0,1,86.9,0,5,2
E1042,Security,Morning,2026-05-23,2026-05-23 06:05:23,No,2026-05-23 14:37:07,No,8.53,1,7.0,1,86.9,0,5,2
E1042,Security,Morning,2026-05-25,2026-05-25 06:15:08,Yes,2026-05-25 14:16:52,No,8.03,1,7.0,1,86.9,0,5,2
E1042,Security,Morning,2026-05-26,2026-05-26 05:26:07,No,2026-05-26 13:49:14,No,8.39,1,7.0,1,86.9,0,5,2
E1042,Security,Morning,2026-05-27,2026-05-27 06:04:43,No,2026-05-27 13:46:02,No,7.69,1,7.0,1,86.9,0,5,2
E1042,Security,Morning,2026-05-28,2026-05-28 06:08:36,No,2026-05-28 14:25:01,No,8.27,1,7.0,1,86.9,0,5,2
E1042,Security,Morning,2026-05-29,2026-05-29 05:58:33,No,2026-05-29 14:09:47,No,8.19,1,7.0,1,86.9,0,5,2
E1042,Security,Morning,2026-05-30,2026-05-30 05:50:21,No,2026-05-30 14:02:05,No,8.2,1,7.0,1,86.9,0,5,2
E1042,Security,Morning,2026-05-31,2026-05-31 06:02:03,No,2026-05-31 14:16:19,No,8.24,1,7.0,1,86.9,0,5,2
E1042,Security,Morning,2026-06-01,2026-06-01 05:58:33,No,2026-06-01 14:00:53,No,8.04,1,7.0,1,86.9,0,5,2
E1042,Security,Morning,2026-06-02,2026-06-02 05:56:34,No,2026-06-02 14:37:07,No,8.68,1,7.0,1,86.9,0,5,2
E1042,Security,Morning,2026-06-03,2026-06-03 05:47:02,No,2026-06-03 14:33:01,No,8.77,1,7.0,1,86.9,0,5,2
E1042,Security,Morning,2026-06-04,2026-06-04 05:59:21,No,2026-06-04 13:35:29,Yes,7.6,1,7.0,1,86.9,0,5,2
E1042,Security,Morning,2026-06-05,2026-06-05 05:36:21,No,2026-06-05 14:12:13,No,8.6,1,7.0,1,86.9,0,5,2
E1042,Security,Morning,2026-06-06,2026-06-06 06:04:49,No,2026-06-06 14:16:39,No,8.2,1,7.0,1,86.9,0,5,2
E1042,Security,Morning,2026-06-08,2026-06-08 06:03:54,No,2026-06-08 14:11:44,No,8.13,1,7.0,1,86.9,0,5,2
E1042,Security,Morning,2026-06-09,2026-06-09 05:58:39,No,2026-06-09 14:30:03,No,8.52,1,7.0,1,86.9,0,5,2
E1042,Security,Morning,2026-06-10,2026-06-10 05:44:53,No,2026-06-10 14:11:28,No,8.44,1,7.0,1,86.9,0,5,2
E1042,Security,Morning,2026-06-11,2026-06-11 06:07:48,No,2026-06-11 14:28:02,No,8.34,1,7.0,1,86.9,0,5,2
E1042,Security,Morning,2026-06-13,2026-06-13 05:56:13,No,2026-06-13 13:49:02,No,7.88,1,7.0,1,86.9,0,5,2
E1042,Security,Morning,2026-06-14,2026-06-14 05:53:58,No,2026-06-14 14:36:47,No,8.71,1,7.0,1,86.9,0,5,2
E1042,Security,Morning,2026-06-15,2026-06-15 06:12:38,Yes,2026-06-15 13:42:35,Yes,7.5,1,7.0,1,86.9,0,5,2
E1042,Security,Morning,2026-06-16,2026-06-16 06:03:53,No,2026-06-16 14:06:07,No,8.04,1,7.0,1,86.9,0,5,2
E1042,Security,Morning,2026-06-17,2026-06-17 06:00:35,No,2026-06-17 13:58:28,No,7.96,1,7.0,1,86.9,0,5,2
E1042,Security,Morning,2026-06-18,2026-06-18 05:44:56,No,2026-06-18 14:29:47,No,8.75,1,7.0,1,86.9,0,5,2
E1042,Security,Morning,2026-06-19,2026-06-19 05:45:05,No,2026-06-19 14:21:12,No,8.6,1,7.0,1,86.9,0,5,2
E1042,Security,Morning,2026-06-20,2026-06-20 05:51:04,No,2026-06-20 14:02:49,No,8.2,1,7.0,1,86.9,0,5,2
E1042,Security,Morning,2026-06-22,2026-06-22 05:38:31,No,2026-06-22 13:58:19,No,8.33,1,7.0,1,86.9,0,5,2
E1042,Security,Morning,2026-06-23,2026-06-23 05:33:39,No,2026-06-23 13:52:56,No,8.32,1,7.0,1,86.9,0,5,2
E1042,Security,Morning,2026-06-24,2026-06-24 06:02:43,No,2026-06-24 14:03:44,No,8.02,1,7.0,1,86.9,0,5,2
E1042,Security,Morning,2026-06-25,2026-06-25 05:49:14,No,2026-06-25 13:47:51,No,7.98,1,7.0,1,86.9,0,5,2
E1042,Security,Morning,2026-06-26,2026-06-26 05:49:59,No,2026-06-26 13:38:17,Yes,7.8,1,7.0,1,86.9,0,5,2
E1042,Security,Morning,2026-06-27,2026-06-27 05:58:25,No,2026-06-27 13:48:04,No,7.83,1,7.0,1,86.9,0,5,2
E1042,Security,Morning,2026-06-28,2026-06-28 06:03:03,No,2026-06-28 14:07:07,No,8.07,1,7.0,1,86.9,0,5,2
E1042,Security,Morning,2026-06-29,2026-06-29 06:02:16,No,2026-06-29 14:09:20,No,8.12,1,7.0,1,86.9,0,5,2
E1042,Security,Morning,2026-06-30,2026-06-30 06:00:49,No,2026-06-30 14:09:58,No,8.15,1,7.0,1,86.9,0,5,2
E1042,Security,Morning,2026-07-01,2026-07-01 06:10:17,Yes,2026-07-01 13:40:07,Yes,7.5,1,7.0,1,86.9,0,5,2
E1042,Security,Morning,2026-07-02,2026-07-02 06:00:44,No,2026-07-02 14:04:28,No,8.06,1,7.0,1,86.9,0,5,2
E1042,Security,Morning,2026-07-03,2026-07-03 06:10:30,Yes,2026-07-03 14:03:56,No,7.89,1,7.0,1,86.9,0,5,2
E1042,Security,Morning,2026-07-04,2026-07-04 05:47:40,No,2026-07-04 14:10:16,No,8.38,1,7.0,1,86.9,0,5,2
E1042,Security,Morning,2026-07-06,2026-07-06 05:53:24,No,2026-07-06 13:58:27,No,8.08,1,7.0,1,86.9,0,5,2
E1042,Security,Morning,2026-07-07,2026-07-07 05:37:05,No,2026-07-07 13:31:23,Yes,7.9,1,7.0,1,86.9,0,5,2
E1042,Security,Morning,2026-07-08,2026-07-08 05:31:15,No,2026-07-08 14:24:44,No,8.89,1,7.0,1,86.9,0,5,2
E1042,Security,Morning,2026-07-10,2026-07-10 05:52:24,No,2026-07-10 14:22:32,No,8.5,1,7.0,1,86.9,0,5,2
E1042,Security,Morning,2026-07-11,2026-07-11 05:58:37,No,2026-07-11 13:33:02,Yes,7.57,1,7.0,1,86.9,0,5,2
E1042,Security,Morning,2026-07-12,2026-07-12 06:10:34,Yes,2026-07-12 14:20:31,No,8.17,1,7.0,1,86.9,0,5,2
E1042,Security,Morning,2026-07-13,2026-07-13 05:43:11,No,2026-07-13 14:01:24,No,8.3,1,7.0,1,86.9,0,5,2
E1042,Security,Morning,2026-07-14,2026-07-14 06:24:06,Yes,2026-07-14 14:06:44,No,7.71,1,7.0,1,86.9,0,5,2
E1042,Security,Morning,2026-07-15,2026-07-15 06:11:48,Yes,2026-07-15 13:52:39,No,7.68,1,7.0,1,86.9,0,5,2
E1042,Security,Morning,2026-07-16,2026-07-16 06:05:04,No,2026-07-16 14:12:08,No,8.12,1,7.0,1,86.9,0,5,2
E1042,Security,Morning,2026-07-17,2026-07-17 06:03:26,No,2026-07-17 13:58:48,No,7.92,1,7.0,1,86.9,0,5,2
E1042,Security,Morning,2026-07-18,2026-07-18 05:48:17,No,2026-07-18 14:08:16,No,8.33,1,7.0,1,86.9,0,5,2
E1042,Security,Morning,2026-07-20,2026-07-20 05:34:53,No,2026-07-20 14:41:33,No,9.11,1,7.0,1,86.9,0,5,2
E1042,Security,Morning,2026-07-21,2026-07-21 06:09:30,No,2026-07-21 13:49:34,No,7.67,1,7.0,1,86.9,0,5,2
E1042,Security,Morning,2026-07-22,2026-07-22 06:16:26,Yes,2026-07-22 14:00:39,No,7.74,1,7.0,1,86.9,0,5,2
E1043,Production,Afternoon,2026-05-01,2026-05-01 14:07:17,No,2026-05-01 22:26:48,No,8.33,1,1.0,1,82.14,0,3,0
E1043,Production,Afternoon,2026-05-02,2026-05-02 13:46:27,No,2026-05-02 22:11:22,No,8.42,1,2.0,1,82.14,0,3,0
E1043,Production,Afternoon,2026-05-04,2026-05-04 13:55:23,No,2026-05-04 22:21:29,No,8.44,1,3.0,1,82.14,0,3,0
E1043,Production,Afternoon,2026-05-05,2026-05-05 14:04:27,No,2026-05-05 22:21:09,No,8.28,1,4.0,1,82.14,0,3,0
E1043,Production,Afternoon,2026-05-06,2026-05-06 13:51:21,No,2026-05-06 22:29:28,No,8.64,1,5.0,1,82.14,0,3,0
E1043,Production,Afternoon,2026-05-07,2026-05-07 14:11:06,Yes,2026-05-07 22:35:36,No,8.41,1,6.0,1,82.14,0,3,0
E1043,Production,Afternoon,2026-05-08,2026-05-08 13:44:49,No,2026-05-08 22:33:35,No,8.81,1,7.0,1,82.14,0,3,0
E1043,Production,Afternoon,2026-05-09,2026-05-09 14:08:22,No,2026-05-09 21:41:18,Yes,7.55,1,7.0,1,82.14,0,3,0
E1043,Production,Afternoon,2026-05-11,2026-05-11 13:47:17,No,2026-05-11 22:27:45,No,8.67,1,7.0,1,82.14,0,3,0
E1043,Production,Afternoon,2026-05-14,2026-05-14 13:40:50,No,2026-05-14 22:28:55,No,8.8,1,7.0,1,82.14,0,3,0
E1043,Production,Afternoon,2026-05-15,2026-05-15 14:16:03,Yes,2026-05-15 22:37:51,No,8.36,1,7.0,1,82.14,0,3,0
E1043,Production,Afternoon,2026-05-16,2026-05-16 14:15:02,Yes,2026-05-16 22:38:04,No,8.38,1,7.0,1,82.14,0,3,0
E1043,Production,Afternoon,2026-05-18,2026-05-18 14:06:23,No,2026-05-18 22:19:16,No,8.21,1,7.0,1,82.14,0,3,0
E1043,Production,Afternoon,2026-05-19,2026-05-19 13:39:08,No,2026-05-19 22:10:48,No,8.53,1,7.0,1,82.14,0,3,0
E1043,Production,Afternoon,2026-05-20,2026-05-20 13:49:27,No,2026-05-20 21:32:28,Yes,7.72,1,7.0,1,82.14,0,3,0
E1043,Production,Afternoon,2026-05-21,2026-05-21 13:51:11,No,2026-05-21 21:58:27,No,8.12,1,7.0,1,82.14,0,3,0
E1043,Production,Afternoon,2026-05-22,2026-05-22 13:55:08,No,2026-05-22 22:20:01,No,8.41,1,7.0,1,82.14,0,3,0
E1043,Production,Afternoon,2026-05-23,2026-05-23 14:09:05,No,2026-05-23 22:24:07,No,8.25,1,7.0,1,82.14,0,3,0
E1043,Production,Afternoon,2026-05-25,2026-05-25 13:53:17,No,2026-05-25 22:08:37,No,8.26,1,7.0,1,82.14,0,3,0
E1043,Production,Afternoon,2026-05-26,2026-05-26 14:13:49,Yes,2026-05-26 22:34:00,No,8.34,1,7.0,1,82.14,0,3,0
E1043,Production,Afternoon,2026-05-27,2026-05-27 14:21:57,Yes,2026-05-27 22:01:49,No,7.66,1,7.0,1,82.14,0,3,0
E1043,Production,Afternoon,2026-05-28,2026-05-28 13:27:48,No,2026-05-28 22:05:00,No,8.62,1,7.0,1,82.14,0,3,0
E1043,Production,Afternoon,2026-05-29,2026-05-29 13:54:32,No,2026-05-29 22:05:30,No,8.18,1,7.0,1,82.14,0,3,0
E1043,Production,Afternoon,2026-05-30,2026-05-30 13:46:21,No,2026-05-30 22:04:55,No,8.31,1,7.0,1,82.14,0,3,0
E1043,Production,Afternoon,2026-06-01,2026-06-01 13:45:12,No,2026-06-01 22:20:36,No,8.59,1,7.0,1,82.14,0,3,0
E1043,Production,Afternoon,2026-06-02,2026-06-02 13:53:16,No,2026-06-02 22:21:35,No,8.47,1,7.0,1,82.14,0,3,0
E1043,Production,Afternoon,2026-06-03,2026-06-03 13:43:33,No,2026-06-03 22:05:07,No,8.36,1,7.0,1,82.14,0,3,0
E1043,Production,Afternoon,2026-06-04,2026-06-04 13:48:13,No,2026-06-04 21:47:48,No,7.99,1,7.0,1,82.14,0,3,0
E1043,Production,Afternoon,2026-06-05,2026-06-05 13:39:54,No,2026-06-05 21:33:22,Yes,7.89,1,7.0,1,82.14,0,3,0
E1043,Production,Afternoon,2026-06-06,2026-06-06 14:17:42,Yes,2026-06-06 22:04:22,No,7.78,1,7.0,1,82.14,0,3,0
E1043,Production,Afternoon,2026-06-08,2026-06-08 14:15:56,Yes,2026-06-08 21:48:00,No,7.53,1,7.0,1,82.14,0,3,0
E1043,Production,Afternoon,2026-06-09,2026-06-09 13:50:24,No,2026-06-09 21:47:10,No,7.95,1,7.0,1,82.14,0,3,0
E1043,Production,Afternoon,2026-06-10,2026-06-10 14:14:22,Yes,2026-06-10 22:10:05,No,7.93,1,7.0,1,82.14,0,3,0
E1043,Production,Afternoon,2026-06-11,2026-06-11 13:28:56,No,2026-06-11 22:09:23,No,8.67,1,7.0,1,82.14,0,3,0
E1043,Production,Afternoon,2026-06-12,2026-06-12 13:53:21,No,2026-06-12 21:56:49,No,8.06,1,7.0,1,82.14,0,3,0
E1043,Production,Afternoon,2026-06-13,2026-06-13 13:57:36,No,2026-06-13 22:13:27,No,8.26,1,7.0,1,82.14,0,3,0
E1043,Production,Afternoon,2026-06-15,2026-06-15 13:59:01,No,2026-06-15 22:12:24,No,8.22,1,7.0,1,82.14,0,3,0
E1043,Production,Afternoon,2026-06-16,2026-06-16 13:38:26,No,2026-06-16 22:27:12,No,8.81,1,7.0,1,82.14,0,3,0
E1043,Production,Afternoon,2026-06-17,2026-06-17 13:59:19,No,2026-06-17 21:54:15,No,7.92,1,7.0,1,82.14,0,3,0
E1043,Production,Afternoon,2026-06-18,2026-06-18 13:50:35,No,2026-06-18 22:12:15,No,8.36,1,7.0,1,82.14,0,3,0
E1043,Production,Afternoon,2026-06-19,2026-06-19 13:59:58,No,2026-06-19 21:55:18,No,7.92,1,7.0,1,82.14,0,3,0
E1043,Production,Afternoon,2026-06-20,2026-06-20 14:01:11,No,2026-06-20 21:45:04,No,7.73,1,7.0,1,82.14,0,3,0
E1043,Production,Afternoon,2026-06-22,2026-06-22 13:54:34,No,2026-06-22 22:33:11,No,8.64,1,7.0,1,82.14,0,3,0
E1043,Production,Afternoon,2026-06-23,2026-06-23 14:02:26,No,2026-06-23 22:14:28,No,8.2,1,7.0,1,82.14,0,3,0
E1043,Production,Afternoon,2026-06-24,2026-06-24 13:57:46,No,2026-06-24 22:03:09,No,8.09,1,7.0,1,82.14,0,3,0
E1043,Production,Afternoon,2026-06-25,2026-06-25 14:09:31,No,2026-06-25 22:09:14,No,8.0,1,7.0,1,82.14,0,3,0
E1043,Production,Afternoon,2026-06-26,2026-06-26 14:06:24,No,2026-06-26 22:07:40,No,8.02,1,7.0,1,82.14,0,3,0
E1043,Production,Afternoon,2026-06-27,2026-06-27 13:41:50,No,2026-06-27 21:51:06,No,8.15,1,7.0,1,82.14,0,3,0
E1043,Production,Afternoon,2026-06-29,2026-06-29 14:11:49,Yes,2026-06-29 22:29:43,No,8.3,1,7.0,1,82.14,0,3,0
E1043,Production,Afternoon,2026-06-30,2026-06-30 13:53:16,No,2026-06-30 22:21:57,No,8.48,1,7.0,1,82.14,0,3,0
E1043,Production,Afternoon,2026-07-01,2026-07-01 14:12:09,Yes,2026-07-01 21:33:49,Yes,7.36,1,7.0,1,82.14,0,3,0
E1043,Production,Afternoon,2026-07-02,2026-07-02 14:21:14,Yes,2026-07-02 22:02:26,No,7.69,1,7.0,1,82.14,0,3,0
E1043,Production,Afternoon,2026-07-03,2026-07-03 13:55:42,No,2026-07-03 21:41:35,Yes,7.76,1,7.0,1,82.14,0,3,0
E1043,Production,Afternoon,2026-07-04,2026-07-04 13:31:47,No,2026-07-04 21:58:59,No,8.45,1,7.0,1,82.14,0,3,0
E1043,Production,Afternoon,2026-07-06,2026-07-06 14:08:39,No,2026-07-06 21:50:51,No,7.7,1,7.0,1,82.14,0,3,0
E1043,Production,Afternoon,2026-07-07,2026-07-07 14:14:42,Yes,2026-07-07 21:47:44,No,7.55,1,7.0,1,82.14,0,3,0
E1043,Production,Afternoon,2026-07-08,2026-07-08 13:45:57,No,2026-07-08 22:08:52,No,8.38,1,7.0,1,82.14,0,3,0
E1043,Production,Afternoon,2026-07-09,2026-07-09 14:09:58,No,2026-07-09 22:19:37,No,8.16,1,7.0,1,82.14,0,3,0
E1043,Production,Afternoon,2026-07-10,2026-07-10 14:10:05,Yes,2026-07-10 22:25:48,No,8.26,1,7.0,1,82.14,0,3,0
E1043,Production,Afternoon,2026-07-11,2026-07-11 13:53:39,No,2026-07-11 22:07:32,No,8.23,1,7.0,1,82.14,0,3,0
E1043,Production,Afternoon,2026-07-13,2026-07-13 13:30:45,No,2026-07-13 21:59:06,No,8.47,1,7.0,1,82.14,0,3,0
E1043,Production,Afternoon,2026-07-14,2026-07-14 14:07:33,No,2026-07-14 22:17:41,No,8.17,1,7.0,1,82.14,0,3,0
E1043,Production,Afternoon,2026-07-15,2026-07-15 14:04:32,No,2026-07-15 22:28:54,No,8.41,1,7.0,1,82.14,0,3,0
E1043,Production,Afternoon,2026-07-16,2026-07-16 13:40:45,No,2026-07-16 22:15:20,No,8.58,1,7.0,1,82.14,0,3,0
E1043,Production,Afternoon,2026-07-17,2026-07-17 14:10:17,Yes,2026-07-17 22:00:06,No,7.83,1,7.0,1,82.14,0,3,0
E1043,Production,Afternoon,2026-07-18,2026-07-18 13:52:41,No,2026-07-18 22:05:01,No,8.21,1,7.0,1,82.14,0,3,0
E1043,Production,Afternoon,2026-07-20,2026-07-20 13:35:14,No,2026-07-20 22:23:30,No,8.8,1,7.0,1,82.14,0,3,0
E1043,Production,Afternoon,2026-07-21,2026-07-21 13:36:54,No,2026-07-21 22:08:50,No,8.53,1,7.0,1,82.14,0,3,0
E1043,Production,Afternoon,2026-07-22,2026-07-22 13:31:49,No,2026-07-22 22:14:13,No,8.71,1,7.0,1,82.14,0,3,0
E1044,Maintenance,Night,2026-05-02,2026-05-02 21:49:22,No,,,,0,1.0,1,77.38,1,1,3
E1044,Maintenance,Night,2026-05-04,2026-05-04 21:54:06,No,,,,0,2.0,1,77.38,1,1,3
E1044,Maintenance,Night,2026-05-05,2026-05-05 22:07:00,No,2026-05-06 05:41:01,Yes,7.57,1,3.0,1,77.38,1,1,3
E1044,Maintenance,Night,2026-05-06,2026-05-06 22:21:11,Yes,2026-05-07 06:03:01,No,7.7,1,4.0,1,77.38,1,1,3
E1044,Maintenance,Night,2026-05-07,2026-05-07 22:09:19,No,2026-05-08 05:47:05,No,7.63,1,5.0,1,77.38,1,1,3
E1044,Maintenance,Night,2026-05-08,2026-05-08 21:44:13,No,2026-05-09 05:49:51,No,8.09,1,6.0,1,77.38,1,1,3
E1044,Maintenance,Night,2026-05-09,2026-05-09 21:28:23,No,2026-05-10 05:43:37,Yes,8.25,1,7.0,1,77.38,1,1,3
E1044,Maintenance,Night,2026-05-11,2026-05-11 21:39:37,No,,,,0,7.0,1,77.38,1,1,3
E1044,Maintenance,Night,2026-05-12,2026-05-12 21:59:10,No,2026-05-13 05:46:58,No,7.8,1,7.0,1,77.38,1,1,3
E1044,Maintenance,Night,2026-05-14,2026-05-14 21:52:22,No,,,,0,7.0,1,77.38,1,1,3
E1044,Maintenance,Night,2026-05-15,2026-05-15 21:51:12,No,2026-05-16 05:53:46,No,8.04,1,7.0,1,77.38,1,1,3
E1044,Maintenance,Night,2026-05-16,2026-05-16 22:29:41,Yes,2026-05-17 06:09:29,No,7.66,1,7.0,1,77.38,1,1,3
E1044,Maintenance,Night,2026-05-18,2026-05-18 22:08:23,No,,,,0,7.0,1,77.38,1,1,3
E1044,Maintenance,Night,2026-05-19,2026-05-19 21:58:16,No,2026-05-20 06:19:30,No,8.35,1,7.0,1,77.38,1,1,3
E1044,Maintenance,Night,2026-05-20,2026-05-20 22:12:45,Yes,2026-05-21 05:55:24,No,7.71,1,7.0,1,77.38,1,1,3
E1044,Maintenance,Night,2026-05-21,2026-05-21 21:48:20,No,,,,0,7.0,1,77.38,1,1,3
E1044,Maintenance,Night,2026-05-22,2026-05-22 22:06:05,No,2026-05-23 06:12:08,No,8.1,1,7.0,1,77.38,1,1,3
E1044,Maintenance,Night,2026-05-25,2026-05-25 22:08:57,No,,,,0,7.0,1,77.38,1,1,3
E1044,Maintenance,Night,2026-05-26,2026-05-26 22:13:14,Yes,2026-05-27 05:47:45,No,7.58,1,7.0,1,77.38,1,1,3
E1044,Maintenance,Night,2026-05-28,2026-05-28 22:11:24,Yes,,,,0,7.0,1,77.38,1,1,3
E1044,Maintenance,Night,2026-05-29,2026-05-29 21:44:56,No,2026-05-30 05:47:29,No,8.04,1,7.0,1,77.38,1,1,3
E1044,Maintenance,Night,2026-05-30,2026-05-30 21:56:50,No,2026-05-31 06:22:26,No,8.43,1,7.0,1,77.38,1,1,3
E1044,Maintenance,Night,2026-06-01,2026-06-01 21:54:59,No,,,,0,7.0,1,77.38,1,1,3
E1044,Maintenance,Night,2026-06-02,2026-06-02 22:09:47,No,2026-06-03 06:07:49,No,7.97,1,7.0,1,77.38,1,1,3
E1044,Maintenance,Night,2026-06-03,2026-06-03 21:39:38,No,2026-06-04 06:12:48,No,8.55,1,7.0,1,77.38,1,1,3
E1044,Maintenance,Night,2026-06-04,2026-06-04 21:34:43,No,2026-06-05 05:53:33,No,8.31,1,7.0,1,77.38,1,1,3
E1044,Maintenance,Night,2026-06-05,2026-06-05 22:05:46,No,2026-06-06 06:02:20,No,7.94,1,7.0,1,77.38,1,1,3
E1044,Maintenance,Night,2026-06-06,2026-06-06 21:48:50,No,2026-06-07 06:20:41,No,8.53,1,7.0,1,77.38,1,1,3
E1044,Maintenance,Night,2026-06-08,2026-06-08 21:31:50,No,,,,0,7.0,1,77.38,1,1,3
E1044,Maintenance,Night,2026-06-09,2026-06-09 22:10:43,Yes,2026-06-10 05:38:42,Yes,7.47,1,7.0,1,77.38,1,1,3
E1044,Maintenance,Night,2026-06-10,2026-06-10 21:49:48,No,2026-06-11 06:03:51,No,8.23,1,7.0,1,77.38,1,1,3
E1044,Maintenance,Night,2026-06-11,2026-06-11 21:50:21,No,2026-06-12 06:19:53,No,8.49,1,7.0,1,77.38,1,1,3
E1044,Maintenance,Night,2026-06-12,2026-06-12 22:19:37,Yes,2026-06-13 06:18:06,No,7.97,1,7.0,1,77.38,1,1,3
E1044,Maintenance,Night,2026-06-13,2026-06-13 21:46:58,No,2026-06-14 05:36:23,Yes,7.82,1,7.0,1,77.38,1,1,3
E1044,Maintenance,Night,2026-06-15,2026-06-15 21:59:53,No,,,,0,7.0,1,77.38,1,1,3
E1044,Maintenance,Night,2026-06-16,2026-06-16 21:55:08,No,2026-06-17 06:29:48,No,8.58,1,7.0,1,77.38,1,1,3
E1044,Maintenance,Night,2026-06-17,2026-06-17 21:50:19,No,2026-06-18 05:45:35,No,7.92,1,7.0,1,77.38,1,1,3
E1044,Maintenance,Night,2026-06-18,2026-06-18 21:37:47,No,2026-06-19 06:01:32,No,8.4,1,7.0,1,77.38,1,1,3
E1044,Maintenance,Night,2026-06-22,2026-06-22 22:18:03,Yes,,,,0,7.0,1,77.38,1,1,3
E1044,Maintenance,Night,2026-06-23,2026-06-23 22:09:16,No,2026-06-24 05:41:38,Yes,7.54,1,7.0,1,77.38,1,1,3
E1044,Maintenance,Night,2026-06-24,2026-06-24 21:49:59,No,2026-06-25 06:06:55,No,8.28,1,7.0,1,77.38,1,1,3
E1044,Maintenance,Night,2026-06-25,2026-06-25 21:33:19,No,2026-06-26 05:52:30,No,8.32,1,7.0,1,77.38,1,1,3
E1044,Maintenance,Night,2026-06-26,2026-06-26 21:58:11,No,2026-06-27 05:43:09,Yes,7.75,1,7.0,1,77.38,1,1,3
E1044,Maintenance,Night,2026-06-27,2026-06-27 22:04:02,No,2026-06-28 06:13:34,No,8.16,1,7.0,1,77.38,1,1,3
E1044,Maintenance,Night,2026-06-29,2026-06-29 21:44:13,No,,,,0,7.0,1,77.38,1,1,3
E1044,Maintenance,Night,2026-06-30,2026-06-30 22:14:56,Yes,2026-07-01 06:07:47,No,7.88,1,7.0,1,77.38,1,1,3
E1044,Maintenance,Night,2026-07-01,2026-07-01 21:51:29,No,2026-07-02 06:05:58,No,8.24,1,7.0,1,77.38,1,1,3
E1044,Maintenance,Night,2026-07-02,2026-07-02 21:57:01,No,2026-07-03 05:37:27,Yes,7.67,1,7.0,1,77.38,1,1,3
E1044,Maintenance,Night,2026-07-03,2026-07-03 22:00:50,No,2026-07-04 06:02:38,No,8.03,1,7.0,1,77.38,1,1,3
E1044,Maintenance,Night,2026-07-04,2026-07-04 22:14:24,Yes,2026-07-05 05:58:30,No,7.74,1,7.0,1,77.38,1,1,3
E1044,Maintenance,Night,2026-07-06,2026-07-06 21:50:55,No,,,,0,7.0,1,77.38,1,1,3
E1044,Maintenance,Night,2026-07-07,2026-07-07 21:58:49,No,2026-07-08 05:52:16,No,7.89,1,7.0,1,77.38,1,1,3
E1044,Maintenance,Night,2026-07-08,2026-07-08 21:42:08,No,2026-07-09 06:16:37,No,8.57,1,7.0,1,77.38,1,1,3
E1044,Maintenance,Night,2026-07-09,2026-07-09 21:57:13,No,,,,0,7.0,1,77.38,1,1,3
E1044,Maintenance,Night,2026-07-10,2026-07-10 21:45:58,No,2026-07-11 05:57:00,No,8.18,1,7.0,1,77.38,1,1,3
E1044,Maintenance,Night,2026-07-11,2026-07-11 22:01:24,No,2026-07-12 06:05:10,No,8.06,1,7.0,1,77.38,1,1,3
E1044,Maintenance,Night,2026-07-13,2026-07-13 21:32:17,No,,,,0,7.0,1,77.38,1,1,3
E1044,Maintenance,Night,2026-07-14,2026-07-14 22:10:50,Yes,2026-07-15 06:34:51,No,8.4,1,7.0,1,77.38,1,1,3
E1044,Maintenance,Night,2026-07-15,2026-07-15 21:48:24,No,2026-07-16 06:02:54,No,8.24,1,7.0,1,77.38,1,1,3
E1044,Maintenance,Night,2026-07-16,2026-07-16 22:16:13,Yes,2026-07-17 06:20:56,No,8.08,1,7.0,1,77.38,1,1,3
E1044,Maintenance,Night,2026-07-17,2026-07-17 21:53:36,No,2026-07-18 06:35:50,No,8.7,1,7.0,1,77.38,1,1,3
E1044,Maintenance,Night,2026-07-18,2026-07-18 21:45:02,No,2026-07-19 05:57:12,No,8.2,1,7.0,1,77.38,1,1,3
E1044,Maintenance,Night,2026-07-20,2026-07-20 22:25:26,Yes,,,,0,7.0,1,77.38,1,1,3
E1044,Maintenance,Night,2026-07-21,2026-07-21 21:39:08,No,2026-07-22 06:24:52,No,8.76,1,7.0,1,77.38,1,1,3
E1044,Maintenance,Night,2026-07-22,2026-07-22 21:52:40,No,2026-07-23 06:05:20,No,8.21,1,7.0,1,77.38,1,1,3
E1045,Production,Morning,2026-05-01,2026-05-01 06:03:39,No,2026-05-01 14:14:03,No,8.17,1,1.0,1,80.95,0,3,2
E1045,Production,Morning,2026-05-02,2026-05-02 05:43:15,No,2026-05-02 14:10:30,No,8.45,1,2.0,1,80.95,0,3,2
E1045,Production,Morning,2026-05-04,2026-05-04 06:17:07,Yes,2026-05-04 14:16:45,No,7.99,1,3.0,1,80.95,0,3,2
E1045,Production,Morning,2026-05-05,2026-05-05 05:56:13,No,2026-05-05 14:18:23,No,8.37,1,4.0,1,80.95,0,3,2
E1045,Production,Morning,2026-05-06,2026-05-06 05:40:32,No,2026-05-06 13:53:25,No,8.21,1,5.0,1,80.95,0,3,2
E1045,Production,Morning,2026-05-07,2026-05-07 05:47:19,No,2026-05-07 13:51:46,No,8.07,1,6.0,1,80.95,0,3,2
E1045,Production,Morning,2026-05-08,2026-05-08 06:07:43,No,2026-05-08 13:55:15,No,7.79,1,7.0,1,80.95,0,3,2
E1045,Production,Morning,2026-05-09,2026-05-09 05:28:35,No,2026-05-09 13:22:04,Yes,7.89,1,7.0,1,80.95,0,3,2
E1045,Production,Morning,2026-05-11,2026-05-11 05:58:29,No,2026-05-11 14:18:17,No,8.33,1,7.0,1,80.95,0,3,2
E1045,Production,Morning,2026-05-12,2026-05-12 06:07:29,No,2026-05-12 14:15:30,No,8.13,1,7.0,1,80.95,0,3,2
E1045,Production,Morning,2026-05-13,2026-05-13 05:41:41,No,2026-05-13 13:42:09,Yes,8.01,1,7.0,1,80.95,0,3,2
E1045,Production,Morning,2026-05-14,2026-05-14 06:03:11,No,2026-05-14 13:59:10,No,7.93,1,7.0,1,80.95,0,3,2
E1045,Production,Morning,2026-05-15,2026-05-15 05:31:56,No,2026-05-15 14:02:59,No,8.52,1,7.0,1,80.95,0,3,2
E1045,Production,Morning,2026-05-18,2026-05-18 06:00:54,No,2026-05-18 13:56:14,No,7.92,1,7.0,1,80.95,0,3,2
E1045,Production,Morning,2026-05-19,2026-05-19 06:20:12,Yes,2026-05-19 13:25:54,Yes,7.1,1,7.0,1,80.95,0,3,2
E1045,Production,Morning,2026-05-20,2026-05-20 05:58:07,No,2026-05-20 13:52:31,No,7.91,1,7.0,1,80.95,0,3,2
E1045,Production,Morning,2026-05-21,2026-05-21 05:40:55,No,2026-05-21 14:02:55,No,8.37,1,7.0,1,80.95,0,3,2
E1045,Production,Morning,2026-05-22,2026-05-22 05:37:40,No,2026-05-22 13:52:21,No,8.24,1,7.0,1,80.95,0,3,2
E1045,Production,Morning,2026-05-23,2026-05-23 05:47:55,No,2026-05-23 14:16:12,No,8.47,1,7.0,1,80.95,0,3,2
E1045,Production,Morning,2026-05-25,2026-05-25 05:49:56,No,2026-05-25 14:41:32,No,8.86,1,7.0,1,80.95,0,3,2
E1045,Production,Morning,2026-05-26,2026-05-26 06:03:47,No,2026-05-26 14:10:05,No,8.1,1,7.0,1,80.95,0,3,2
E1045,Production,Morning,2026-05-27,2026-05-27 06:01:02,No,2026-05-27 14:23:27,No,8.37,1,7.0,1,80.95,0,3,2
E1045,Production,Morning,2026-05-28,2026-05-28 05:59:25,No,2026-05-28 14:30:02,No,8.51,1,7.0,1,80.95,0,3,2
E1045,Production,Morning,2026-05-29,2026-05-29 05:55:46,No,2026-05-29 14:21:09,No,8.42,1,7.0,1,80.95,0,3,2
E1045,Production,Morning,2026-05-30,2026-05-30 05:48:42,No,2026-05-30 14:28:36,No,8.66,1,7.0,1,80.95,0,3,2
E1045,Production,Morning,2026-06-01,2026-06-01 06:08:51,No,2026-06-01 13:54:35,No,7.76,1,7.0,1,80.95,0,3,2
E1045,Production,Morning,2026-06-02,2026-06-02 05:53:32,No,2026-06-02 14:04:28,No,8.18,1,7.0,1,80.95,0,3,2
E1045,Production,Morning,2026-06-03,2026-06-03 05:46:34,No,2026-06-03 13:52:53,No,8.11,1,7.0,1,80.95,0,3,2
E1045,Production,Morning,2026-06-04,2026-06-04 06:01:14,No,2026-06-04 13:54:58,No,7.9,1,7.0,1,80.95,0,3,2
E1045,Production,Morning,2026-06-05,2026-06-05 05:55:48,No,2026-06-05 13:58:29,No,8.04,1,7.0,1,80.95,0,3,2
E1045,Production,Morning,2026-06-06,2026-06-06 06:10:49,Yes,2026-06-06 13:55:15,No,7.74,1,7.0,1,80.95,0,3,2
E1045,Production,Morning,2026-06-08,2026-06-08 06:00:32,No,2026-06-08 13:52:08,No,7.86,1,7.0,1,80.95,0,3,2
E1045,Production,Morning,2026-06-10,2026-06-10 05:49:01,No,2026-06-10 14:32:54,No,8.73,1,7.0,1,80.95,0,3,2
E1045,Production,Morning,2026-06-11,2026-06-11 06:04:05,No,2026-06-11 14:23:34,No,8.32,1,7.0,1,80.95,0,3,2
E1045,Production,Morning,2026-06-12,2026-06-12 06:03:29,No,2026-06-12 13:52:54,No,7.82,1,7.0,1,80.95,0,3,2
E1045,Production,Morning,2026-06-13,2026-06-13 06:02:14,No,2026-06-13 14:07:24,No,8.09,1,7.0,1,80.95,0,3,2
E1045,Production,Morning,2026-06-15,2026-06-15 06:07:57,No,2026-06-15 14:11:08,No,8.05,1,7.0,1,80.95,0,3,2
E1045,Production,Morning,2026-06-16,2026-06-16 06:21:05,Yes,2026-06-16 14:13:01,No,7.87,1,7.0,1,80.95,0,3,2
E1045,Production,Morning,2026-06-17,2026-06-17 06:11:39,Yes,2026-06-17 14:08:08,No,7.94,1,7.0,1,80.95,0,3,2
E1045,Production,Morning,2026-06-18,2026-06-18 06:01:16,No,2026-06-18 13:57:58,No,7.94,1,7.0,1,80.95,0,3,2
E1045,Production,Morning,2026-06-19,2026-06-19 06:10:57,Yes,2026-06-19 14:10:26,No,7.99,1,7.0,1,80.95,0,3,2
E1045,Production,Morning,2026-06-20,2026-06-20 05:45:18,No,2026-06-20 13:35:07,Yes,7.83,1,7.0,1,80.95,0,3,2
E1045,Production,Morning,2026-06-22,2026-06-22 05:36:39,No,2026-06-22 14:39:33,No,9.05,1,7.0,1,80.95,0,3,2
E1045,Production,Morning,2026-06-23,2026-06-23 06:07:03,No,2026-06-23 14:05:49,No,7.98,1,7.0,1,80.95,0,3,2
E1045,Production,Morning,2026-06-24,2026-06-24 06:03:46,No,2026-06-24 14:05:57,No,8.04,1,7.0,1,80.95,0,3,2
E1045,Production,Morning,2026-06-25,2026-06-25 05:56:26,No,,,,0,7.0,1,80.95,0,3,2
E1045,Production,Morning,2026-06-26,2026-06-26 05:53:13,No,2026-06-26 14:03:44,No,8.18,1,7.0,1,80.95,0,3,2
E1045,Production,Morning,2026-06-27,2026-06-27 06:11:11,Yes,2026-06-27 13:57:14,No,7.77,1,7.0,1,80.95,0,3,2
E1045,Production,Morning,2026-06-29,2026-06-29 06:07:24,No,2026-06-29 14:13:42,No,8.1,1,7.0,1,80.95,0,3,2
E1045,Production,Morning,2026-06-30,2026-06-30 05:38:20,No,2026-06-30 14:35:53,No,8.96,1,7.0,1,80.95,0,3,2
E1045,Production,Morning,2026-07-02,2026-07-02 05:39:55,No,2026-07-02 14:35:38,No,8.93,1,7.0,1,80.95,0,3,2
E1045,Production,Morning,2026-07-03,2026-07-03 06:05:51,No,2026-07-03 14:05:59,No,8.0,1,7.0,1,80.95,0,3,2
E1045,Production,Morning,2026-07-04,2026-07-04 05:28:33,No,2026-07-04 14:14:34,No,8.77,1,7.0,1,80.95,0,3,2
E1045,Production,Morning,2026-07-06,2026-07-06 06:20:17,Yes,2026-07-06 14:11:19,No,7.85,1,7.0,1,80.95,0,3,2
E1045,Production,Morning,2026-07-07,2026-07-07 06:06:15,No,2026-07-07 14:35:18,No,8.48,1,7.0,1,80.95,0,3,2
E1045,Production,Morning,2026-07-08,2026-07-08 05:39:49,No,2026-07-08 14:19:51,No,8.67,1,7.0,1,80.95,0,3,2
E1045,Production,Morning,2026-07-09,2026-07-09 05:54:16,No,2026-07-09 14:14:19,No,8.33,1,7.0,1,80.95,0,3,2
E1045,Production,Morning,2026-07-10,2026-07-10 05:42:04,No,2026-07-10 13:56:44,No,8.24,1,7.0,1,80.95,0,3,2
E1045,Production,Morning,2026-07-11,2026-07-11 05:49:29,No,2026-07-11 14:24:55,No,8.59,1,7.0,1,80.95,0,3,2
E1045,Production,Morning,2026-07-13,2026-07-13 06:31:13,Yes,2026-07-13 13:57:01,No,7.43,1,7.0,1,80.95,0,3,2
E1045,Production,Morning,2026-07-14,2026-07-14 05:45:00,No,2026-07-14 13:48:04,No,8.05,1,7.0,1,80.95,0,3,2
E1045,Production,Morning,2026-07-15,2026-07-15 06:06:26,No,2026-07-15 13:34:38,Yes,7.47,1,7.0,1,80.95,0,3,2
E1045,Production,Morning,2026-07-16,2026-07-16 05:48:22,No,2026-07-16 14:40:49,No,8.87,1,7.0,1,80.95,0,3,2
E1045,Production,Morning,2026-07-17,2026-07-17 06:11:31,Yes,2026-07-17 14:09:37,No,7.97,1,7.0,1,80.95,0,3,2
E1045,Production,Morning,2026-07-18,2026-07-18 05:47:46,No,2026-07-18 14:18:38,No,8.51,1,7.0,1,80.95,0,3,2
E1045,Production,Morning,2026-07-20,2026-07-20 05:39:52,No,2026-07-20 14:15:38,No,8.6,1,7.0,1,80.95,0,3,2
E1045,Production,Morning,2026-07-21,2026-07-21 06:03:53,No,2026-07-21 14:05:59,No,8.04,1,7.0,1,80.95,0,3,2
E1045,Production,Morning,2026-07-22,2026-07-22 05:52:11,No,2026-07-22 14:14:54,No,8.38,1,7.0,1,80.95,0,3,2
E1046,Warehouse,Night,2026-05-01,2026-05-01 22:05:25,No,,,,0,1.0,1,82.14,0,6,3
E1046,Warehouse,Night,2026-05-02,2026-05-02 21:38:12,No,2026-05-03 06:06:01,No,8.46,1,2.0,1,82.14,0,6,3
E1046,Warehouse,Night,2026-05-04,2026-05-04 21:58:48,No,,,,0,3.0,1,82.14,0,6,3
E1046,Warehouse,Night,2026-05-05,2026-05-05 22:01:03,No,2026-05-06 05:54:08,No,7.88,1,4.0,1,82.14,0,6,3
E1046,Warehouse,Night,2026-05-06,2026-05-06 22:14:11,Yes,2026-05-07 06:06:33,No,7.87,1,5.0,1,82.14,0,6,3
E1046,Warehouse,Night,2026-05-07,2026-05-07 21:58:36,No,2026-05-08 06:23:56,No,8.42,1,6.0,1,82.14,0,6,3
E1046,Warehouse,Night,2026-05-08,2026-05-08 21:53:30,No,2026-05-09 05:55:54,No,8.04,1,7.0,1,82.14,0,6,3
E1046,Warehouse,Night,2026-05-09,2026-05-09 22:08:08,No,2026-05-10 06:06:39,No,7.98,1,7.0,1,82.14,0,6,3
E1046,Warehouse,Night,2026-05-11,2026-05-11 21:25:25,No,,,,0,7.0,1,82.14,0,6,3
E1046,Warehouse,Night,2026-05-12,2026-05-12 21:44:53,No,2026-05-13 05:49:08,No,8.07,1,7.0,1,82.14,0,6,3
E1046,Warehouse,Night,2026-05-13,2026-05-13 22:08:30,No,2026-05-14 06:24:20,No,8.26,1,7.0,1,82.14,0,6,3
E1046,Warehouse,Night,2026-05-14,2026-05-14 22:11:54,Yes,2026-05-15 06:11:04,No,7.99,1,7.0,1,82.14,0,6,3
E1046,Warehouse,Night,2026-05-15,2026-05-15 22:07:49,No,2026-05-16 06:10:07,No,8.04,1,7.0,1,82.14,0,6,3
E1046,Warehouse,Night,2026-05-16,2026-05-16 21:55:21,No,2026-05-17 05:53:32,No,7.97,1,7.0,1,82.14,0,6,3
E1046,Warehouse,Night,2026-05-18,2026-05-18 22:10:55,Yes,,,,0,7.0,1,82.14,0,6,3
E1046,Warehouse,Night,2026-05-19,2026-05-19 22:11:35,Yes,2026-05-20 06:16:06,No,8.08,1,7.0,1,82.14,0,6,3
E1046,Warehouse,Night,2026-05-20,2026-05-20 22:06:25,No,2026-05-21 06:27:41,No,8.35,1,7.0,1,82.14,0,6,3
E1046,Warehouse,Night,2026-05-21,2026-05-21 21:49:28,No,2026-05-22 06:39:04,No,8.83,1,7.0,1,82.14,0,6,3
E1046,Warehouse,Night,2026-05-22,2026-05-22 22:17:02,Yes,2026-05-23 05:21:25,Yes,7.07,1,7.0,1,82.14,0,6,3
E1046,Warehouse,Night,2026-05-23,2026-05-23 22:18:26,Yes,2026-05-24 06:11:21,No,7.88,1,7.0,1,82.14,0,6,3
E1046,Warehouse,Night,2026-05-25,2026-05-25 21:40:52,No,,,,0,7.0,1,82.14,0,6,3
E1046,Warehouse,Night,2026-05-26,2026-05-26 21:41:45,No,2026-05-27 06:18:21,No,8.61,1,7.0,1,82.14,0,6,3
E1046,Warehouse,Night,2026-05-28,2026-05-28 21:57:50,No,,,,0,7.0,1,82.14,0,6,3
E1046,Warehouse,Night,2026-05-29,2026-05-29 21:54:40,No,2026-05-30 06:17:47,No,8.39,1,7.0,1,82.14,0,6,3
E1046,Warehouse,Night,2026-05-30,2026-05-30 22:09:01,No,2026-05-31 06:06:24,No,7.96,1,7.0,1,82.14,0,6,3
E1046,Warehouse,Night,2026-06-01,2026-06-01 21:59:06,No,,,,0,7.0,1,82.14,0,6,3
E1046,Warehouse,Night,2026-06-02,2026-06-02 22:01:38,No,2026-06-03 05:51:11,No,7.83,1,7.0,1,82.14,0,6,3
E1046,Warehouse,Night,2026-06-03,2026-06-03 22:05:14,No,2026-06-04 06:07:04,No,8.03,1,7.0,1,82.14,0,6,3
E1046,Warehouse,Night,2026-06-04,2026-06-04 21:29:50,No,2026-06-05 05:43:27,Yes,8.23,1,7.0,1,82.14,0,6,3
E1046,Warehouse,Night,2026-06-05,2026-06-05 21:30:29,No,2026-06-06 05:43:54,Yes,8.22,1,7.0,1,82.14,0,6,3
E1046,Warehouse,Night,2026-06-06,2026-06-06 21:52:55,No,2026-06-07 06:12:15,No,8.32,1,7.0,1,82.14,0,6,3
E1046,Warehouse,Night,2026-06-08,2026-06-08 21:53:53,No,,,,0,7.0,1,82.14,0,6,3
E1046,Warehouse,Night,2026-06-09,2026-06-09 22:10:29,Yes,2026-06-10 06:03:56,No,7.89,1,7.0,1,82.14,0,6,3
E1046,Warehouse,Night,2026-06-10,2026-06-10 22:01:00,No,2026-06-11 06:01:27,No,8.01,1,7.0,1,82.14,0,6,3
E1046,Warehouse,Night,2026-06-11,2026-06-11 21:49:49,No,2026-06-12 06:14:52,No,8.42,1,7.0,1,82.14,0,6,3
E1046,Warehouse,Night,2026-06-12,2026-06-12 21:58:39,No,2026-06-13 06:24:54,No,8.44,1,7.0,1,82.14,0,6,3
E1046,Warehouse,Night,2026-06-13,2026-06-13 22:05:25,No,2026-06-14 05:49:58,No,7.74,1,7.0,1,82.14,0,6,3
E1046,Warehouse,Night,2026-06-15,2026-06-15 21:44:41,No,,,,0,7.0,1,82.14,0,6,3
E1046,Warehouse,Night,2026-06-16,2026-06-16 22:06:06,No,2026-06-17 05:59:01,No,7.88,1,7.0,1,82.14,0,6,3
E1046,Warehouse,Night,2026-06-17,2026-06-17 22:11:27,Yes,2026-06-18 06:12:52,No,8.02,1,7.0,1,82.14,0,6,3
E1046,Warehouse,Night,2026-06-18,2026-06-18 22:13:23,Yes,2026-06-19 05:39:57,Yes,7.44,1,7.0,1,82.14,0,6,3
E1046,Warehouse,Night,2026-06-19,2026-06-19 22:15:50,Yes,2026-06-20 06:27:16,No,8.19,1,7.0,1,82.14,0,6,3
E1046,Warehouse,Night,2026-06-20,2026-06-20 21:50:08,No,2026-06-21 06:52:11,No,9.03,1,7.0,1,82.14,0,6,3
E1046,Warehouse,Night,2026-06-23,2026-06-23 22:15:24,Yes,,,,0,7.0,1,82.14,0,6,3
E1046,Warehouse,Night,2026-06-24,2026-06-24 21:52:18,No,2026-06-25 05:55:47,No,8.06,1,7.0,1,82.14,0,6,3
E1046,Warehouse,Night,2026-06-25,2026-06-25 22:00:25,No,,,,0,7.0,1,82.14,0,6,3
E1046,Warehouse,Night,2026-06-26,2026-06-26 21:51:53,No,2026-06-27 06:22:20,No,8.51,1,7.0,1,82.14,0,6,3
E1046,Warehouse,Night,2026-06-27,2026-06-27 22:00:35,No,2026-06-28 06:27:31,No,8.45,1,7.0,1,82.14,0,6,3
E1046,Warehouse,Night,2026-06-29,2026-06-29 21:42:28,No,,,,0,7.0,1,82.14,0,6,3
E1046,Warehouse,Night,2026-06-30,2026-06-30 22:13:30,Yes,2026-07-01 06:02:13,No,7.81,1,7.0,1,82.14,0,6,3
E1046,Warehouse,Night,2026-07-01,2026-07-01 21:53:59,No,2026-07-02 05:55:17,No,8.02,1,7.0,1,82.14,0,6,3
E1046,Warehouse,Night,2026-07-02,2026-07-02 22:16:38,Yes,2026-07-03 06:22:51,No,8.1,1,7.0,1,82.14,0,6,3
E1046,Warehouse,Night,2026-07-03,2026-07-03 21:30:05,No,2026-07-04 05:50:56,No,8.35,1,7.0,1,82.14,0,6,3
E1046,Warehouse,Night,2026-07-04,2026-07-04 22:14:30,Yes,2026-07-05 06:07:22,No,7.88,1,7.0,1,82.14,0,6,3
E1046,Warehouse,Night,2026-07-06,2026-07-06 22:34:51,Yes,,,,0,7.0,1,82.14,0,6,3
E1046,Warehouse,Night,2026-07-07,2026-07-07 21:55:43,No,2026-07-08 05:59:50,No,8.07,1,7.0,1,82.14,0,6,3
E1046,Warehouse,Night,2026-07-08,2026-07-08 21:53:24,No,2026-07-09 06:41:21,No,8.8,1,7.0,1,82.14,0,6,3
E1046,Warehouse,Night,2026-07-09,2026-07-09 21:39:22,No,2026-07-10 06:17:39,No,8.64,1,7.0,1,82.14,0,6,3
E1046,Warehouse,Night,2026-07-10,2026-07-10 22:00:39,No,2026-07-11 06:04:26,No,8.06,1,7.0,1,82.14,0,6,3
E1046,Warehouse,Night,2026-07-11,2026-07-11 21:55:53,No,2026-07-12 06:05:07,No,8.15,1,7.0,1,82.14,0,6,3
E1046,Warehouse,Night,2026-07-13,2026-07-13 22:06:34,No,,,,0,7.0,1,82.14,0,6,3
E1046,Warehouse,Night,2026-07-14,2026-07-14 21:40:09,No,2026-07-15 05:41:30,Yes,8.02,1,7.0,1,82.14,0,6,3
E1046,Warehouse,Night,2026-07-15,2026-07-15 21:59:33,No,2026-07-16 06:19:44,No,8.34,1,7.0,1,82.14,0,6,3
E1046,Warehouse,Night,2026-07-16,2026-07-16 22:03:57,No,2026-07-17 06:12:37,No,8.14,1,7.0,1,82.14,0,6,3
E1046,Warehouse,Night,2026-07-17,2026-07-17 21:36:58,No,2026-07-18 05:43:19,Yes,8.11,1,7.0,1,82.14,0,6,3
E1046,Warehouse,Night,2026-07-18,2026-07-18 22:02:58,No,2026-07-19 05:40:14,Yes,7.62,1,7.0,1,82.14,0,6,3
E1046,Warehouse,Night,2026-07-20,2026-07-20 22:11:38,Yes,,,,0,7.0,1,82.14,0,6,3
E1046,Warehouse,Night,2026-07-21,2026-07-21 21:54:38,No,2026-07-22 05:39:45,Yes,7.75,1,7.0,1,82.14,0,6,3
E1046,Warehouse,Night,2026-07-22,2026-07-22 22:02:24,No,2026-07-23 05:47:21,No,7.75,1,7.0,1,82.14,0,6,3
E1047,Production,Night,2026-05-01,2026-05-01 21:51:30,No,,,,0,1.0,1,83.33,0,3,3
E1047,Production,Night,2026-05-02,2026-05-02 21:45:05,No,2026-05-03 06:20:43,No,8.59,1,2.0,1,83.33,0,3,3
E1047,Production,Night,2026-05-04,2026-05-04 21:37:29,No,,,,0,3.0,1,83.33,0,3,3
E1047,Production,Night,2026-05-05,2026-05-05 22:10:14,Yes,2026-05-06 06:13:59,No,8.06,1,4.0,1,83.33,0,3,3
E1047,Production,Night,2026-05-06,2026-05-06 21:58:40,No,2026-05-07 06:09:46,No,8.18,1,5.0,1,83.33,0,3,3
E1047,Production,Night,2026-05-07,2026-05-07 21:51:55,No,2026-05-08 06:00:49,No,8.15,1,6.0,1,83.33,0,3,3
E1047,Production,Night,2026-05-08,2026-05-08 21:51:27,No,2026-05-09 05:51:58,No,8.01,1,7.0,1,83.33,0,3,3
E1047,Production,Night,2026-05-09,2026-05-09 22:37:49,Yes,2026-05-10 06:34:42,No,7.95,1,7.0,1,83.33,0,3,3
E1047,Production,Night,2026-05-11,2026-05-11 21:43:47,No,,,,0,7.0,1,83.33,0,3,3
E1047,Production,Night,2026-05-12,2026-05-12 22:04:08,No,2026-05-13 05:29:18,Yes,7.42,1,7.0,1,83.33,0,3,3
E1047,Production,Night,2026-05-13,2026-05-13 22:07:05,No,2026-05-14 06:17:46,No,8.18,1,7.0,1,83.33,0,3,3
E1047,Production,Night,2026-05-14,2026-05-14 21:40:24,No,2026-05-15 05:49:05,No,8.14,1,7.0,1,83.33,0,3,3
E1047,Production,Night,2026-05-16,2026-05-16 21:46:29,No,,,,0,7.0,1,83.33,0,3,3
E1047,Production,Night,2026-05-18,2026-05-18 21:43:19,No,,,,0,7.0,1,83.33,0,3,3
E1047,Production,Night,2026-05-19,2026-05-19 21:52:07,No,2026-05-20 06:11:05,No,8.32,1,7.0,1,83.33,0,3,3
E1047,Production,Night,2026-05-20,2026-05-20 22:01:30,No,2026-05-21 06:30:56,No,8.49,1,7.0,1,83.33,0,3,3
E1047,Production,Night,2026-05-21,2026-05-21 22:12:09,Yes,2026-05-22 05:19:57,Yes,7.13,1,7.0,1,83.33,0,3,3
E1047,Production,Night,2026-05-22,2026-05-22 22:04:22,No,2026-05-23 05:40:39,Yes,7.6,1,7.0,1,83.33,0,3,3
E1047,Production,Night,2026-05-23,2026-05-23 22:06:14,No,,,,0,7.0,1,83.33,0,3,3
E1047,Production,Night,2026-05-25,2026-05-25 22:08:10,No,,,,0,7.0,1,83.33,0,3,3
E1047,Production,Night,2026-05-26,2026-05-26 21:58:09,No,2026-05-27 05:37:08,Yes,7.65,1,7.0,1,83.33,0,3,3
E1047,Production,Night,2026-05-27,2026-05-27 21:57:14,No,2026-05-28 06:13:52,No,8.28,1,7.0,1,83.33,0,3,3
E1047,Production,Night,2026-05-28,2026-05-28 21:34:55,No,2026-05-29 06:00:09,No,8.42,1,7.0,1,83.33,0,3,3
E1047,Production,Night,2026-05-29,2026-05-29 22:05:25,No,2026-05-30 06:33:37,No,8.47,1,7.0,1,83.33,0,3,3
E1047,Production,Night,2026-05-30,2026-05-30 22:01:42,No,2026-05-31 06:01:11,No,7.99,1,7.0,1,83.33,0,3,3
E1047,Production,Night,2026-06-01,2026-06-01 21:37:29,No,,,,0,7.0,1,83.33,0,3,3
E1047,Production,Night,2026-06-02,2026-06-02 21:45:44,No,2026-06-03 05:31:03,Yes,7.76,1,7.0,1,83.33,0,3,3
E1047,Production,Night,2026-06-03,2026-06-03 22:04:06,No,2026-06-04 05:49:21,No,7.75,1,7.0,1,83.33,0,3,3
E1047,Production,Night,2026-06-04,2026-06-04 21:49:13,No,2026-06-05 06:17:47,No,8.48,1,7.0,1,83.33,0,3,3
E1047,Production,Night,2026-06-05,2026-06-05 21:51:42,No,2026-06-06 06:17:58,No,8.44,1,7.0,1,83.33,0,3,3
E1047,Production,Night,2026-06-06,2026-06-06 21:46:33,No,2026-06-07 06:20:17,No,8.56,1,7.0,1,83.33,0,3,3
E1047,Production,Night,2026-06-08,2026-06-08 21:53:42,No,,,,0,7.0,1,83.33,0,3,3
E1047,Production,Night,2026-06-09,2026-06-09 21:49:13,No,2026-06-10 06:31:31,No,8.7,1,7.0,1,83.33,0,3,3
E1047,Production,Night,2026-06-10,2026-06-10 21:55:04,No,2026-06-11 05:58:31,No,8.06,1,7.0,1,83.33,0,3,3
E1047,Production,Night,2026-06-11,2026-06-11 21:39:27,No,2026-06-12 06:08:14,No,8.48,1,7.0,1,83.33,0,3,3
E1047,Production,Night,2026-06-12,2026-06-12 21:50:29,No,2026-06-13 05:46:41,No,7.94,1,7.0,1,83.33,0,3,3
E1047,Production,Night,2026-06-13,2026-06-13 21:41:08,No,2026-06-14 06:22:55,No,8.7,1,7.0,1,83.33,0,3,3
E1047,Production,Night,2026-06-15,2026-06-15 21:56:27,No,,,,0,7.0,1,83.33,0,3,3
E1047,Production,Night,2026-06-16,2026-06-16 21:51:04,No,2026-06-17 05:45:13,No,7.9,1,7.0,1,83.33,0,3,3
E1047,Production,Night,2026-06-17,2026-06-17 22:02:00,No,2026-06-18 05:51:29,No,7.82,1,7.0,1,83.33,0,3,3
E1047,Production,Night,2026-06-18,2026-06-18 21:45:59,No,2026-06-19 06:19:50,No,8.56,1,7.0,1,83.33,0,3,3
E1047,Production,Night,2026-06-19,2026-06-19 22:01:38,No,2026-06-20 05:59:43,No,7.97,1,7.0,1,83.33,0,3,3
E1047,Production,Night,2026-06-20,2026-06-20 22:00:49,No,2026-06-21 06:08:09,No,8.12,1,7.0,1,83.33,0,3,3
E1047,Production,Night,2026-06-22,2026-06-22 21:54:33,No,,,,0,7.0,1,83.33,0,3,3
E1047,Production,Night,2026-06-23,2026-06-23 21:50:43,No,2026-06-24 05:58:12,No,8.12,1,7.0,1,83.33,0,3,3
E1047,Production,Night,2026-06-24,2026-06-24 21:42:28,No,2026-06-25 06:02:12,No,8.33,1,7.0,1,83.33,0,3,3
E1047,Production,Night,2026-06-25,2026-06-25 21:50:25,No,2026-06-26 05:48:16,No,7.96,1,7.0,1,83.33,0,3,3
E1047,Production,Night,2026-06-26,2026-06-26 21:55:53,No,2026-06-27 05:50:35,No,7.91,1,7.0,1,83.33,0,3,3
E1047,Production,Night,2026-06-27,2026-06-27 22:19:58,Yes,2026-06-28 05:31:00,Yes,7.18,1,7.0,1,83.33,0,3,3
E1047,Production,Night,2026-06-29,2026-06-29 21:46:07,No,,,,0,7.0,1,83.33,0,3,3
E1047,Production,Night,2026-06-30,2026-06-30 21:53:51,No,2026-07-01 06:13:03,No,8.32,1,7.0,1,83.33,0,3,3
E1047,Production,Night,2026-07-01,2026-07-01 21:40:04,No,2026-07-02 06:29:12,No,8.82,1,7.0,1,83.33,0,3,3
E1047,Production,Night,2026-07-02,2026-07-02 21:30:47,No,2026-07-03 06:03:43,No,8.55,1,7.0,1,83.33,0,3,3
E1047,Production,Night,2026-07-03,2026-07-03 22:10:02,Yes,2026-07-04 06:24:21,No,8.24,1,7.0,1,83.33,0,3,3
E1047,Production,Night,2026-07-04,2026-07-04 21:42:08,No,2026-07-05 05:57:29,No,8.26,1,7.0,1,83.33,0,3,3
E1047,Production,Night,2026-07-06,2026-07-06 21:39:48,No,,,,0,7.0,1,83.33,0,3,3
E1047,Production,Night,2026-07-07,2026-07-07 21:45:49,No,2026-07-08 05:55:00,No,8.15,1,7.0,1,83.33,0,3,3
E1047,Production,Night,2026-07-08,2026-07-08 21:47:21,No,2026-07-09 06:13:36,No,8.44,1,7.0,1,83.33,0,3,3
E1047,Production,Night,2026-07-09,2026-07-09 22:14:31,Yes,2026-07-10 05:52:04,No,7.63,1,7.0,1,83.33,0,3,3
E1047,Production,Night,2026-07-10,2026-07-10 21:59:43,No,2026-07-11 06:03:12,No,8.06,1,7.0,1,83.33,0,3,3
E1047,Production,Night,2026-07-11,2026-07-11 22:03:43,No,2026-07-12 06:03:15,No,7.99,1,7.0,1,83.33,0,3,3
E1047,Production,Night,2026-07-13,2026-07-13 21:32:15,No,,,,0,7.0,1,83.33,0,3,3
E1047,Production,Night,2026-07-14,2026-07-14 22:15:28,Yes,2026-07-15 05:32:55,Yes,7.29,1,7.0,1,83.33,0,3,3
E1047,Production,Night,2026-07-15,2026-07-15 21:46:46,No,2026-07-16 05:49:54,No,8.05,1,7.0,1,83.33,0,3,3
E1047,Production,Night,2026-07-16,2026-07-16 21:55:59,No,2026-07-17 06:37:11,No,8.69,1,7.0,1,83.33,0,3,3
E1047,Production,Night,2026-07-17,2026-07-17 22:15:28,Yes,2026-07-18 05:43:56,Yes,7.47,1,7.0,1,83.33,0,3,3
E1047,Production,Night,2026-07-18,2026-07-18 22:01:32,No,2026-07-19 05:16:12,Yes,7.24,1,7.0,1,83.33,0,3,3
E1047,Production,Night,2026-07-20,2026-07-20 21:51:24,No,,,,0,7.0,1,83.33,0,3,3
E1047,Production,Night,2026-07-21,2026-07-21 22:08:32,No,2026-07-22 06:02:08,No,7.89,1,7.0,1,83.33,0,3,3
E1047,Production,Night,2026-07-22,2026-07-22 22:00:03,No,2026-07-23 05:59:15,No,7.99,1,7.0,1,83.33,0,3,3
E1048,Security,Afternoon,2026-05-01,2026-05-01 13:56:46,No,2026-05-01 21:45:28,No,7.81,1,1.0,1,85.71,0,5,0
E1048,Security,Afternoon,2026-05-02,2026-05-02 14:17:03,Yes,2026-05-02 22:25:14,No,8.14,1,2.0,1,85.71,0,5,0
E1048,Security,Afternoon,2026-05-04,2026-05-04 14:00:08,No,2026-05-04 22:13:29,No,8.22,1,3.0,1,85.71,0,5,0
E1048,Security,Afternoon,2026-05-05,2026-05-05 14:12:14,Yes,2026-05-05 22:28:27,No,8.27,1,4.0,1,85.71,0,5,0
E1048,Security,Afternoon,2026-05-06,2026-05-06 13:57:15,No,2026-05-06 21:57:40,No,8.01,1,5.0,1,85.71,0,5,0
E1048,Security,Afternoon,2026-05-07,2026-05-07 13:28:49,No,2026-05-07 22:03:55,No,8.59,1,6.0,1,85.71,0,5,0
E1048,Security,Afternoon,2026-05-08,2026-05-08 14:01:46,No,2026-05-08 21:52:16,No,7.84,1,7.0,1,85.71,0,5,0
E1048,Security,Afternoon,2026-05-09,2026-05-09 13:38:51,No,2026-05-09 22:07:06,No,8.47,1,7.0,1,85.71,0,5,0
E1048,Security,Afternoon,2026-05-11,2026-05-11 14:09:12,No,2026-05-11 22:07:44,No,7.98,1,7.0,1,85.71,0,5,0
E1048,Security,Afternoon,2026-05-12,2026-05-12 13:43:44,No,2026-05-12 21:59:54,No,8.27,1,7.0,1,85.71,0,5,0
E1048,Security,Afternoon,2026-05-13,2026-05-13 13:29:00,No,2026-05-13 21:48:40,No,8.33,1,7.0,1,85.71,0,5,0
E1048,Security,Afternoon,2026-05-14,2026-05-14 13:58:21,No,2026-05-14 21:50:10,No,7.86,1,7.0,1,85.71,0,5,0
E1048,Security,Afternoon,2026-05-15,2026-05-15 13:58:59,No,2026-05-15 22:16:53,No,8.3,1,7.0,1,85.71,0,5,0
E1048,Security,Afternoon,2026-05-16,2026-05-16 14:06:29,No,2026-05-16 22:18:15,No,8.2,1,7.0,1,85.71,0,5,0
E1048,Security,Afternoon,2026-05-18,2026-05-18 13:48:46,No,2026-05-18 21:51:30,No,8.05,1,7.0,1,85.71,0,5,0
E1048,Security,Afternoon,2026-05-19,2026-05-19 13:43:46,No,2026-05-19 22:22:35,No,8.65,1,7.0,1,85.71,0,5,0
E1048,Security,Afternoon,2026-05-20,2026-05-20 13:58:32,No,2026-05-20 22:12:27,No,8.23,1,7.0,1,85.71,0,5,0
E1048,Security,Afternoon,2026-05-21,2026-05-21 13:54:07,No,2026-05-21 22:35:17,No,8.69,1,7.0,1,85.71,0,5,0
E1048,Security,Afternoon,2026-05-22,2026-05-22 13:42:25,No,2026-05-22 22:05:21,No,8.38,1,7.0,1,85.71,0,5,0
E1048,Security,Afternoon,2026-05-23,2026-05-23 13:48:04,No,2026-05-23 22:18:57,No,8.51,1,7.0,1,85.71,0,5,0
E1048,Security,Afternoon,2026-05-24,2026-05-24 13:50:29,No,2026-05-24 21:52:13,No,8.03,1,7.0,1,85.71,0,5,0
E1048,Security,Afternoon,2026-05-25,2026-05-25 13:30:10,No,2026-05-25 22:13:44,No,8.73,1,7.0,1,85.71,0,5,0
E1048,Security,Afternoon,2026-05-26,2026-05-26 14:25:22,Yes,2026-05-26 22:34:07,No,8.15,1,7.0,1,85.71,0,5,0
E1048,Security,Afternoon,2026-05-27,2026-05-27 14:01:13,No,2026-05-27 21:56:21,No,7.92,1,7.0,1,85.71,0,5,0
E1048,Security,Afternoon,2026-05-28,2026-05-28 13:56:36,No,2026-05-28 22:15:25,No,8.31,1,7.0,1,85.71,0,5,0
E1048,Security,Afternoon,2026-05-29,2026-05-29 13:40:12,No,2026-05-29 22:17:24,No,8.62,1,7.0,1,85.71,0,5,0
E1048,Security,Afternoon,2026-05-30,2026-05-30 14:04:26,No,2026-05-30 22:23:24,No,8.32,1,7.0,1,85.71,0,5,0
E1048,Security,Afternoon,2026-06-01,2026-06-01 14:05:43,No,2026-06-01 22:09:26,No,8.06,1,7.0,1,85.71,0,5,0
E1048,Security,Afternoon,2026-06-02,2026-06-02 14:02:19,No,2026-06-02 22:11:27,No,8.15,1,7.0,1,85.71,0,5,0
E1048,Security,Afternoon,2026-06-03,2026-06-03 14:02:16,No,2026-06-03 22:06:24,No,8.07,1,7.0,1,85.71,0,5,0
E1048,Security,Afternoon,2026-06-04,2026-06-04 14:01:23,No,2026-06-04 21:34:47,Yes,7.56,1,7.0,1,85.71,0,5,0
E1048,Security,Afternoon,2026-06-05,2026-06-05 14:08:15,No,2026-06-05 21:34:37,Yes,7.44,1,7.0,1,85.71,0,5,0
E1048,Security,Afternoon,2026-06-07,2026-06-07 14:02:12,No,2026-06-07 22:10:27,No,8.14,1,7.0,1,85.71,0,5,0
E1048,Security,Afternoon,2026-06-08,2026-06-08 13:56:31,No,,,,0,7.0,1,85.71,0,5,0
E1048,Security,Afternoon,2026-06-09,2026-06-09 14:17:03,Yes,2026-06-09 22:27:21,No,8.17,1,7.0,1,85.71,0,5,0
E1048,Security,Afternoon,2026-06-10,2026-06-10 14:00:10,No,2026-06-10 22:18:23,No,8.3,1,7.0,1,85.71,0,5,0
E1048,Security,Afternoon,2026-06-11,2026-06-11 13:38:40,No,,,,0,7.0,1,85.71,0,5,0
E1048,Security,Afternoon,2026-06-12,2026-06-12 14:06:15,No,2026-06-12 21:58:59,No,7.88,1,7.0,1,85.71,0,5,0
E1048,Security,Afternoon,2026-06-13,2026-06-13 13:42:20,No,2026-06-13 22:06:03,No,8.4,1,7.0,1,85.71,0,5,0
E1048,Security,Afternoon,2026-06-15,2026-06-15 13:50:53,No,2026-06-15 22:07:30,No,8.28,1,7.0,1,85.71,0,5,0
E1048,Security,Afternoon,2026-06-16,2026-06-16 13:49:11,No,2026-06-16 22:28:00,No,8.65,1,7.0,1,85.71,0,5,0
E1048,Security,Afternoon,2026-06-17,2026-06-17 13:51:48,No,2026-06-17 22:22:35,No,8.51,1,7.0,1,85.71,0,5,0
E1048,Security,Afternoon,2026-06-18,2026-06-18 13:58:59,No,2026-06-18 21:44:21,Yes,7.76,1,7.0,1,85.71,0,5,0
E1048,Security,Afternoon,2026-06-19,2026-06-19 13:59:37,No,2026-06-19 21:50:21,No,7.85,1,7.0,1,85.71,0,5,0
E1048,Security,Afternoon,2026-06-20,2026-06-20 14:01:09,No,2026-06-20 21:53:17,No,7.87,1,7.0,1,85.71,0,5,0
E1048,Security,Afternoon,2026-06-21,2026-06-21 14:03:38,No,2026-06-21 22:16:20,No,8.21,1,7.0,1,85.71,0,5,0
E1048,Security,Afternoon,2026-06-22,2026-06-22 14:24:49,Yes,2026-06-22 22:45:05,No,8.34,1,7.0,1,85.71,0,5,0
E1048,Security,Afternoon,2026-06-23,2026-06-23 14:14:25,Yes,2026-06-23 22:13:54,No,7.99,1,7.0,1,85.71,0,5,0
E1048,Security,Afternoon,2026-06-24,2026-06-24 13:43:10,No,2026-06-24 22:13:45,No,8.51,1,7.0,1,85.71,0,5,0
E1048,Security,Afternoon,2026-06-25,2026-06-25 13:48:26,No,2026-06-25 21:25:14,Yes,7.61,1,7.0,1,85.71,0,5,0
E1048,Security,Afternoon,2026-06-26,2026-06-26 13:56:58,No,2026-06-26 22:04:58,No,8.13,1,7.0,1,85.71,0,5,0
E1048,Security,Afternoon,2026-06-27,2026-06-27 13:54:00,No,2026-06-27 22:05:01,No,8.18,1,7.0,1,85.71,0,5,0
E1048,Security,Afternoon,2026-06-28,2026-06-28 13:56:27,No,2026-06-28 21:54:51,No,7.97,1,7.0,1,85.71,0,5,0
E1048,Security,Afternoon,2026-06-29,2026-06-29 14:13:30,Yes,2026-06-29 22:05:01,No,7.86,1,7.0,1,85.71,0,5,0
E1048,Security,Afternoon,2026-06-30,2026-06-30 14:18:30,Yes,2026-06-30 21:37:18,Yes,7.31,1,7.0,1,85.71,0,5,0
E1048,Security,Afternoon,2026-07-01,2026-07-01 13:58:14,No,2026-07-01 22:35:06,No,8.61,1,7.0,1,85.71,0,5,0
E1048,Security,Afternoon,2026-07-02,2026-07-02 13:58:46,No,2026-07-02 22:14:20,No,8.26,1,7.0,1,85.71,0,5,0
E1048,Security,Afternoon,2026-07-03,2026-07-03 14:01:42,No,2026-07-03 22:11:36,No,8.16,1,7.0,1,85.71,0,5,0
E1048,Security,Afternoon,2026-07-06,2026-07-06 13:25:24,No,2026-07-06 21:57:45,No,8.54,1,7.0,1,85.71,0,5,0
E1048,Security,Afternoon,2026-07-07,2026-07-07 14:06:34,No,2026-07-07 21:55:13,No,7.81,1,7.0,1,85.71,0,5,0
E1048,Security,Afternoon,2026-07-08,2026-07-08 13:31:17,No,2026-07-08 22:03:19,No,8.53,1,7.0,1,85.71,0,5,0
E1048,Security,Afternoon,2026-07-09,2026-07-09 14:19:49,Yes,2026-07-09 21:55:58,No,7.6,1,7.0,1,85.71,0,5,0
E1048,Security,Afternoon,2026-07-10,2026-07-10 14:18:45,Yes,2026-07-10 22:17:07,No,7.97,1,7.0,1,85.71,0,5,0
E1048,Security,Afternoon,2026-07-11,2026-07-11 13:42:58,No,2026-07-11 22:12:50,No,8.5,1,7.0,1,85.71,0,5,0
E1048,Security,Afternoon,2026-07-13,2026-07-13 13:56:54,No,2026-07-13 21:56:29,No,7.99,1,7.0,1,85.71,0,5,0
E1048,Security,Afternoon,2026-07-14,2026-07-14 14:05:57,No,2026-07-14 22:23:22,No,8.29,1,7.0,1,85.71,0,5,0
E1048,Security,Afternoon,2026-07-15,2026-07-15 13:49:48,No,2026-07-15 21:47:37,No,7.96,1,7.0,1,85.71,0,5,0
E1048,Security,Afternoon,2026-07-16,2026-07-16 14:05:13,No,2026-07-16 22:13:20,No,8.14,1,7.0,1,85.71,0,5,0
E1048,Security,Afternoon,2026-07-18,2026-07-18 13:36:48,No,2026-07-18 22:09:59,No,8.55,1,7.0,1,85.71,0,5,0
E1048,Security,Afternoon,2026-07-20,2026-07-20 13:50:18,No,2026-07-20 22:10:21,No,8.33,1,7.0,1,85.71,0,5,0
E1048,Security,Afternoon,2026-07-21,2026-07-21 13:46:24,No,2026-07-21 22:13:16,No,8.45,1,7.0,1,85.71,0,5,0
E1048,Security,Afternoon,2026-07-22,2026-07-22 13:38:56,No,2026-07-22 21:36:09,Yes,7.95,1,7.0,1,85.71,0,5,0
E1049,Production,Night,2026-05-01,2026-05-01 22:07:32,No,,,,0,1.0,1,84.52,0,3,3
E1049,Production,Night,2026-05-02,2026-05-02 22:04:01,No,2026-05-03 05:35:56,Yes,7.53,1,2.0,1,84.52,0,3,3
E1049,Production,Night,2026-05-04,2026-05-04 21:53:49,No,,,,0,3.0,1,84.52,0,3,3
E1049,Production,Night,2026-05-05,2026-05-05 21:30:56,No,2026-05-06 06:21:45,No,8.85,1,4.0,1,84.52,0,3,3
E1049,Production,Night,2026-05-06,2026-05-06 22:02:28,No,2026-05-07 06:13:51,No,8.19,1,5.0,1,84.52,0,3,3
E1049,Production,Night,2026-05-07,2026-05-07 21:46:46,No,2026-05-08 06:34:34,No,8.8,1,6.0,1,84.52,0,3,3
E1049,Production,Night,2026-05-08,2026-05-08 22:04:06,No,2026-05-09 06:09:41,No,8.09,1,7.0,1,84.52,0,3,3
E1049,Production,Night,2026-05-09,2026-05-09 21:43:41,No,2026-05-10 05:30:34,Yes,7.78,1,7.0,1,84.52,0,3,3
E1049,Production,Night,2026-05-11,2026-05-11 22:04:43,No,,,,0,7.0,1,84.52,0,3,3
E1049,Production,Night,2026-05-12,2026-05-12 21:58:26,No,2026-05-13 06:17:04,No,8.31,1,7.0,1,84.52,0,3,3
E1049,Production,Night,2026-05-13,2026-05-13 21:50:07,No,2026-05-14 06:10:05,No,8.33,1,7.0,1,84.52,0,3,3
E1049,Production,Night,2026-05-14,2026-05-14 21:42:19,No,2026-05-15 06:27:53,No,8.76,1,7.0,1,84.52,0,3,3
E1049,Production,Night,2026-05-15,2026-05-15 21:57:32,No,2026-05-16 06:25:15,No,8.46,1,7.0,1,84.52,0,3,3
E1049,Production,Night,2026-05-16,2026-05-16 21:44:37,No,2026-05-17 06:14:17,No,8.49,1,7.0,1,84.52,0,3,3
E1049,Production,Night,2026-05-18,2026-05-18 21:41:38,No,,,,0,7.0,1,84.52,0,3,3
E1049,Production,Night,2026-05-19,2026-05-19 22:14:50,Yes,2026-05-20 06:04:41,No,7.83,1,7.0,1,84.52,0,3,3
E1049,Production,Night,2026-05-20,2026-05-20 22:07:31,No,2026-05-21 06:20:53,No,8.22,1,7.0,1,84.52,0,3,3
E1049,Production,Night,2026-05-21,2026-05-21 21:51:37,No,2026-05-22 06:08:20,No,8.28,1,7.0,1,84.52,0,3,3
E1049,Production,Night,2026-05-22,2026-05-22 21:39:09,No,2026-05-23 05:41:06,Yes,8.03,1,7.0,1,84.52,0,3,3
E1049,Production,Night,2026-05-23,2026-05-23 22:11:23,Yes,2026-05-24 06:17:29,No,8.1,1,7.0,1,84.52,0,3,3
E1049,Production,Night,2026-05-25,2026-05-25 21:45:34,No,,,,0,7.0,1,84.52,0,3,3
E1049,Production,Night,2026-05-26,2026-05-26 22:11:15,Yes,2026-05-27 06:07:22,No,7.94,1,7.0,1,84.52,0,3,3
E1049,Production,Night,2026-05-27,2026-05-27 21:55:18,No,2026-05-28 06:02:07,No,8.11,1,7.0,1,84.52,0,3,3
E1049,Production,Night,2026-05-28,2026-05-28 21:47:59,No,2026-05-29 06:33:51,No,8.76,1,7.0,1,84.52,0,3,3
E1049,Production,Night,2026-05-29,2026-05-29 21:44:10,No,2026-05-30 06:02:44,No,8.31,1,7.0,1,84.52,0,3,3
E1049,Production,Night,2026-05-30,2026-05-30 21:33:41,No,2026-05-31 06:11:46,No,8.63,1,7.0,1,84.52,0,3,3
E1049,Production,Night,2026-06-01,2026-06-01 22:17:18,Yes,,,,0,7.0,1,84.52,0,3,3
E1049,Production,Night,2026-06-02,2026-06-02 21:34:47,No,2026-06-03 06:00:18,No,8.43,1,7.0,1,84.52,0,3,3
E1049,Production,Night,2026-06-03,2026-06-03 21:54:07,No,2026-06-04 06:09:18,No,8.25,1,7.0,1,84.52,0,3,3
E1049,Production,Night,2026-06-04,2026-06-04 22:10:50,Yes,2026-06-05 06:23:42,No,8.21,1,7.0,1,84.52,0,3,3
E1049,Production,Night,2026-06-05,2026-06-05 21:58:49,No,2026-06-06 05:32:48,Yes,7.57,1,7.0,1,84.52,0,3,3
E1049,Production,Night,2026-06-06,2026-06-06 22:07:15,No,2026-06-07 06:12:10,No,8.08,1,7.0,1,84.52,0,3,3
E1049,Production,Night,2026-06-08,2026-06-08 21:50:11,No,,,,0,7.0,1,84.52,0,3,3
E1049,Production,Night,2026-06-09,2026-06-09 22:02:01,No,2026-06-10 05:51:04,No,7.82,1,7.0,1,84.52,0,3,3
E1049,Production,Night,2026-06-10,2026-06-10 22:19:24,Yes,2026-06-11 05:49:03,No,7.49,1,7.0,1,84.52,0,3,3
E1049,Production,Night,2026-06-11,2026-06-11 21:51:44,No,2026-06-12 06:13:53,No,8.37,1,7.0,1,84.52,0,3,3
E1049,Production,Night,2026-06-12,2026-06-12 22:06:37,No,2026-06-13 05:54:40,No,7.8,1,7.0,1,84.52,0,3,3
E1049,Production,Night,2026-06-13,2026-06-13 21:29:52,No,2026-06-14 05:56:50,No,8.45,1,7.0,1,84.52,0,3,3
E1049,Production,Night,2026-06-15,2026-06-15 21:37:41,No,,,,0,7.0,1,84.52,0,3,3
E1049,Production,Night,2026-06-16,2026-06-16 22:09:23,No,2026-06-17 06:09:22,No,8.0,1,7.0,1,84.52,0,3,3
E1049,Production,Night,2026-06-17,2026-06-17 21:50:49,No,2026-06-18 05:36:45,Yes,7.77,1,7.0,1,84.52,0,3,3
E1049,Production,Night,2026-06-18,2026-06-18 22:12:05,Yes,2026-06-19 06:18:36,No,8.11,1,7.0,1,84.52,0,3,3
E1049,Production,Night,2026-06-19,2026-06-19 21:49:12,No,2026-06-20 06:23:06,No,8.56,1,7.0,1,84.52,0,3,3
E1049,Production,Night,2026-06-20,2026-06-20 21:59:14,No,2026-06-21 05:57:39,No,7.97,1,7.0,1,84.52,0,3,3
E1049,Production,Night,2026-06-22,2026-06-22 22:11:30,Yes,,,,0,7.0,1,84.52,0,3,3
E1049,Production,Night,2026-06-23,2026-06-23 21:53:26,No,2026-06-24 05:53:18,No,8.0,1,7.0,1,84.52,0,3,3
E1049,Production,Night,2026-06-24,2026-06-24 22:14:53,Yes,2026-06-25 06:38:23,No,8.39,1,7.0,1,84.52,0,3,3
E1049,Production,Night,2026-06-25,2026-06-25 22:01:58,No,2026-06-26 06:11:05,No,8.15,1,7.0,1,84.52,0,3,3
E1049,Production,Night,2026-06-26,2026-06-26 22:02:21,No,2026-06-27 05:49:32,No,7.79,1,7.0,1,84.52,0,3,3
E1049,Production,Night,2026-06-27,2026-06-27 21:46:56,No,2026-06-28 05:51:20,No,8.07,1,7.0,1,84.52,0,3,3
E1049,Production,Night,2026-06-29,2026-06-29 21:54:32,No,,,,0,7.0,1,84.52,0,3,3
E1049,Production,Night,2026-06-30,2026-06-30 21:43:29,No,2026-07-01 05:51:18,No,8.13,1,7.0,1,84.52,0,3,3
E1049,Production,Night,2026-07-01,2026-07-01 22:12:22,Yes,2026-07-02 06:23:59,No,8.19,1,7.0,1,84.52,0,3,3
E1049,Production,Night,2026-07-02,2026-07-02 21:52:12,No,2026-07-03 05:35:36,Yes,7.72,1,7.0,1,84.52,0,3,3
E1049,Production,Night,2026-07-03,2026-07-03 22:15:46,Yes,2026-07-04 06:11:57,No,7.94,1,7.0,1,84.52,0,3,3
E1049,Production,Night,2026-07-04,2026-07-04 22:18:57,Yes,2026-07-05 06:29:37,No,8.18,1,7.0,1,84.52,0,3,3
E1049,Production,Night,2026-07-06,2026-07-06 22:04:06,No,,,,0,7.0,1,84.52,0,3,3
E1049,Production,Night,2026-07-07,2026-07-07 21:51:03,No,2026-07-08 05:39:29,Yes,7.81,1,7.0,1,84.52,0,3,3
E1049,Production,Night,2026-07-08,2026-07-08 21:49:51,No,2026-07-09 05:53:48,No,8.07,1,7.0,1,84.52,0,3,3
E1049,Production,Night,2026-07-09,2026-07-09 22:12:49,Yes,2026-07-10 06:21:07,No,8.14,1,7.0,1,84.52,0,3,3
E1049,Production,Night,2026-07-10,2026-07-10 21:50:50,No,2026-07-11 06:23:10,No,8.54,1,7.0,1,84.52,0,3,3
E1049,Production,Night,2026-07-11,2026-07-11 21:28:52,No,2026-07-12 05:28:36,Yes,8.0,1,7.0,1,84.52,0,3,3
E1049,Production,Night,2026-07-13,2026-07-13 22:04:45,No,,,,0,7.0,1,84.52,0,3,3
E1049,Production,Night,2026-07-14,2026-07-14 21:53:54,No,2026-07-15 06:15:56,No,8.37,1,7.0,1,84.52,0,3,3
E1049,Production,Night,2026-07-15,2026-07-15 21:45:41,No,2026-07-16 05:59:03,No,8.22,1,7.0,1,84.52,0,3,3
E1049,Production,Night,2026-07-16,2026-07-16 22:08:24,No,2026-07-17 05:44:00,Yes,7.59,1,7.0,1,84.52,0,3,3
E1049,Production,Night,2026-07-17,2026-07-17 21:36:30,No,2026-07-18 06:32:15,No,8.93,1,7.0,1,84.52,0,3,3
E1049,Production,Night,2026-07-18,2026-07-18 21:51:48,No,2026-07-19 05:40:40,Yes,7.81,1,7.0,1,84.52,0,3,3
E1049,Production,Night,2026-07-20,2026-07-20 21:52:29,No,,,,0,7.0,1,84.52,0,3,3
E1049,Production,Night,2026-07-21,2026-07-21 22:01:50,No,2026-07-22 06:22:05,No,8.34,1,7.0,1,84.52,0,3,3
E1049,Production,Night,2026-07-22,2026-07-22 22:17:15,Yes,2026-07-23 06:04:59,No,7.8,1,7.0,1,84.52,0,3,3
E1050,Quality Control,Morning,2026-05-01,2026-05-01 05:50:57,No,2026-05-01 13:44:12,Yes,7.89,1,1.0,0,84.52,0,4,2
E1050,Quality Control,Morning,2026-05-02,2026-05-02 05:55:08,No,2026-05-02 14:14:06,No,8.32,1,2.0,0,84.52,0,4,2
E1050,Quality Control,Morning,2026-05-04,2026-05-04 05:55:50,No,2026-05-04 14:00:29,No,8.08,1,3.0,0,84.52,0,4,2
E1050,Quality Control,Morning,2026-05-05,2026-05-05 06:06:26,No,2026-05-05 14:07:50,No,8.02,1,4.0,0,84.52,0,4,2
E1050,Quality Control,Morning,2026-05-06,2026-05-06 05:47:12,No,2026-05-06 14:18:50,No,8.53,1,5.0,0,84.52,0,4,2
E1050,Quality Control,Morning,2026-05-07,2026-05-07 05:53:40,No,2026-05-07 14:10:25,No,8.28,1,6.0,0,84.52,0,4,2
E1050,Quality Control,Morning,2026-05-08,2026-05-08 06:08:05,No,2026-05-08 14:23:58,No,8.26,1,7.0,0,84.52,0,4,2
E1050,Quality Control,Morning,2026-05-09,2026-05-09 06:17:32,Yes,2026-05-09 14:15:39,No,7.97,1,7.0,0,84.52,0,4,2
E1050,Quality Control,Morning,2026-05-11,2026-05-11 05:48:47,No,2026-05-11 13:36:00,Yes,7.79,1,7.0,0,84.52,0,4,2
E1050,Quality Control,Morning,2026-05-12,2026-05-12 05:49:32,No,2026-05-12 14:17:55,No,8.47,1,7.0,0,84.52,0,4,2
E1050,Quality Control,Morning,2026-05-13,2026-05-13 06:17:37,Yes,2026-05-13 14:44:22,No,8.45,1,7.0,0,84.52,0,4,2
E1050,Quality Control,Morning,2026-05-14,2026-05-14 06:06:32,No,2026-05-14 14:27:30,No,8.35,1,7.0,0,84.52,0,4,2
E1050,Quality Control,Morning,2026-05-15,2026-05-15 06:05:56,No,2026-05-15 13:42:28,Yes,7.61,1,7.0,0,84.52,0,4,2
E1050,Quality Control,Morning,2026-05-16,2026-05-16 06:20:25,Yes,2026-05-16 13:53:21,No,7.55,1,7.0,0,84.52,0,4,2
E1050,Quality Control,Morning,2026-05-18,2026-05-18 05:31:24,No,2026-05-18 14:33:34,No,9.04,1,7.0,0,84.52,0,4,2
E1050,Quality Control,Morning,2026-05-19,2026-05-19 06:14:22,Yes,2026-05-19 14:17:19,No,8.05,1,7.0,0,84.52,0,4,2
E1050,Quality Control,Morning,2026-05-20,2026-05-20 06:01:40,No,2026-05-20 14:35:13,No,8.56,1,7.0,0,84.52,0,4,2
E1050,Quality Control,Morning,2026-05-21,2026-05-21 05:56:46,No,2026-05-21 14:10:00,No,8.22,1,7.0,0,84.52,0,4,2
E1050,Quality Control,Morning,2026-05-22,2026-05-22 05:49:29,No,2026-05-22 14:08:50,No,8.32,1,7.0,0,84.52,0,4,2
E1050,Quality Control,Morning,2026-05-23,2026-05-23 05:42:33,No,2026-05-23 13:49:21,No,8.11,1,7.0,0,84.52,0,4,2
E1050,Quality Control,Morning,2026-05-25,2026-05-25 06:10:13,Yes,2026-05-25 14:11:38,No,8.02,1,7.0,0,84.52,0,4,2
E1050,Quality Control,Morning,2026-05-26,2026-05-26 05:54:59,No,2026-05-26 14:13:38,No,8.31,1,7.0,0,84.52,0,4,2
E1050,Quality Control,Morning,2026-05-27,2026-05-27 06:08:49,No,2026-05-27 14:12:15,No,8.06,1,7.0,0,84.52,0,4,2
E1050,Quality Control,Morning,2026-05-28,2026-05-28 06:09:56,No,2026-05-28 14:20:32,No,8.18,1,7.0,0,84.52,0,4,2
E1050,Quality Control,Morning,2026-05-29,2026-05-29 05:48:26,No,2026-05-29 14:34:42,No,8.77,1,7.0,0,84.52,0,4,2
E1050,Quality Control,Morning,2026-05-30,2026-05-30 06:06:32,No,2026-05-30 14:20:04,No,8.23,1,7.0,0,84.52,0,4,2
E1050,Quality Control,Morning,2026-06-01,2026-06-01 06:15:17,Yes,2026-06-01 14:26:44,No,8.19,1,7.0,0,84.52,0,4,2
E1050,Quality Control,Morning,2026-06-02,2026-06-02 05:45:42,No,2026-06-02 14:06:54,No,8.35,1,7.0,0,84.52,0,4,2
E1050,Quality Control,Morning,2026-06-03,2026-06-03 05:50:11,No,2026-06-03 14:05:13,No,8.25,1,7.0,0,84.52,0,4,2
E1050,Quality Control,Morning,2026-06-04,2026-06-04 05:47:24,No,2026-06-04 13:47:25,No,8.0,1,7.0,0,84.52,0,4,2
E1050,Quality Control,Morning,2026-06-05,2026-06-05 06:06:25,No,2026-06-05 13:31:54,Yes,7.42,1,7.0,0,84.52,0,4,2
E1050,Quality Control,Morning,2026-06-06,2026-06-06 06:00:44,No,2026-06-06 14:03:57,No,8.05,1,7.0,0,84.52,0,4,2
E1050,Quality Control,Morning,2026-06-08,2026-06-08 05:38:44,No,2026-06-08 14:21:38,No,8.72,1,7.0,0,84.52,0,4,2
E1050,Quality Control,Morning,2026-06-09,2026-06-09 06:00:10,No,2026-06-09 13:58:08,No,7.97,1,7.0,0,84.52,0,4,2
E1050,Quality Control,Morning,2026-06-10,2026-06-10 05:38:35,No,2026-06-10 14:02:47,No,8.4,1,7.0,0,84.52,0,4,2
E1050,Quality Control,Morning,2026-06-11,2026-06-11 06:11:17,Yes,2026-06-11 13:48:44,No,7.62,1,7.0,0,84.52,0,4,2
E1050,Quality Control,Morning,2026-06-12,2026-06-12 05:52:02,No,2026-06-12 14:23:23,No,8.52,1,7.0,0,84.52,0,4,2
E1050,Quality Control,Morning,2026-06-15,2026-06-15 05:46:24,No,2026-06-15 14:09:53,No,8.39,1,7.0,0,84.52,0,4,2
E1050,Quality Control,Morning,2026-06-16,2026-06-16 05:48:28,No,2026-06-16 14:03:09,No,8.24,1,7.0,0,84.52,0,4,2
E1050,Quality Control,Morning,2026-06-17,2026-06-17 05:43:36,No,2026-06-17 14:24:34,No,8.68,1,7.0,0,84.52,0,4,2
E1050,Quality Control,Morning,2026-06-18,2026-06-18 06:17:42,Yes,2026-06-18 14:43:32,No,8.43,1,7.0,0,84.52,0,4,2
E1050,Quality Control,Morning,2026-06-19,2026-06-19 05:55:01,No,2026-06-19 14:27:36,No,8.54,1,7.0,0,84.52,0,4,2
E1050,Quality Control,Morning,2026-06-20,2026-06-20 05:39:35,No,2026-06-20 13:59:00,No,8.32,1,7.0,0,84.52,0,4,2
E1050,Quality Control,Morning,2026-06-22,2026-06-22 05:51:41,No,2026-06-22 13:59:24,No,8.13,1,7.0,0,84.52,0,4,2
E1050,Quality Control,Morning,2026-06-23,2026-06-23 05:51:01,No,2026-06-23 14:12:27,No,8.36,1,7.0,0,84.52,0,4,2
E1050,Quality Control,Morning,2026-06-24,2026-06-24 06:07:13,No,2026-06-24 14:18:13,No,8.18,1,7.0,0,84.52,0,4,2
E1050,Quality Control,Morning,2026-06-25,2026-06-25 05:40:45,No,2026-06-25 13:53:13,No,8.21,1,7.0,0,84.52,0,4,2
E1050,Quality Control,Morning,2026-06-26,2026-06-26 06:14:52,Yes,2026-06-26 14:22:09,No,8.12,1,7.0,0,84.52,0,4,2
E1050,Quality Control,Morning,2026-06-27,2026-06-27 05:59:44,No,2026-06-27 14:22:23,No,8.38,1,7.0,0,84.52,0,4,2
E1050,Quality Control,Morning,2026-06-29,2026-06-29 05:54:30,No,2026-06-29 14:15:06,No,8.34,1,7.0,0,84.52,0,4,2
E1050,Quality Control,Morning,2026-06-30,2026-06-30 06:03:08,No,2026-06-30 14:44:34,No,8.69,1,7.0,0,84.52,0,4,2
E1050,Quality Control,Morning,2026-07-01,2026-07-01 05:45:12,No,2026-07-01 14:02:32,No,8.29,1,7.0,0,84.52,0,4,2
E1050,Quality Control,Morning,2026-07-02,2026-07-02 05:29:52,No,2026-07-02 14:14:10,No,8.74,1,7.0,0,84.52,0,4,2
E1050,Quality Control,Morning,2026-07-03,2026-07-03 06:07:38,No,2026-07-03 13:38:15,Yes,7.51,1,7.0,0,84.52,0,4,2
E1050,Quality Control,Morning,2026-07-04,2026-07-04 05:45:15,No,2026-07-04 14:09:48,No,8.41,1,7.0,0,84.52,0,4,2
E1050,Quality Control,Morning,2026-07-06,2026-07-06 06:24:18,Yes,2026-07-06 14:20:20,No,7.93,1,7.0,0,84.52,0,4,2
E1050,Quality Control,Morning,2026-07-07,2026-07-07 05:31:55,No,2026-07-07 13:52:37,No,8.35,1,7.0,0,84.52,0,4,2
E1050,Quality Control,Morning,2026-07-08,2026-07-08 05:49:22,No,2026-07-08 14:17:08,No,8.46,1,7.0,0,84.52,0,4,2
E1050,Quality Control,Morning,2026-07-09,2026-07-09 05:55:01,No,2026-07-09 14:17:15,No,8.37,1,7.0,0,84.52,0,4,2
E1050,Quality Control,Morning,2026-07-10,2026-07-10 05:48:56,No,2026-07-10 14:30:27,No,8.69,1,7.0,0,84.52,0,4,2
E1050,Quality Control,Morning,2026-07-11,2026-07-11 05:34:13,No,2026-07-11 14:44:26,No,9.17,1,7.0,0,84.52,0,4,2
E1050,Quality Control,Morning,2026-07-13,2026-07-13 06:33:42,Yes,2026-07-13 14:01:19,No,7.46,1,7.0,0,84.52,0,4,2
E1050,Quality Control,Morning,2026-07-14,2026-07-14 05:40:54,No,2026-07-14 13:53:32,No,8.21,1,7.0,0,84.52,0,4,2
E1050,Quality Control,Morning,2026-07-15,2026-07-15 05:49:40,No,2026-07-15 14:03:46,No,8.24,1,7.0,0,84.52,0,4,2
E1050,Quality Control,Morning,2026-07-16,2026-07-16 05:45:05,No,2026-07-16 14:10:42,No,8.43,1,7.0,0,84.52,0,4,2
E1050,Quality Control,Morning,2026-07-17,2026-07-17 05:50:22,No,2026-07-17 13:43:17,Yes,7.88,1,7.0,0,84.52,0,4,2
E1050,Quality Control,Morning,2026-07-18,2026-07-18 06:02:06,No,2026-07-18 14:13:33,No,8.19,1,7.0,0,84.52,0,4,2
E1050,Quality Control,Morning,2026-07-20,2026-07-20 05:43:15,No,2026-07-20 14:33:26,No,8.84,1,7.0,0,84.52,0,4,2
E1050,Quality Control,Morning,2026-07-21,2026-07-21 05:58:24,No,2026-07-21 13:46:55,No,7.81,1,7.0,0,84.52,0,4,2
E1050,Quality Control,Morning,2026-07-22,2026-07-22 06:05:50,No,2026-07-22 13:39:06,Yes,7.55,1,7.0,0,84.52,0,4,2
E1050,Quality Control,Morning,2026-07-23,2026-07-23 05:27:46,No,,,,0,7.0,0,84.52,0,4,2
E1051,Maintenance,Afternoon,2026-05-01,2026-05-01 13:47:23,No,2026-05-01 22:14:58,No,8.46,1,1.0,1,84.52,0,1,0
E1051,Maintenance,Afternoon,2026-05-02,2026-05-02 14:07:10,No,2026-05-02 21:35:42,Yes,7.48,1,2.0,1,84.52,0,1,0
E1051,Maintenance,Afternoon,2026-05-04,2026-05-04 13:46:33,No,2026-05-04 22:02:54,No,8.27,1,3.0,1,84.52,0,1,0
E1051,Maintenance,Afternoon,2026-05-05,2026-05-05 14:07:04,No,2026-05-05 22:21:46,No,8.24,1,4.0,1,84.52,0,1,0
E1051,Maintenance,Afternoon,2026-05-06,2026-05-06 14:19:48,Yes,2026-05-06 21:28:36,Yes,7.15,1,5.0,1,84.52,0,1,0
E1051,Maintenance,Afternoon,2026-05-07,2026-05-07 13:47:31,No,2026-05-07 21:54:08,No,8.11,1,6.0,1,84.52,0,1,0
E1051,Maintenance,Afternoon,2026-05-08,2026-05-08 13:51:58,No,2026-05-08 22:31:57,No,8.67,1,7.0,1,84.52,0,1,0
E1051,Maintenance,Afternoon,2026-05-09,2026-05-09 14:07:22,No,2026-05-09 22:33:20,No,8.43,1,7.0,1,84.52,0,1,0
E1051,Maintenance,Afternoon,2026-05-11,2026-05-11 14:06:44,No,2026-05-11 22:08:50,No,8.04,1,7.0,1,84.52,0,1,0
E1051,Maintenance,Afternoon,2026-05-12,2026-05-12 14:15:58,Yes,2026-05-12 21:46:14,No,7.5,1,7.0,1,84.52,0,1,0
E1051,Maintenance,Afternoon,2026-05-13,2026-05-13 13:32:13,No,2026-05-13 22:00:18,No,8.47,1,7.0,1,84.52,0,1,0
E1051,Maintenance,Afternoon,2026-05-14,2026-05-14 14:07:22,No,2026-05-14 22:13:22,No,8.1,1,7.0,1,84.52,0,1,0
E1051,Maintenance,Afternoon,2026-05-15,2026-05-15 13:55:52,No,2026-05-15 22:23:08,No,8.45,1,7.0,1,84.52,0,1,0
E1051,Maintenance,Afternoon,2026-05-16,2026-05-16 13:43:43,No,2026-05-16 22:26:31,No,8.71,1,7.0,1,84.52,0,1,0
E1051,Maintenance,Afternoon,2026-05-18,2026-05-18 13:26:39,No,2026-05-18 22:20:09,No,8.89,1,7.0,1,84.52,0,1,0
E1051,Maintenance,Afternoon,2026-05-19,2026-05-19 14:07:56,No,2026-05-19 22:17:43,No,8.16,1,7.0,1,84.52,0,1,0
E1051,Maintenance,Afternoon,2026-05-20,2026-05-20 13:45:51,No,2026-05-20 22:09:00,No,8.39,1,7.0,1,84.52,0,1,0
E1051,Maintenance,Afternoon,2026-05-21,2026-05-21 13:45:49,No,2026-05-21 22:04:47,No,8.32,1,7.0,1,84.52,0,1,0
E1051,Maintenance,Afternoon,2026-05-22,2026-05-22 13:56:11,No,2026-05-22 21:52:42,No,7.94,1,7.0,1,84.52,0,1,0
E1051,Maintenance,Afternoon,2026-05-23,2026-05-23 13:57:35,No,2026-05-23 22:28:16,No,8.51,1,7.0,1,84.52,0,1,0
E1051,Maintenance,Afternoon,2026-05-25,2026-05-25 13:53:50,No,2026-05-25 22:14:59,No,8.35,1,7.0,1,84.52,0,1,0
E1051,Maintenance,Afternoon,2026-05-26,2026-05-26 13:54:42,No,2026-05-26 22:23:19,No,8.48,1,7.0,1,84.52,0,1,0
E1051,Maintenance,Afternoon,2026-05-27,2026-05-27 13:33:22,No,2026-05-27 22:31:34,No,8.97,1,7.0,1,84.52,0,1,0
E1051,Maintenance,Afternoon,2026-05-28,2026-05-28 14:04:41,No,2026-05-28 22:04:31,No,8.0,1,7.0,1,84.52,0,1,0
E1051,Maintenance,Afternoon,2026-05-29,2026-05-29 14:01:36,No,2026-05-29 21:46:53,No,7.75,1,7.0,1,84.52,0,1,0
E1051,Maintenance,Afternoon,2026-05-30,2026-05-30 13:33:49,No,2026-05-30 21:45:27,No,8.19,1,7.0,1,84.52,0,1,0
E1051,Maintenance,Afternoon,2026-06-01,2026-06-01 14:08:51,No,2026-06-01 22:09:52,No,8.02,1,7.0,1,84.52,0,1,0
E1051,Maintenance,Afternoon,2026-06-02,2026-06-02 13:48:22,No,2026-06-02 21:56:47,No,8.14,1,7.0,1,84.52,0,1,0
E1051,Maintenance,Afternoon,2026-06-03,2026-06-03 13:47:03,No,2026-06-03 22:09:35,No,8.38,1,7.0,1,84.52,0,1,0
E1051,Maintenance,Afternoon,2026-06-04,2026-06-04 14:02:36,No,2026-06-04 21:37:20,Yes,7.58,1,7.0,1,84.52,0,1,0
E1051,Maintenance,Afternoon,2026-06-05,2026-06-05 14:08:17,No,2026-06-05 21:28:38,Yes,7.34,1,7.0,1,84.52,0,1,0
E1051,Maintenance,Afternoon,2026-06-06,2026-06-06 13:45:47,No,,,,0,7.0,1,84.52,0,1,0
E1051,Maintenance,Afternoon,2026-06-08,2026-06-08 14:12:29,Yes,2026-06-08 21:35:59,Yes,7.39,1,7.0,1,84.52,0,1,0
E1051,Maintenance,Afternoon,2026-06-09,2026-06-09 13:53:35,No,2026-06-09 21:50:09,No,7.94,1,7.0,1,84.52,0,1,0
E1051,Maintenance,Afternoon,2026-06-10,2026-06-10 13:45:13,No,2026-06-10 22:06:56,No,8.36,1,7.0,1,84.52,0,1,0
E1051,Maintenance,Afternoon,2026-06-11,2026-06-11 13:49:22,No,2026-06-11 21:43:40,Yes,7.9,1,7.0,1,84.52,0,1,0
E1051,Maintenance,Afternoon,2026-06-12,2026-06-12 14:15:17,Yes,2026-06-12 22:15:20,No,8.0,1,7.0,1,84.52,0,1,0
E1051,Maintenance,Afternoon,2026-06-13,2026-06-13 14:03:39,No,2026-06-13 22:32:48,No,8.49,1,7.0,1,84.52,0,1,0
E1051,Maintenance,Afternoon,2026-06-15,2026-06-15 13:34:15,No,2026-06-15 22:15:26,No,8.69,1,7.0,1,84.52,0,1,0
E1051,Maintenance,Afternoon,2026-06-16,2026-06-16 14:01:46,No,2026-06-16 22:07:55,No,8.1,1,7.0,1,84.52,0,1,0
E1051,Maintenance,Afternoon,2026-06-17,2026-06-17 14:00:31,No,2026-06-17 22:13:25,No,8.22,1,7.0,1,84.52,0,1,0
E1051,Maintenance,Afternoon,2026-06-18,2026-06-18 13:46:10,No,2026-06-18 22:00:08,No,8.23,1,7.0,1,84.52,0,1,0
E1051,Maintenance,Afternoon,2026-06-19,2026-06-19 14:01:28,No,2026-06-19 22:16:41,No,8.25,1,7.0,1,84.52,0,1,0
E1051,Maintenance,Afternoon,2026-06-20,2026-06-20 14:02:07,No,2026-06-20 22:17:57,No,8.26,1,7.0,1,84.52,0,1,0
E1051,Maintenance,Afternoon,2026-06-22,2026-06-22 13:35:27,No,2026-06-22 21:42:43,Yes,8.12,1,7.0,1,84.52,0,1,0
E1051,Maintenance,Afternoon,2026-06-23,2026-06-23 14:00:53,No,2026-06-23 22:37:01,No,8.6,1,7.0,1,84.52,0,1,0
E1051,Maintenance,Afternoon,2026-06-24,2026-06-24 13:34:59,No,2026-06-24 22:39:25,No,9.07,1,7.0,1,84.52,0,1,0
E1051,Maintenance,Afternoon,2026-06-25,2026-06-25 14:14:33,Yes,2026-06-25 21:46:21,No,7.53,1,7.0,1,84.52,0,1,0
E1051,Maintenance,Afternoon,2026-06-26,2026-06-26 14:13:04,Yes,2026-06-26 22:29:04,No,8.27,1,7.0,1,84.52,0,1,0
E1051,Maintenance,Afternoon,2026-06-27,2026-06-27 13:56:08,No,2026-06-27 21:52:46,No,7.94,1,7.0,1,84.52,0,1,0
E1051,Maintenance,Afternoon,2026-06-29,2026-06-29 14:15:58,Yes,2026-06-29 21:53:32,No,7.63,1,7.0,1,84.52,0,1,0
E1051,Maintenance,Afternoon,2026-06-30,2026-06-30 13:54:17,No,2026-06-30 22:32:56,No,8.64,1,7.0,1,84.52,0,1,0
E1051,Maintenance,Afternoon,2026-07-01,2026-07-01 14:11:49,Yes,2026-07-01 22:20:38,No,8.15,1,7.0,1,84.52,0,1,0
E1051,Maintenance,Afternoon,2026-07-02,2026-07-02 13:41:03,No,2026-07-02 22:22:27,No,8.69,1,7.0,1,84.52,0,1,0
E1051,Maintenance,Afternoon,2026-07-03,2026-07-03 13:37:31,No,2026-07-03 21:44:45,Yes,8.12,1,7.0,1,84.52,0,1,0
E1051,Maintenance,Afternoon,2026-07-04,2026-07-04 14:33:32,Yes,2026-07-04 22:28:03,No,7.91,1,7.0,1,84.52,0,1,0
E1051,Maintenance,Afternoon,2026-07-06,2026-07-06 14:03:10,No,2026-07-06 22:13:58,No,8.18,1,7.0,1,84.52,0,1,0
E1051,Maintenance,Afternoon,2026-07-07,2026-07-07 13:57:18,No,2026-07-07 22:04:03,No,8.11,1,7.0,1,84.52,0,1,0
E1051,Maintenance,Afternoon,2026-07-08,2026-07-08 13:45:57,No,2026-07-08 22:30:58,No,8.75,1,7.0,1,84.52,0,1,0
E1051,Maintenance,Afternoon,2026-07-09,2026-07-09 13:42:33,No,2026-07-09 21:53:09,No,8.18,1,7.0,1,84.52,0,1,0
E1051,Maintenance,Afternoon,2026-07-10,2026-07-10 14:12:27,Yes,2026-07-10 22:06:59,No,7.91,1,7.0,1,84.52,0,1,0
E1051,Maintenance,Afternoon,2026-07-11,2026-07-11 14:13:29,Yes,2026-07-11 22:26:53,No,8.22,1,7.0,1,84.52,0,1,0
E1051,Maintenance,Afternoon,2026-07-13,2026-07-13 14:10:20,Yes,2026-07-13 22:14:36,No,8.07,1,7.0,1,84.52,0,1,0
E1051,Maintenance,Afternoon,2026-07-14,2026-07-14 14:20:08,Yes,2026-07-14 21:57:25,No,7.62,1,7.0,1,84.52,0,1,0
E1051,Maintenance,Afternoon,2026-07-15,2026-07-15 14:15:35,Yes,2026-07-15 22:12:59,No,7.96,1,7.0,1,84.52,0,1,0
E1051,Maintenance,Afternoon,2026-07-16,2026-07-16 13:50:27,No,2026-07-16 22:33:26,No,8.72,1,7.0,1,84.52,0,1,0
E1051,Maintenance,Afternoon,2026-07-17,2026-07-17 14:02:40,No,2026-07-17 22:18:11,No,8.26,1,7.0,1,84.52,0,1,0
E1051,Maintenance,Afternoon,2026-07-18,2026-07-18 13:52:28,No,2026-07-18 22:24:05,No,8.53,1,7.0,1,84.52,0,1,0
E1051,Maintenance,Afternoon,2026-07-20,2026-07-20 13:25:46,No,2026-07-20 22:12:34,No,8.78,1,7.0,1,84.52,0,1,0
E1051,Maintenance,Afternoon,2026-07-21,2026-07-21 13:45:36,No,,,,0,7.0,1,84.52,0,1,0
E1051,Maintenance,Afternoon,2026-07-22,2026-07-22 14:03:06,No,2026-07-22 22:26:51,No,8.4,1,7.0,1,84.52,0,1,0
E1052,Security,Afternoon,2026-05-01,2026-05-01 13:39:11,No,2026-05-01 22:39:26,No,9.0,1,1.0,1,90.48,0,5,0
E1052,Security,Afternoon,2026-05-02,2026-05-02 13:55:31,No,2026-05-02 22:07:56,No,8.21,1,2.0,1,90.48,0,5,0
E1052,Security,Afternoon,2026-05-04,2026-05-04 14:16:28,Yes,2026-05-04 22:05:36,No,7.82,1,3.0,1,90.48,0,5,0
E1052,Security,Afternoon,2026-05-05,2026-05-05 13:52:22,No,2026-05-05 22:28:13,No,8.6,1,4.0,1,90.48,0,5,0
E1052,Security,Afternoon,2026-05-06,2026-05-06 14:05:57,No,2026-05-06 21:30:40,Yes,7.41,1,5.0,1,90.48,0,5,0
E1052,Security,Afternoon,2026-05-07,2026-05-07 13:56:45,No,2026-05-07 21:51:10,No,7.91,1,6.0,1,90.48,0,5,0
E1052,Security,Afternoon,2026-05-08,2026-05-08 14:11:44,Yes,2026-05-08 22:25:21,No,8.23,1,7.0,1,90.48,0,5,0
E1052,Security,Afternoon,2026-05-09,2026-05-09 13:51:16,No,2026-05-09 22:08:03,No,8.28,1,7.0,1,90.48,0,5,0
E1052,Security,Afternoon,2026-05-10,2026-05-10 14:09:10,No,2026-05-10 21:55:51,No,7.78,1,7.0,1,90.48,0,5,0
E1052,Security,Afternoon,2026-05-11,2026-05-11 13:53:43,No,2026-05-11 22:15:28,No,8.36,1,7.0,1,90.48,0,5,0
E1052,Security,Afternoon,2026-05-12,2026-05-12 14:15:18,Yes,2026-05-12 22:00:32,No,7.75,1,7.0,1,90.48,0,5,0
E1052,Security,Afternoon,2026-05-13,2026-05-13 14:14:50,Yes,2026-05-13 21:57:22,No,7.71,1,7.0,1,90.48,0,5,0
E1052,Security,Afternoon,2026-05-14,2026-05-14 13:45:40,No,2026-05-14 21:56:55,No,8.19,1,7.0,1,90.48,0,5,0
E1052,Security,Afternoon,2026-05-15,2026-05-15 13:57:43,No,2026-05-15 21:52:00,No,7.9,1,7.0,1,90.48,0,5,0
E1052,Security,Afternoon,2026-05-16,2026-05-16 14:07:26,No,2026-05-16 21:37:04,Yes,7.49,1,7.0,1,90.48,0,5,0
E1052,Security,Afternoon,2026-05-17,2026-05-17 14:03:25,No,2026-05-17 22:08:05,No,8.08,1,7.0,1,90.48,0,5,0
E1052,Security,Afternoon,2026-05-18,2026-05-18 13:58:36,No,2026-05-18 21:56:42,No,7.97,1,7.0,1,90.48,0,5,0
E1052,Security,Afternoon,2026-05-19,2026-05-19 14:00:46,No,2026-05-19 21:47:28,No,7.78,1,7.0,1,90.48,0,5,0
E1052,Security,Afternoon,2026-05-20,2026-05-20 14:03:22,No,2026-05-20 21:55:29,No,7.87,1,7.0,1,90.48,0,5,0
E1052,Security,Afternoon,2026-05-22,2026-05-22 14:10:11,Yes,2026-05-22 22:45:35,No,8.59,1,7.0,1,90.48,0,5,0
E1052,Security,Afternoon,2026-05-23,2026-05-23 13:52:03,No,2026-05-23 22:01:13,No,8.15,1,7.0,1,90.48,0,5,0
E1052,Security,Afternoon,2026-05-24,2026-05-24 13:35:09,No,2026-05-24 21:58:51,No,8.4,1,7.0,1,90.48,0,5,0
E1052,Security,Afternoon,2026-05-25,2026-05-25 13:32:06,No,2026-05-25 22:00:41,No,8.48,1,7.0,1,90.48,0,5,0
E1052,Security,Afternoon,2026-05-26,2026-05-26 14:00:50,No,2026-05-26 22:11:35,No,8.18,1,7.0,1,90.48,0,5,0
E1052,Security,Afternoon,2026-05-27,2026-05-27 13:50:04,No,2026-05-27 22:09:05,No,8.32,1,7.0,1,90.48,0,5,0
E1052,Security,Afternoon,2026-05-28,2026-05-28 13:36:43,No,2026-05-28 22:01:21,No,8.41,1,7.0,1,90.48,0,5,0
E1052,Security,Afternoon,2026-05-29,2026-05-29 14:04:11,No,2026-05-29 22:14:02,No,8.16,1,7.0,1,90.48,0,5,0
E1052,Security,Afternoon,2026-05-30,2026-05-30 13:59:05,No,2026-05-30 22:23:47,No,8.41,1,7.0,1,90.48,0,5,0
E1052,Security,Afternoon,2026-05-31,2026-05-31 13:49:47,No,2026-05-31 21:40:36,Yes,7.85,1,7.0,1,90.48,0,5,0
E1052,Security,Afternoon,2026-06-01,2026-06-01 14:00:38,No,2026-06-01 21:57:39,No,7.95,1,7.0,1,90.48,0,5,0
E1052,Security,Afternoon,2026-06-02,2026-06-02 13:53:59,No,2026-06-02 22:25:59,No,8.53,1,7.0,1,90.48,0,5,0
E1052,Security,Afternoon,2026-06-03,2026-06-03 14:02:10,No,2026-06-03 22:08:58,No,8.11,1,7.0,1,90.48,0,5,0
E1052,Security,Afternoon,2026-06-04,2026-06-04 14:12:02,Yes,2026-06-04 22:34:09,No,8.37,1,7.0,1,90.48,0,5,0
E1052,Security,Afternoon,2026-06-05,2026-06-05 13:52:52,No,2026-06-05 22:24:58,No,8.54,1,7.0,1,90.48,0,5,0
E1052,Security,Afternoon,2026-06-06,2026-06-06 14:09:09,No,2026-06-06 21:41:19,Yes,7.54,1,7.0,1,90.48,0,5,0
E1052,Security,Afternoon,2026-06-08,2026-06-08 13:45:35,No,2026-06-08 22:11:51,No,8.44,1,7.0,1,90.48,0,5,0
E1052,Security,Afternoon,2026-06-09,2026-06-09 14:19:26,Yes,2026-06-09 21:58:27,No,7.65,1,7.0,1,90.48,0,5,0
E1052,Security,Afternoon,2026-06-10,2026-06-10 13:27:18,No,2026-06-10 22:49:36,No,9.37,1,7.0,1,90.48,0,5,0
E1052,Security,Afternoon,2026-06-11,2026-06-11 13:56:12,No,2026-06-11 22:08:57,No,8.21,1,7.0,1,90.48,0,5,0
E1052,Security,Afternoon,2026-06-12,2026-06-12 14:01:40,No,2026-06-12 21:59:28,No,7.96,1,7.0,1,90.48,0,5,0
E1052,Security,Afternoon,2026-06-13,2026-06-13 13:41:47,No,2026-06-13 22:29:12,No,8.79,1,7.0,1,90.48,0,5,0
E1052,Security,Afternoon,2026-06-15,2026-06-15 13:39:51,No,2026-06-15 22:21:23,No,8.69,1,7.0,1,90.48,0,5,0
E1052,Security,Afternoon,2026-06-16,2026-06-16 13:46:12,No,2026-06-16 22:35:50,No,8.83,1,7.0,1,90.48,0,5,0
E1052,Security,Afternoon,2026-06-17,2026-06-17 14:04:42,No,2026-06-17 22:10:30,No,8.1,1,7.0,1,90.48,0,5,0
E1052,Security,Afternoon,2026-06-18,2026-06-18 13:49:13,No,2026-06-18 22:09:08,No,8.33,1,7.0,1,90.48,0,5,0
E1052,Security,Afternoon,2026-06-19,2026-06-19 13:48:07,No,2026-06-19 22:16:26,No,8.47,1,7.0,1,90.48,0,5,0
E1052,Security,Afternoon,2026-06-20,2026-06-20 13:48:47,No,2026-06-20 22:15:58,No,8.45,1,7.0,1,90.48,0,5,0
E1052,Security,Afternoon,2026-06-21,2026-06-21 13:49:34,No,2026-06-21 22:08:35,No,8.32,1,7.0,1,90.48,0,5,0
E1052,Security,Afternoon,2026-06-22,2026-06-22 14:07:47,No,2026-06-22 21:32:31,Yes,7.41,1,7.0,1,90.48,0,5,0
E1052,Security,Afternoon,2026-06-23,2026-06-23 14:08:57,No,2026-06-23 22:15:55,No,8.12,1,7.0,1,90.48,0,5,0
E1052,Security,Afternoon,2026-06-24,2026-06-24 13:36:31,No,2026-06-24 22:10:06,No,8.56,1,7.0,1,90.48,0,5,0
E1052,Security,Afternoon,2026-06-25,2026-06-25 13:52:19,No,2026-06-25 22:22:21,No,8.5,1,7.0,1,90.48,0,5,0
E1052,Security,Afternoon,2026-06-26,2026-06-26 13:59:01,No,2026-06-26 22:06:12,No,8.12,1,7.0,1,90.48,0,5,0
E1052,Security,Afternoon,2026-06-27,2026-06-27 14:21:31,Yes,2026-06-27 21:48:39,No,7.45,1,7.0,1,90.48,0,5,0
E1052,Security,Afternoon,2026-06-29,2026-06-29 14:02:19,No,2026-06-29 22:18:11,No,8.26,1,7.0,1,90.48,0,5,0
E1052,Security,Afternoon,2026-06-30,2026-06-30 13:52:57,No,2026-06-30 21:41:56,Yes,7.82,1,7.0,1,90.48,0,5,0
E1052,Security,Afternoon,2026-07-01,2026-07-01 14:03:27,No,2026-07-01 22:13:33,No,8.17,1,7.0,1,90.48,0,5,0
E1052,Security,Afternoon,2026-07-02,2026-07-02 14:11:09,Yes,2026-07-02 22:05:15,No,7.9,1,7.0,1,90.48,0,5,0
E1052,Security,Afternoon,2026-07-03,2026-07-03 13:51:12,No,2026-07-03 21:51:00,No,8.0,1,7.0,1,90.48,0,5,0
E1052,Security,Afternoon,2026-07-04,2026-07-04 14:08:14,No,2026-07-04 22:04:31,No,7.94,1,7.0,1,90.48,0,5,0
E1052,Security,Afternoon,2026-07-06,2026-07-06 13:44:29,No,2026-07-06 22:03:51,No,8.32,1,7.0,1,90.48,0,5,0
E1052,Security,Afternoon,2026-07-07,2026-07-07 13:58:40,No,2026-07-07 22:28:25,No,8.5,1,7.0,1,90.48,0,5,0
E1052,Security,Afternoon,2026-07-08,2026-07-08 14:11:39,Yes,2026-07-08 22:14:48,No,8.05,1,7.0,1,90.48,0,5,0
E1052,Security,Afternoon,2026-07-09,2026-07-09 13:46:50,No,2026-07-09 22:08:36,No,8.36,1,7.0,1,90.48,0,5,0
E1052,Security,Afternoon,2026-07-10,2026-07-10 13:34:36,No,2026-07-10 22:24:31,No,8.83,1,7.0,1,90.48,0,5,0
E1052,Security,Afternoon,2026-07-11,2026-07-11 14:03:48,No,2026-07-11 21:49:33,No,7.76,1,7.0,1,90.48,0,5,0
E1052,Security,Afternoon,2026-07-13,2026-07-13 14:12:31,Yes,2026-07-13 22:36:50,No,8.41,1,7.0,1,90.48,0,5,0
E1052,Security,Afternoon,2026-07-14,2026-07-14 14:08:16,No,2026-07-14 22:11:47,No,8.06,1,7.0,1,90.48,0,5,0
E1052,Security,Afternoon,2026-07-15,2026-07-15 14:18:08,Yes,2026-07-15 22:06:23,No,7.8,1,7.0,1,90.48,0,5,0
E1052,Security,Afternoon,2026-07-16,2026-07-16 13:56:52,No,2026-07-16 22:11:23,No,8.24,1,7.0,1,90.48,0,5,0
E1052,Security,Afternoon,2026-07-17,2026-07-17 13:45:55,No,2026-07-17 22:14:04,No,8.47,1,7.0,1,90.48,0,5,0
E1052,Security,Afternoon,2026-07-18,2026-07-18 13:20:00,No,2026-07-18 22:43:07,No,9.39,1,7.0,1,90.48,0,5,0
E1052,Security,Afternoon,2026-07-19,2026-07-19 14:24:40,Yes,2026-07-19 22:34:45,No,8.17,1,7.0,1,90.48,0,5,0
E1052,Security,Afternoon,2026-07-20,2026-07-20 14:13:33,Yes,2026-07-20 22:16:52,No,8.06,1,7.0,1,90.48,0,5,0
E1052,Security,Afternoon,2026-07-21,2026-07-21 14:17:38,Yes,2026-07-21 22:20:10,No,8.04,1,7.0,1,90.48,0,5,0
E1052,Security,Afternoon,2026-07-22,2026-07-22 14:09:30,No,2026-07-22 21:51:25,No,7.7,1,7.0,1,90.48,0,5,0
E1053,Quality Control,Morning,2026-05-01,2026-05-01 05:51:05,No,2026-05-01 14:19:16,No,8.47,1,1.0,0,78.57,1,4,2
E1053,Quality Control,Morning,2026-05-02,2026-05-02 05:49:15,No,2026-05-02 14:35:06,No,8.76,1,2.0,0,78.57,1,4,2
E1053,Quality Control,Morning,2026-05-04,2026-05-04 05:55:14,No,2026-05-04 14:20:27,No,8.42,1,3.0,0,78.57,1,4,2
E1053,Quality Control,Morning,2026-05-05,2026-05-05 06:10:15,Yes,,,,0,4.0,0,78.57,1,4,2
E1053,Quality Control,Morning,2026-05-06,2026-05-06 05:59:55,No,2026-05-06 14:24:32,No,8.41,1,5.0,0,78.57,1,4,2
E1053,Quality Control,Morning,2026-05-07,2026-05-07 05:58:43,No,2026-05-07 14:11:48,No,8.22,1,6.0,0,78.57,1,4,2
E1053,Quality Control,Morning,2026-05-08,2026-05-08 05:29:37,No,2026-05-08 14:09:51,No,8.67,1,7.0,0,78.57,1,4,2
E1053,Quality Control,Morning,2026-05-09,2026-05-09 06:11:10,Yes,2026-05-09 13:47:21,No,7.6,1,7.0,0,78.57,1,4,2
E1053,Quality Control,Morning,2026-05-11,2026-05-11 06:02:14,No,2026-05-11 14:03:55,No,8.03,1,7.0,0,78.57,1,4,2
E1053,Quality Control,Morning,2026-05-12,2026-05-12 05:45:33,No,2026-05-12 14:10:36,No,8.42,1,7.0,0,78.57,1,4,2
E1053,Quality Control,Morning,2026-05-13,2026-05-13 06:00:08,No,2026-05-13 14:06:14,No,8.1,1,7.0,0,78.57,1,4,2
E1053,Quality Control,Morning,2026-05-14,2026-05-14 06:01:43,No,2026-05-14 14:01:47,No,8.0,1,7.0,0,78.57,1,4,2
E1053,Quality Control,Morning,2026-05-18,2026-05-18 05:49:04,No,2026-05-18 14:06:18,No,8.29,1,7.0,0,78.57,1,4,2
E1053,Quality Control,Morning,2026-05-19,2026-05-19 05:47:19,No,2026-05-19 14:13:04,No,8.43,1,7.0,0,78.57,1,4,2
E1053,Quality Control,Morning,2026-05-20,2026-05-20 06:09:31,No,2026-05-20 14:40:57,No,8.52,1,7.0,0,78.57,1,4,2
E1053,Quality Control,Morning,2026-05-21,2026-05-21 05:50:53,No,2026-05-21 13:51:16,No,8.01,1,7.0,0,78.57,1,4,2
E1053,Quality Control,Morning,2026-05-22,2026-05-22 05:44:24,No,2026-05-22 14:12:35,No,8.47,1,7.0,0,78.57,1,4,2
E1053,Quality Control,Morning,2026-05-23,2026-05-23 06:15:06,Yes,2026-05-23 14:43:27,No,8.47,1,7.0,0,78.57,1,4,2
E1053,Quality Control,Morning,2026-05-25,2026-05-25 06:01:49,No,2026-05-25 13:57:35,No,7.93,1,7.0,0,78.57,1,4,2
E1053,Quality Control,Morning,2026-05-26,2026-05-26 06:10:49,Yes,2026-05-26 14:06:05,No,7.92,1,7.0,0,78.57,1,4,2
E1053,Quality Control,Morning,2026-05-28,2026-05-28 05:54:53,No,2026-05-28 14:16:25,No,8.36,1,7.0,0,78.57,1,4,2
E1053,Quality Control,Morning,2026-05-29,2026-05-29 06:01:35,No,2026-05-29 13:57:41,No,7.94,1,7.0,0,78.57,1,4,2
E1053,Quality Control,Morning,2026-05-30,2026-05-30 06:13:38,Yes,2026-05-30 13:41:43,Yes,7.47,1,7.0,0,78.57,1,4,2
E1053,Quality Control,Morning,2026-06-01,2026-06-01 06:18:08,Yes,2026-06-01 13:34:12,Yes,7.27,1,7.0,0,78.57,1,4,2
E1053,Quality Control,Morning,2026-06-02,2026-06-02 05:51:51,No,2026-06-02 14:03:22,No,8.19,1,7.0,0,78.57,1,4,2
E1053,Quality Control,Morning,2026-06-03,2026-06-03 05:32:17,No,2026-06-03 14:00:35,No,8.47,1,7.0,0,78.57,1,4,2
E1053,Quality Control,Morning,2026-06-04,2026-06-04 05:55:36,No,2026-06-04 14:12:50,No,8.29,1,7.0,0,78.57,1,4,2
E1053,Quality Control,Morning,2026-06-05,2026-06-05 05:42:41,No,2026-06-05 13:57:15,No,8.24,1,7.0,0,78.57,1,4,2
E1053,Quality Control,Morning,2026-06-06,2026-06-06 05:41:07,No,2026-06-06 13:55:41,No,8.24,1,7.0,0,78.57,1,4,2
E1053,Quality Control,Morning,2026-06-08,2026-06-08 05:47:08,No,2026-06-08 14:30:45,No,8.73,1,7.0,0,78.57,1,4,2
E1053,Quality Control,Morning,2026-06-09,2026-06-09 05:52:53,No,2026-06-09 14:00:33,No,8.13,1,7.0,0,78.57,1,4,2
E1053,Quality Control,Morning,2026-06-10,2026-06-10 06:28:08,Yes,2026-06-10 13:50:36,No,7.37,1,7.0,0,78.57,1,4,2
E1053,Quality Control,Morning,2026-06-11,2026-06-11 05:46:01,No,2026-06-11 14:10:42,No,8.41,1,7.0,0,78.57,1,4,2
E1053,Quality Control,Morning,2026-06-12,2026-06-12 05:38:45,No,2026-06-12 13:56:24,No,8.29,1,7.0,0,78.57,1,4,2
E1053,Quality Control,Morning,2026-06-13,2026-06-13 06:07:44,No,2026-06-13 14:21:59,No,8.24,1,7.0,0,78.57,1,4,2
E1053,Quality Control,Morning,2026-06-15,2026-06-15 05:52:37,No,2026-06-15 14:15:15,No,8.38,1,7.0,0,78.57,1,4,2
E1053,Quality Control,Morning,2026-06-16,2026-06-16 05:45:40,No,2026-06-16 13:38:21,Yes,7.88,1,7.0,0,78.57,1,4,2
E1053,Quality Control,Morning,2026-06-17,2026-06-17 05:31:52,No,2026-06-17 14:11:14,No,8.66,1,7.0,0,78.57,1,4,2
E1053,Quality Control,Morning,2026-06-18,2026-06-18 06:00:44,No,2026-06-18 14:04:01,No,8.05,1,7.0,0,78.57,1,4,2
E1053,Quality Control,Morning,2026-06-19,2026-06-19 05:53:21,No,2026-06-19 14:04:01,No,8.18,1,7.0,0,78.57,1,4,2
E1053,Quality Control,Morning,2026-06-20,2026-06-20 05:55:16,No,2026-06-20 14:05:31,No,8.17,1,7.0,0,78.57,1,4,2
E1053,Quality Control,Morning,2026-06-22,2026-06-22 05:56:18,No,2026-06-22 14:20:19,No,8.4,1,7.0,0,78.57,1,4,2
E1053,Quality Control,Morning,2026-06-23,2026-06-23 05:49:19,No,2026-06-23 13:49:24,No,8.0,1,7.0,0,78.57,1,4,2
E1053,Quality Control,Morning,2026-06-24,2026-06-24 05:43:05,No,2026-06-24 14:24:03,No,8.68,1,7.0,0,78.57,1,4,2
E1053,Quality Control,Morning,2026-06-25,2026-06-25 05:51:37,No,2026-06-25 13:52:39,No,8.02,1,7.0,0,78.57,1,4,2
E1053,Quality Control,Morning,2026-06-26,2026-06-26 05:39:32,No,2026-06-26 14:04:31,No,8.42,1,7.0,0,78.57,1,4,2
E1053,Quality Control,Morning,2026-06-27,2026-06-27 05:52:46,No,2026-06-27 14:19:15,No,8.44,1,7.0,0,78.57,1,4,2
E1053,Quality Control,Morning,2026-06-29,2026-06-29 05:33:40,No,2026-06-29 14:17:00,No,8.72,1,7.0,0,78.57,1,4,2
E1053,Quality Control,Morning,2026-06-30,2026-06-30 05:53:38,No,2026-06-30 13:58:15,No,8.08,1,7.0,0,78.57,1,4,2
E1053,Quality Control,Morning,2026-07-01,2026-07-01 05:39:11,No,2026-07-01 14:24:41,No,8.76,1,7.0,0,78.57,1,4,2
E1053,Quality Control,Morning,2026-07-02,2026-07-02 06:01:50,No,2026-07-02 14:47:55,No,8.77,1,7.0,0,78.57,1,4,2
E1053,Quality Control,Morning,2026-07-03,2026-07-03 06:06:42,No,2026-07-03 13:53:30,No,7.78,1,7.0,0,78.57,1,4,2
E1053,Quality Control,Morning,2026-07-04,2026-07-04 05:50:03,No,2026-07-04 14:11:13,No,8.35,1,7.0,0,78.57,1,4,2
E1053,Quality Control,Morning,2026-07-06,2026-07-06 05:37:19,No,2026-07-06 13:11:18,Yes,7.57,1,7.0,0,78.57,1,4,2
E1053,Quality Control,Morning,2026-07-07,2026-07-07 05:51:22,No,2026-07-07 14:09:39,No,8.3,1,7.0,0,78.57,1,4,2
E1053,Quality Control,Morning,2026-07-09,2026-07-09 06:07:25,No,2026-07-09 14:29:38,No,8.37,1,7.0,0,78.57,1,4,2
E1053,Quality Control,Morning,2026-07-10,2026-07-10 05:53:29,No,2026-07-10 14:21:05,No,8.46,1,7.0,0,78.57,1,4,2
E1053,Quality Control,Morning,2026-07-11,2026-07-11 05:50:49,No,2026-07-11 14:22:19,No,8.52,1,7.0,0,78.57,1,4,2
E1053,Quality Control,Morning,2026-07-13,2026-07-13 06:00:26,No,2026-07-13 14:18:25,No,8.3,1,7.0,0,78.57,1,4,2
E1053,Quality Control,Morning,2026-07-14,2026-07-14 05:56:13,No,2026-07-14 14:25:30,No,8.49,1,7.0,0,78.57,1,4,2
E1053,Quality Control,Morning,2026-07-15,2026-07-15 05:48:12,No,2026-07-15 14:45:48,No,8.96,1,7.0,0,78.57,1,4,2
E1053,Quality Control,Morning,2026-07-18,2026-07-18 05:52:03,No,2026-07-18 14:09:07,No,8.28,1,7.0,0,78.57,1,4,2
E1053,Quality Control,Morning,2026-07-20,2026-07-20 06:02:55,No,2026-07-20 14:12:01,No,8.15,1,7.0,0,78.57,1,4,2
E1053,Quality Control,Morning,2026-07-21,2026-07-21 05:35:08,No,2026-07-21 13:44:45,Yes,8.16,1,7.0,0,78.57,1,4,2
E1053,Quality Control,Morning,2026-07-22,2026-07-22 05:52:48,No,2026-07-22 13:56:58,No,8.07,1,7.0,0,78.57,1,4,2
E1053,Quality Control,Morning,2026-07-23,2026-07-23 05:54:28,No,,,,0,7.0,0,78.57,1,4,2
E1054,Production,Afternoon,2026-05-01,2026-05-01 14:05:04,No,2026-05-01 22:03:03,No,7.97,1,1.0,1,82.14,0,3,0
E1054,Production,Afternoon,2026-05-02,2026-05-02 13:55:29,No,2026-05-02 22:06:36,No,8.19,1,2.0,1,82.14,0,3,0
E1054,Production,Afternoon,2026-05-04,2026-05-04 14:01:58,No,2026-05-04 22:23:09,No,8.35,1,3.0,1,82.14,0,3,0
E1054,Production,Afternoon,2026-05-05,2026-05-05 13:53:02,No,2026-05-05 21:51:24,No,7.97,1,4.0,1,82.14,0,3,0
E1054,Production,Afternoon,2026-05-06,2026-05-06 13:44:47,No,2026-05-06 22:10:53,No,8.44,1,5.0,1,82.14,0,3,0
E1054,Production,Afternoon,2026-05-07,2026-05-07 13:31:40,No,2026-05-07 22:02:59,No,8.52,1,6.0,1,82.14,0,3,0
E1054,Production,Afternoon,2026-05-08,2026-05-08 13:51:00,No,2026-05-08 22:27:54,No,8.62,1,7.0,1,82.14,0,3,0
E1054,Production,Afternoon,2026-05-09,2026-05-09 13:55:55,No,2026-05-09 21:48:16,No,7.87,1,7.0,1,82.14,0,3,0
E1054,Production,Afternoon,2026-05-11,2026-05-11 13:27:43,No,2026-05-11 21:53:21,No,8.43,1,7.0,1,82.14,0,3,0
E1054,Production,Afternoon,2026-05-12,2026-05-12 14:03:01,No,2026-05-12 22:19:52,No,8.28,1,7.0,1,82.14,0,3,0
E1054,Production,Afternoon,2026-05-13,2026-05-13 14:13:40,Yes,2026-05-13 22:07:03,No,7.89,1,7.0,1,82.14,0,3,0
E1054,Production,Afternoon,2026-05-14,2026-05-14 13:57:56,No,2026-05-14 22:14:02,No,8.27,1,7.0,1,82.14,0,3,0
E1054,Production,Afternoon,2026-05-15,2026-05-15 13:51:13,No,2026-05-15 22:13:01,No,8.36,1,7.0,1,82.14,0,3,0
E1054,Production,Afternoon,2026-05-16,2026-05-16 13:52:29,No,2026-05-16 22:24:36,No,8.54,1,7.0,1,82.14,0,3,0
E1054,Production,Afternoon,2026-05-19,2026-05-19 13:38:48,No,2026-05-19 21:53:21,No,8.24,1,7.0,1,82.14,0,3,0
E1054,Production,Afternoon,2026-05-20,2026-05-20 14:24:29,Yes,2026-05-20 22:02:01,No,7.63,1,7.0,1,82.14,0,3,0
E1054,Production,Afternoon,2026-05-21,2026-05-21 13:39:31,No,2026-05-21 22:10:48,No,8.52,1,7.0,1,82.14,0,3,0
E1054,Production,Afternoon,2026-05-22,2026-05-22 13:51:35,No,2026-05-22 22:00:04,No,8.14,1,7.0,1,82.14,0,3,0
E1054,Production,Afternoon,2026-05-23,2026-05-23 14:09:35,No,2026-05-23 22:11:38,No,8.03,1,7.0,1,82.14,0,3,0
E1054,Production,Afternoon,2026-05-25,2026-05-25 13:55:56,No,2026-05-25 21:33:38,Yes,7.63,1,7.0,1,82.14,0,3,0
E1054,Production,Afternoon,2026-05-26,2026-05-26 13:50:17,No,2026-05-26 22:19:11,No,8.48,1,7.0,1,82.14,0,3,0
E1054,Production,Afternoon,2026-05-27,2026-05-27 14:17:58,Yes,2026-05-27 22:00:00,No,7.7,1,7.0,1,82.14,0,3,0
E1054,Production,Afternoon,2026-05-28,2026-05-28 14:13:59,Yes,2026-05-28 22:05:23,No,7.86,1,7.0,1,82.14,0,3,0
E1054,Production,Afternoon,2026-05-29,2026-05-29 13:50:58,No,2026-05-29 22:11:57,No,8.35,1,7.0,1,82.14,0,3,0
E1054,Production,Afternoon,2026-05-30,2026-05-30 13:46:31,No,2026-05-30 22:14:36,No,8.47,1,7.0,1,82.14,0,3,0
E1054,Production,Afternoon,2026-06-01,2026-06-01 13:57:52,No,2026-06-01 21:52:05,No,7.9,1,7.0,1,82.14,0,3,0
E1054,Production,Afternoon,2026-06-02,2026-06-02 14:04:15,No,2026-06-02 21:51:44,No,7.79,1,7.0,1,82.14,0,3,0
E1054,Production,Afternoon,2026-06-03,2026-06-03 13:44:03,No,2026-06-03 22:05:33,No,8.36,1,7.0,1,82.14,0,3,0
E1054,Production,Afternoon,2026-06-04,2026-06-04 13:51:49,No,2026-06-04 22:30:25,No,8.64,1,7.0,1,82.14,0,3,0
E1054,Production,Afternoon,2026-06-06,2026-06-06 13:59:08,No,2026-06-06 22:06:04,No,8.12,1,7.0,1,82.14,0,3,0
E1054,Production,Afternoon,2026-06-08,2026-06-08 13:38:09,No,2026-06-08 22:27:46,No,8.83,1,7.0,1,82.14,0,3,0
E1054,Production,Afternoon,2026-06-09,2026-06-09 13:55:23,No,2026-06-09 22:24:03,No,8.48,1,7.0,1,82.14,0,3,0
E1054,Production,Afternoon,2026-06-10,2026-06-10 13:51:22,No,2026-06-10 22:05:01,No,8.23,1,7.0,1,82.14,0,3,0
E1054,Production,Afternoon,2026-06-11,2026-06-11 13:43:27,No,2026-06-11 22:03:56,No,8.34,1,7.0,1,82.14,0,3,0
E1054,Production,Afternoon,2026-06-12,2026-06-12 13:49:06,No,2026-06-12 22:10:14,No,8.35,1,7.0,1,82.14,0,3,0
E1054,Production,Afternoon,2026-06-13,2026-06-13 14:21:50,Yes,2026-06-13 22:12:52,No,7.85,1,7.0,1,82.14,0,3,0
E1054,Production,Afternoon,2026-06-15,2026-06-15 13:51:29,No,2026-06-15 21:56:35,No,8.09,1,7.0,1,82.14,0,3,0
E1054,Production,Afternoon,2026-06-16,2026-06-16 14:04:59,No,2026-06-16 22:16:36,No,8.19,1,7.0,1,82.14,0,3,0
E1054,Production,Afternoon,2026-06-17,2026-06-17 13:47:27,No,2026-06-17 22:16:27,No,8.48,1,7.0,1,82.14,0,3,0
E1054,Production,Afternoon,2026-06-18,2026-06-18 14:13:23,Yes,2026-06-18 22:13:05,No,8.0,1,7.0,1,82.14,0,3,0
E1054,Production,Afternoon,2026-06-19,2026-06-19 13:55:01,No,2026-06-19 21:47:40,No,7.88,1,7.0,1,82.14,0,3,0
E1054,Production,Afternoon,2026-06-20,2026-06-20 14:15:31,Yes,2026-06-20 22:14:06,No,7.98,1,7.0,1,82.14,0,3,0
E1054,Production,Afternoon,2026-06-22,2026-06-22 13:52:28,No,2026-06-22 21:41:28,Yes,7.82,1,7.0,1,82.14,0,3,0
E1054,Production,Afternoon,2026-06-23,2026-06-23 13:44:04,No,2026-06-23 21:46:20,No,8.04,1,7.0,1,82.14,0,3,0
E1054,Production,Afternoon,2026-06-24,2026-06-24 13:47:57,No,2026-06-24 22:20:05,No,8.54,1,7.0,1,82.14,0,3,0
E1054,Production,Afternoon,2026-06-25,2026-06-25 14:13:55,Yes,2026-06-25 22:16:53,No,8.05,1,7.0,1,82.14,0,3,0
E1054,Production,Afternoon,2026-06-26,2026-06-26 14:32:16,Yes,2026-06-26 21:49:52,No,7.29,1,7.0,1,82.14,0,3,0
E1054,Production,Afternoon,2026-06-27,2026-06-27 14:08:47,No,2026-06-27 21:55:24,No,7.78,1,7.0,1,82.14,0,3,0
E1054,Production,Afternoon,2026-06-29,2026-06-29 13:53:51,No,2026-06-29 21:45:47,No,7.87,1,7.0,1,82.14,0,3,0
E1054,Production,Afternoon,2026-06-30,2026-06-30 13:36:20,No,2026-06-30 22:44:51,No,9.14,1,7.0,1,82.14,0,3,0
E1054,Production,Afternoon,2026-07-01,2026-07-01 14:10:15,Yes,2026-07-01 22:01:51,No,7.86,1,7.0,1,82.14,0,3,0
E1054,Production,Afternoon,2026-07-02,2026-07-02 14:10:52,Yes,2026-07-02 22:20:01,No,8.15,1,7.0,1,82.14,0,3,0
E1054,Production,Afternoon,2026-07-03,2026-07-03 13:57:52,No,,,,0,7.0,1,82.14,0,3,0
E1054,Production,Afternoon,2026-07-04,2026-07-04 13:39:25,No,2026-07-04 21:58:17,No,8.31,1,7.0,1,82.14,0,3,0
E1054,Production,Afternoon,2026-07-06,2026-07-06 13:53:46,No,2026-07-06 22:17:40,No,8.4,1,7.0,1,82.14,0,3,0
E1054,Production,Afternoon,2026-07-07,2026-07-07 13:37:21,No,2026-07-07 22:28:59,No,8.86,1,7.0,1,82.14,0,3,0
E1054,Production,Afternoon,2026-07-08,2026-07-08 14:01:22,No,2026-07-08 21:57:45,No,7.94,1,7.0,1,82.14,0,3,0
E1054,Production,Afternoon,2026-07-09,2026-07-09 13:56:37,No,2026-07-09 21:49:53,No,7.89,1,7.0,1,82.14,0,3,0
E1054,Production,Afternoon,2026-07-10,2026-07-10 13:56:42,No,2026-07-10 21:44:28,Yes,7.8,1,7.0,1,82.14,0,3,0
E1054,Production,Afternoon,2026-07-11,2026-07-11 13:57:45,No,2026-07-11 21:46:54,No,7.82,1,7.0,1,82.14,0,3,0
E1054,Production,Afternoon,2026-07-13,2026-07-13 13:59:34,No,2026-07-13 21:42:19,Yes,7.71,1,7.0,1,82.14,0,3,0
E1054,Production,Afternoon,2026-07-14,2026-07-14 14:08:00,No,2026-07-14 22:07:36,No,7.99,1,7.0,1,82.14,0,3,0
E1054,Production,Afternoon,2026-07-15,2026-07-15 13:48:20,No,2026-07-15 22:01:10,No,8.21,1,7.0,1,82.14,0,3,0
E1054,Production,Afternoon,2026-07-16,2026-07-16 13:58:00,No,2026-07-16 21:42:15,Yes,7.74,1,7.0,1,82.14,0,3,0
E1054,Production,Afternoon,2026-07-17,2026-07-17 13:56:01,No,2026-07-17 22:26:02,No,8.5,1,7.0,1,82.14,0,3,0
E1054,Production,Afternoon,2026-07-18,2026-07-18 13:36:08,No,2026-07-18 22:12:08,No,8.6,1,7.0,1,82.14,0,3,0
E1054,Production,Afternoon,2026-07-20,2026-07-20 14:00:54,No,2026-07-20 21:59:26,No,7.98,1,7.0,1,82.14,0,3,0
E1054,Production,Afternoon,2026-07-21,2026-07-21 13:59:32,No,2026-07-21 22:05:57,No,8.11,1,7.0,1,82.14,0,3,0
E1054,Production,Afternoon,2026-07-22,2026-07-22 14:11:45,Yes,2026-07-22 22:31:10,No,8.32,1,7.0,1,82.14,0,3,0
E1055,Admin/HR,General,2026-05-01,2026-05-01 09:13:32,No,2026-05-01 18:35:39,No,9.37,1,1.0,1,80.95,0,0,1
E1055,Admin/HR,General,2026-05-02,2026-05-02 09:25:40,No,2026-05-02 18:28:14,No,9.04,1,2.0,1,80.95,0,0,1
E1055,Admin/HR,General,2026-05-04,2026-05-04 09:26:09,No,2026-05-04 18:23:56,No,8.96,1,3.0,1,80.95,0,0,1
E1055,Admin/HR,General,2026-05-05,2026-05-05 09:21:55,No,2026-05-05 18:27:47,No,9.1,1,4.0,1,80.95,0,0,1
E1055,Admin/HR,General,2026-05-06,2026-05-06 09:28:15,No,2026-05-06 18:52:51,No,9.41,1,5.0,1,80.95,0,0,1
E1055,Admin/HR,General,2026-05-07,2026-05-07 09:26:12,No,2026-05-07 18:57:56,No,9.53,1,6.0,1,80.95,0,0,1
E1055,Admin/HR,General,2026-05-08,2026-05-08 09:29:33,No,2026-05-08 18:57:31,No,9.47,1,7.0,1,80.95,0,0,1
E1055,Admin/HR,General,2026-05-09,2026-05-09 09:27:04,No,2026-05-09 18:31:49,No,9.08,1,7.0,1,80.95,0,0,1
E1055,Admin/HR,General,2026-05-11,2026-05-11 09:27:22,No,2026-05-11 18:35:24,No,9.13,1,7.0,1,80.95,0,0,1
E1055,Admin/HR,General,2026-05-12,2026-05-12 09:21:09,No,,,,0,7.0,1,80.95,0,0,1
E1055,Admin/HR,General,2026-05-13,2026-05-13 09:39:45,No,2026-05-13 18:49:11,No,9.16,1,7.0,1,80.95,0,0,1
E1055,Admin/HR,General,2026-05-14,2026-05-14 09:34:04,No,2026-05-14 18:14:27,Yes,8.67,1,7.0,1,80.95,0,0,1
E1055,Admin/HR,General,2026-05-15,2026-05-15 09:40:33,Yes,2026-05-15 18:47:22,No,9.11,1,7.0,1,80.95,0,0,1
E1055,Admin/HR,General,2026-05-16,2026-05-16 09:20:43,No,2026-05-16 18:25:29,No,9.08,1,7.0,1,80.95,0,0,1
E1055,Admin/HR,General,2026-05-18,2026-05-18 09:16:41,No,2026-05-18 18:44:56,No,9.47,1,7.0,1,80.95,0,0,1
E1055,Admin/HR,General,2026-05-19,2026-05-19 08:50:00,No,2026-05-19 18:45:47,No,9.93,1,7.0,1,80.95,0,0,1
E1055,Admin/HR,General,2026-05-20,2026-05-20 09:10:08,No,2026-05-20 18:32:07,No,9.37,1,7.0,1,80.95,0,0,1
E1055,Admin/HR,General,2026-05-21,2026-05-21 09:22:01,No,2026-05-21 18:35:15,No,9.22,1,7.0,1,80.95,0,0,1
E1055,Admin/HR,General,2026-05-23,2026-05-23 09:25:59,No,2026-05-23 19:03:58,No,9.63,1,7.0,1,80.95,0,0,1
E1055,Admin/HR,General,2026-05-25,2026-05-25 09:19:45,No,2026-05-25 18:41:56,No,9.37,1,7.0,1,80.95,0,0,1
E1055,Admin/HR,General,2026-05-26,2026-05-26 09:47:03,Yes,2026-05-26 18:56:30,No,9.16,1,7.0,1,80.95,0,0,1
E1055,Admin/HR,General,2026-05-27,2026-05-27 09:03:52,No,2026-05-27 18:41:38,No,9.63,1,7.0,1,80.95,0,0,1
E1055,Admin/HR,General,2026-05-28,2026-05-28 09:25:30,No,2026-05-28 18:43:12,No,9.3,1,7.0,1,80.95,0,0,1
E1055,Admin/HR,General,2026-05-30,2026-05-30 09:30:25,No,2026-05-30 18:40:25,No,9.17,1,7.0,1,80.95,0,0,1
E1055,Admin/HR,General,2026-06-01,2026-06-01 09:13:13,No,2026-06-01 18:39:15,No,9.43,1,7.0,1,80.95,0,0,1
E1055,Admin/HR,General,2026-06-02,2026-06-02 09:46:46,Yes,2026-06-02 18:57:31,No,9.18,1,7.0,1,80.95,0,0,1
E1055,Admin/HR,General,2026-06-03,2026-06-03 09:29:28,No,2026-06-03 18:20:55,No,8.86,1,7.0,1,80.95,0,0,1
E1055,Admin/HR,General,2026-06-04,2026-06-04 09:26:34,No,2026-06-04 18:50:38,No,9.4,1,7.0,1,80.95,0,0,1
E1055,Admin/HR,General,2026-06-05,2026-06-05 09:39:06,No,2026-06-05 18:36:48,No,8.96,1,7.0,1,80.95,0,0,1
E1055,Admin/HR,General,2026-06-06,2026-06-06 09:22:30,No,2026-06-06 18:21:31,No,8.98,1,7.0,1,80.95,0,0,1
E1055,Admin/HR,General,2026-06-08,2026-06-08 09:18:18,No,2026-06-08 18:13:19,Yes,8.92,1,7.0,1,80.95,0,0,1
E1055,Admin/HR,General,2026-06-09,2026-06-09 09:29:11,No,2026-06-09 18:17:49,No,8.81,1,7.0,1,80.95,0,0,1
E1055,Admin/HR,General,2026-06-10,2026-06-10 09:02:11,No,2026-06-10 18:05:57,Yes,9.06,1,7.0,1,80.95,0,0,1
E1055,Admin/HR,General,2026-06-11,2026-06-11 09:33:26,No,2026-06-11 19:01:32,No,9.47,1,7.0,1,80.95,0,0,1
E1055,Admin/HR,General,2026-06-12,2026-06-12 10:08:14,Yes,2026-06-12 18:30:43,No,8.37,1,7.0,1,80.95,0,0,1
E1055,Admin/HR,General,2026-06-13,2026-06-13 09:29:42,No,2026-06-13 18:30:23,No,9.01,1,7.0,1,80.95,0,0,1
E1055,Admin/HR,General,2026-06-15,2026-06-15 10:05:14,Yes,2026-06-15 18:58:18,No,8.88,1,7.0,1,80.95,0,0,1
E1055,Admin/HR,General,2026-06-16,2026-06-16 10:09:19,Yes,2026-06-16 18:28:54,No,8.33,1,7.0,1,80.95,0,0,1
E1055,Admin/HR,General,2026-06-17,2026-06-17 09:06:08,No,2026-06-17 18:45:27,No,9.66,1,7.0,1,80.95,0,0,1
E1055,Admin/HR,General,2026-06-18,2026-06-18 09:07:24,No,2026-06-18 18:29:30,No,9.37,1,7.0,1,80.95,0,0,1
E1055,Admin/HR,General,2026-06-19,2026-06-19 09:23:17,No,2026-06-19 18:24:48,No,9.03,1,7.0,1,80.95,0,0,1
E1055,Admin/HR,General,2026-06-20,2026-06-20 09:20:17,No,2026-06-20 18:36:03,No,9.26,1,7.0,1,80.95,0,0,1
E1055,Admin/HR,General,2026-06-22,2026-06-22 09:34:10,No,2026-06-22 18:57:05,No,9.38,1,7.0,1,80.95,0,0,1
E1055,Admin/HR,General,2026-06-23,2026-06-23 09:21:29,No,2026-06-23 18:44:49,No,9.39,1,7.0,1,80.95,0,0,1
E1055,Admin/HR,General,2026-06-24,2026-06-24 09:11:27,No,2026-06-24 18:38:22,No,9.45,1,7.0,1,80.95,0,0,1
E1055,Admin/HR,General,2026-06-25,2026-06-25 09:24:15,No,2026-06-25 18:27:40,No,9.06,1,7.0,1,80.95,0,0,1
E1055,Admin/HR,General,2026-06-26,2026-06-26 09:30:41,No,2026-06-26 18:45:56,No,9.25,1,7.0,1,80.95,0,0,1
E1055,Admin/HR,General,2026-06-29,2026-06-29 09:21:39,No,2026-06-29 19:04:49,No,9.72,1,7.0,1,80.95,0,0,1
E1055,Admin/HR,General,2026-06-30,2026-06-30 09:36:51,No,2026-06-30 18:08:45,Yes,8.53,1,7.0,1,80.95,0,0,1
E1055,Admin/HR,General,2026-07-01,2026-07-01 09:18:32,No,2026-07-01 18:49:18,No,9.51,1,7.0,1,80.95,0,0,1
E1055,Admin/HR,General,2026-07-02,2026-07-02 09:06:25,No,2026-07-02 18:47:31,No,9.68,1,7.0,1,80.95,0,0,1
E1055,Admin/HR,General,2026-07-03,2026-07-03 09:21:58,No,2026-07-03 18:41:25,No,9.32,1,7.0,1,80.95,0,0,1
E1055,Admin/HR,General,2026-07-04,2026-07-04 09:28:05,No,2026-07-04 18:07:32,Yes,8.66,1,7.0,1,80.95,0,0,1
E1055,Admin/HR,General,2026-07-06,2026-07-06 09:37:05,No,2026-07-06 18:44:07,No,9.12,1,7.0,1,80.95,0,0,1
E1055,Admin/HR,General,2026-07-07,2026-07-07 09:18:19,No,2026-07-07 18:38:55,No,9.34,1,7.0,1,80.95,0,0,1
E1055,Admin/HR,General,2026-07-08,2026-07-08 09:44:18,Yes,2026-07-08 18:33:12,No,8.82,1,7.0,1,80.95,0,0,1
E1055,Admin/HR,General,2026-07-09,2026-07-09 09:46:47,Yes,2026-07-09 18:59:51,No,9.22,1,7.0,1,80.95,0,0,1
E1055,Admin/HR,General,2026-07-10,2026-07-10 09:46:11,Yes,2026-07-10 18:52:38,No,9.11,1,7.0,1,80.95,0,0,1
E1055,Admin/HR,General,2026-07-11,2026-07-11 09:28:38,No,2026-07-11 18:44:55,No,9.27,1,7.0,1,80.95,0,0,1
E1055,Admin/HR,General,2026-07-13,2026-07-13 09:25:40,No,2026-07-13 18:33:24,No,9.13,1,7.0,1,80.95,0,0,1
E1055,Admin/HR,General,2026-07-14,2026-07-14 09:24:52,No,2026-07-14 18:18:25,No,8.89,1,7.0,1,80.95,0,0,1
E1055,Admin/HR,General,2026-07-15,2026-07-15 09:47:51,Yes,2026-07-15 18:01:15,Yes,8.22,1,7.0,1,80.95,0,0,1
E1055,Admin/HR,General,2026-07-16,2026-07-16 09:22:55,No,2026-07-16 17:48:16,Yes,8.42,1,7.0,1,80.95,0,0,1
E1055,Admin/HR,General,2026-07-17,2026-07-17 09:14:32,No,2026-07-17 18:51:54,No,9.62,1,7.0,1,80.95,0,0,1
E1055,Admin/HR,General,2026-07-18,2026-07-18 09:16:28,No,2026-07-18 19:05:22,No,9.82,1,7.0,1,80.95,0,0,1
E1055,Admin/HR,General,2026-07-20,2026-07-20 09:13:13,No,2026-07-20 19:02:50,No,9.83,1,7.0,1,80.95,0,0,1
E1055,Admin/HR,General,2026-07-21,2026-07-21 09:27:51,No,2026-07-21 19:00:01,No,9.54,1,7.0,1,80.95,0,0,1
E1055,Admin/HR,General,2026-07-22,2026-07-22 09:13:09,No,2026-07-22 18:42:25,No,9.49,1,7.0,1,80.95,0,0,1
E1056,Quality Control,Afternoon,2026-05-01,2026-05-01 14:09:35,No,2026-05-01 22:16:25,No,8.11,1,1.0,1,79.76,1,4,0
E1056,Quality Control,Afternoon,2026-05-02,2026-05-02 13:56:34,No,2026-05-02 22:10:26,No,8.23,1,2.0,1,79.76,1,4,0
E1056,Quality Control,Afternoon,2026-05-04,2026-05-04 13:43:36,No,2026-05-04 22:38:38,No,8.92,1,3.0,1,79.76,1,4,0
E1056,Quality Control,Afternoon,2026-05-05,2026-05-05 14:00:58,No,2026-05-05 21:55:52,No,7.92,1,4.0,1,79.76,1,4,0
E1056,Quality Control,Afternoon,2026-05-07,2026-05-07 14:01:17,No,2026-05-07 22:03:22,No,8.03,1,5.0,1,79.76,1,4,0
E1056,Quality Control,Afternoon,2026-05-08,2026-05-08 14:13:35,Yes,2026-05-08 22:23:02,No,8.16,1,6.0,1,79.76,1,4,0
E1056,Quality Control,Afternoon,2026-05-09,2026-05-09 13:53:00,No,2026-05-09 22:00:44,No,8.13,1,7.0,1,79.76,1,4,0
E1056,Quality Control,Afternoon,2026-05-11,2026-05-11 13:54:15,No,2026-05-11 21:50:36,No,7.94,1,7.0,1,79.76,1,4,0
E1056,Quality Control,Afternoon,2026-05-12,2026-05-12 14:02:37,No,2026-05-12 21:57:56,No,7.92,1,7.0,1,79.76,1,4,0
E1056,Quality Control,Afternoon,2026-05-13,2026-05-13 13:53:17,No,2026-05-13 21:45:58,No,7.88,1,7.0,1,79.76,1,4,0
E1056,Quality Control,Afternoon,2026-05-14,2026-05-14 13:38:02,No,2026-05-14 21:58:26,No,8.34,1,7.0,1,79.76,1,4,0
E1056,Quality Control,Afternoon,2026-05-15,2026-05-15 14:17:30,Yes,2026-05-15 22:10:02,No,7.88,1,7.0,1,79.76,1,4,0
E1056,Quality Control,Afternoon,2026-05-16,2026-05-16 14:06:19,No,2026-05-16 21:40:19,Yes,7.57,1,7.0,1,79.76,1,4,0
E1056,Quality Control,Afternoon,2026-05-18,2026-05-18 14:05:32,No,2026-05-18 22:11:51,No,8.11,1,7.0,1,79.76,1,4,0
E1056,Quality Control,Afternoon,2026-05-19,2026-05-19 13:56:19,No,2026-05-19 21:43:17,Yes,7.78,1,7.0,1,79.76,1,4,0
E1056,Quality Control,Afternoon,2026-05-20,2026-05-20 13:58:36,No,2026-05-20 21:47:29,No,7.81,1,7.0,1,79.76,1,4,0
E1056,Quality Control,Afternoon,2026-05-21,2026-05-21 14:11:27,Yes,2026-05-21 22:19:23,No,8.13,1,7.0,1,79.76,1,4,0
E1056,Quality Control,Afternoon,2026-05-22,2026-05-22 13:59:33,No,2026-05-22 22:35:19,No,8.6,1,7.0,1,79.76,1,4,0
E1056,Quality Control,Afternoon,2026-05-23,2026-05-23 13:49:04,No,2026-05-23 22:31:37,No,8.71,1,7.0,1,79.76,1,4,0
E1056,Quality Control,Afternoon,2026-05-25,2026-05-25 13:50:56,No,2026-05-25 21:53:37,No,8.04,1,7.0,1,79.76,1,4,0
E1056,Quality Control,Afternoon,2026-05-26,2026-05-26 14:04:41,No,2026-05-26 21:49:55,No,7.75,1,7.0,1,79.76,1,4,0
E1056,Quality Control,Afternoon,2026-05-27,2026-05-27 13:56:34,No,2026-05-27 21:56:18,No,8.0,1,7.0,1,79.76,1,4,0
E1056,Quality Control,Afternoon,2026-05-28,2026-05-28 13:53:19,No,2026-05-28 21:59:54,No,8.11,1,7.0,1,79.76,1,4,0
E1056,Quality Control,Afternoon,2026-05-29,2026-05-29 13:58:43,No,2026-05-29 21:57:00,No,7.97,1,7.0,1,79.76,1,4,0
E1056,Quality Control,Afternoon,2026-05-30,2026-05-30 13:59:20,No,2026-05-30 21:47:17,No,7.8,1,7.0,1,79.76,1,4,0
E1056,Quality Control,Afternoon,2026-06-01,2026-06-01 14:12:34,Yes,2026-06-01 22:30:39,No,8.3,1,7.0,1,79.76,1,4,0
E1056,Quality Control,Afternoon,2026-06-03,2026-06-03 14:06:32,No,2026-06-03 22:08:52,No,8.04,1,7.0,1,79.76,1,4,0
E1056,Quality Control,Afternoon,2026-06-04,2026-06-04 14:07:53,No,2026-06-04 21:26:13,Yes,7.31,1,7.0,1,79.76,1,4,0
E1056,Quality Control,Afternoon,2026-06-05,2026-06-05 13:48:20,No,2026-06-05 22:28:29,No,8.67,1,7.0,1,79.76,1,4,0
E1056,Quality Control,Afternoon,2026-06-06,2026-06-06 14:10:09,Yes,2026-06-06 21:39:22,Yes,7.49,1,7.0,1,79.76,1,4,0
E1056,Quality Control,Afternoon,2026-06-09,2026-06-09 13:45:05,No,2026-06-09 21:53:54,No,8.15,1,7.0,1,79.76,1,4,0
E1056,Quality Control,Afternoon,2026-06-10,2026-06-10 14:00:10,No,2026-06-10 22:01:42,No,8.03,1,7.0,1,79.76,1,4,0
E1056,Quality Control,Afternoon,2026-06-11,2026-06-11 13:49:40,No,2026-06-11 22:29:28,No,8.66,1,7.0,1,79.76,1,4,0
E1056,Quality Control,Afternoon,2026-06-12,2026-06-12 13:38:10,No,2026-06-12 21:58:40,No,8.34,1,7.0,1,79.76,1,4,0
E1056,Quality Control,Afternoon,2026-06-15,2026-06-15 13:40:59,No,2026-06-15 22:16:14,No,8.59,1,7.0,1,79.76,1,4,0
E1056,Quality Control,Afternoon,2026-06-16,2026-06-16 14:08:22,No,2026-06-16 22:14:04,No,8.1,1,7.0,1,79.76,1,4,0
E1056,Quality Control,Afternoon,2026-06-17,2026-06-17 13:57:31,No,2026-06-17 22:09:02,No,8.19,1,7.0,1,79.76,1,4,0
E1056,Quality Control,Afternoon,2026-06-18,2026-06-18 14:04:59,No,2026-06-18 22:21:41,No,8.28,1,7.0,1,79.76,1,4,0
E1056,Quality Control,Afternoon,2026-06-19,2026-06-19 13:51:10,No,2026-06-19 22:10:54,No,8.33,1,7.0,1,79.76,1,4,0
E1056,Quality Control,Afternoon,2026-06-20,2026-06-20 13:37:38,No,2026-06-20 22:22:59,No,8.76,1,7.0,1,79.76,1,4,0
E1056,Quality Control,Afternoon,2026-06-22,2026-06-22 13:51:40,No,2026-06-22 21:45:03,No,7.89,1,7.0,1,79.76,1,4,0
E1056,Quality Control,Afternoon,2026-06-23,2026-06-23 13:49:30,No,2026-06-23 21:58:50,No,8.16,1,7.0,1,79.76,1,4,0
E1056,Quality Control,Afternoon,2026-06-24,2026-06-24 14:13:43,Yes,2026-06-24 21:46:48,No,7.55,1,7.0,1,79.76,1,4,0
E1056,Quality Control,Afternoon,2026-06-25,2026-06-25 13:53:17,No,2026-06-25 22:13:42,No,8.34,1,7.0,1,79.76,1,4,0
E1056,Quality Control,Afternoon,2026-06-26,2026-06-26 13:44:42,No,2026-06-26 22:16:02,No,8.52,1,7.0,1,79.76,1,4,0
E1056,Quality Control,Afternoon,2026-06-27,2026-06-27 13:55:08,No,2026-06-27 22:03:02,No,8.13,1,7.0,1,79.76,1,4,0
E1056,Quality Control,Afternoon,2026-06-29,2026-06-29 13:31:46,No,2026-06-29 22:16:36,No,8.75,1,7.0,1,79.76,1,4,0
E1056,Quality Control,Afternoon,2026-06-30,2026-06-30 13:39:53,No,2026-06-30 22:23:37,No,8.73,1,7.0,1,79.76,1,4,0
E1056,Quality Control,Afternoon,2026-07-01,2026-07-01 13:55:12,No,2026-07-01 22:40:44,No,8.76,1,7.0,1,79.76,1,4,0
E1056,Quality Control,Afternoon,2026-07-02,2026-07-02 13:52:17,No,2026-07-02 21:50:08,No,7.96,1,7.0,1,79.76,1,4,0
E1056,Quality Control,Afternoon,2026-07-03,2026-07-03 14:00:30,No,,,,0,7.0,1,79.76,1,4,0
E1056,Quality Control,Afternoon,2026-07-04,2026-07-04 13:50:58,No,2026-07-04 22:07:38,No,8.28,1,7.0,1,79.76,1,4,0
E1056,Quality Control,Afternoon,2026-07-06,2026-07-06 14:07:04,No,2026-07-06 21:42:29,Yes,7.59,1,7.0,1,79.76,1,4,0
E1056,Quality Control,Afternoon,2026-07-07,2026-07-07 13:34:59,No,2026-07-07 22:03:59,No,8.48,1,7.0,1,79.76,1,4,0
E1056,Quality Control,Afternoon,2026-07-08,2026-07-08 13:39:05,No,2026-07-08 22:08:30,No,8.49,1,7.0,1,79.76,1,4,0
E1056,Quality Control,Afternoon,2026-07-09,2026-07-09 13:50:03,No,2026-07-09 21:53:43,No,8.06,1,7.0,1,79.76,1,4,0
E1056,Quality Control,Afternoon,2026-07-10,2026-07-10 14:16:16,Yes,2026-07-10 22:03:12,No,7.78,1,7.0,1,79.76,1,4,0
E1056,Quality Control,Afternoon,2026-07-11,2026-07-11 14:09:47,No,2026-07-11 22:01:19,No,7.86,1,7.0,1,79.76,1,4,0
E1056,Quality Control,Afternoon,2026-07-13,2026-07-13 14:03:16,No,2026-07-13 22:18:42,No,8.26,1,7.0,1,79.76,1,4,0
E1056,Quality Control,Afternoon,2026-07-14,2026-07-14 14:00:04,No,2026-07-14 21:36:44,Yes,7.61,1,7.0,1,79.76,1,4,0
E1056,Quality Control,Afternoon,2026-07-15,2026-07-15 13:51:46,No,2026-07-15 22:02:31,No,8.18,1,7.0,1,79.76,1,4,0
E1056,Quality Control,Afternoon,2026-07-16,2026-07-16 14:07:59,No,2026-07-16 22:48:09,No,8.67,1,7.0,1,79.76,1,4,0
E1056,Quality Control,Afternoon,2026-07-17,2026-07-17 13:58:29,No,2026-07-17 22:13:44,No,8.25,1,7.0,1,79.76,1,4,0
E1056,Quality Control,Afternoon,2026-07-18,2026-07-18 14:25:58,Yes,2026-07-18 22:07:26,No,7.69,1,7.0,1,79.76,1,4,0
E1056,Quality Control,Afternoon,2026-07-20,2026-07-20 13:41:38,No,2026-07-20 22:03:25,No,8.36,1,7.0,1,79.76,1,4,0
E1056,Quality Control,Afternoon,2026-07-21,2026-07-21 13:50:30,No,2026-07-21 21:58:21,No,8.13,1,7.0,1,79.76,1,4,0
E1056,Quality Control,Afternoon,2026-07-22,2026-07-22 13:53:56,No,2026-07-22 21:48:54,No,7.92,1,7.0,1,79.76,1,4,0
E1057,Packing,Night,2026-05-01,2026-05-01 21:29:38,No,,,,0,1.0,1,79.76,1,2,3
E1057,Packing,Night,2026-05-02,2026-05-02 21:58:38,No,2026-05-03 06:30:17,No,8.53,1,2.0,1,79.76,1,2,3
E1057,Packing,Night,2026-05-04,2026-05-04 21:57:44,No,,,,0,3.0,1,79.76,1,2,3
E1057,Packing,Night,2026-05-05,2026-05-05 21:52:23,No,2026-05-06 05:44:29,Yes,7.87,1,4.0,1,79.76,1,2,3
E1057,Packing,Night,2026-05-06,2026-05-06 21:55:08,No,2026-05-07 06:06:06,No,8.18,1,5.0,1,79.76,1,2,3
E1057,Packing,Night,2026-05-07,2026-05-07 22:12:59,Yes,2026-05-08 06:14:17,No,8.02,1,6.0,1,79.76,1,2,3
E1057,Packing,Night,2026-05-08,2026-05-08 22:18:45,Yes,2026-05-09 06:22:58,No,8.07,1,7.0,1,79.76,1,2,3
E1057,Packing,Night,2026-05-09,2026-05-09 21:59:17,No,2026-05-10 05:56:45,No,7.96,1,7.0,1,79.76,1,2,3
E1057,Packing,Night,2026-05-11,2026-05-11 21:53:12,No,,,,0,7.0,1,79.76,1,2,3
E1057,Packing,Night,2026-05-12,2026-05-12 21:54:51,No,2026-05-13 05:51:21,No,7.94,1,7.0,1,79.76,1,2,3
E1057,Packing,Night,2026-05-13,2026-05-13 21:38:00,No,2026-05-14 06:22:01,No,8.73,1,7.0,1,79.76,1,2,3
E1057,Packing,Night,2026-05-14,2026-05-14 21:36:53,No,2026-05-15 05:40:31,Yes,8.06,1,7.0,1,79.76,1,2,3
E1057,Packing,Night,2026-05-15,2026-05-15 22:03:34,No,2026-05-16 06:19:44,No,8.27,1,7.0,1,79.76,1,2,3
E1057,Packing,Night,2026-05-16,2026-05-16 21:51:54,No,2026-05-17 06:29:53,No,8.63,1,7.0,1,79.76,1,2,3
E1057,Packing,Night,2026-05-18,2026-05-18 21:40:29,No,,,,0,7.0,1,79.76,1,2,3
E1057,Packing,Night,2026-05-19,2026-05-19 22:05:05,No,2026-05-20 06:27:12,No,8.37,1,7.0,1,79.76,1,2,3
E1057,Packing,Night,2026-05-20,2026-05-20 21:53:18,No,2026-05-21 06:22:07,No,8.48,1,7.0,1,79.76,1,2,3
E1057,Packing,Night,2026-05-21,2026-05-21 21:29:11,No,2026-05-22 06:11:18,No,8.7,1,7.0,1,79.76,1,2,3
E1057,Packing,Night,2026-05-22,2026-05-22 21:48:31,No,2026-05-23 05:51:28,No,8.05,1,7.0,1,79.76,1,2,3
E1057,Packing,Night,2026-05-23,2026-05-23 21:34:26,No,2026-05-24 05:57:39,No,8.39,1,7.0,1,79.76,1,2,3
E1057,Packing,Night,2026-05-25,2026-05-25 21:49:21,No,,,,0,7.0,1,79.76,1,2,3
E1057,Packing,Night,2026-05-26,2026-05-26 22:04:38,No,2026-05-27 06:28:55,No,8.4,1,7.0,1,79.76,1,2,3
E1057,Packing,Night,2026-05-27,2026-05-27 22:17:01,Yes,2026-05-28 06:23:14,No,8.1,1,7.0,1,79.76,1,2,3
E1057,Packing,Night,2026-05-28,2026-05-28 22:02:33,No,2026-05-29 05:50:02,No,7.79,1,7.0,1,79.76,1,2,3
E1057,Packing,Night,2026-05-29,2026-05-29 21:49:10,No,2026-05-30 06:03:28,No,8.24,1,7.0,1,79.76,1,2,3
E1057,Packing,Night,2026-05-30,2026-05-30 21:31:33,No,2026-05-31 06:04:59,No,8.56,1,7.0,1,79.76,1,2,3
E1057,Packing,Night,2026-06-01,2026-06-01 21:48:50,No,,,,0,7.0,1,79.76,1,2,3
E1057,Packing,Night,2026-06-02,2026-06-02 22:04:16,No,2026-06-03 06:11:53,No,8.13,1,7.0,1,79.76,1,2,3
E1057,Packing,Night,2026-06-03,2026-06-03 21:23:02,No,2026-06-04 06:15:06,No,8.87,1,7.0,1,79.76,1,2,3
E1057,Packing,Night,2026-06-04,2026-06-04 22:15:52,Yes,2026-06-05 05:51:33,No,7.59,1,7.0,1,79.76,1,2,3
E1057,Packing,Night,2026-06-05,2026-06-05 21:50:17,No,2026-06-06 06:15:36,No,8.42,1,7.0,1,79.76,1,2,3
E1057,Packing,Night,2026-06-06,2026-06-06 22:05:19,No,2026-06-07 05:50:51,No,7.76,1,7.0,1,79.76,1,2,3
E1057,Packing,Night,2026-06-09,2026-06-09 21:57:03,No,,,,0,7.0,1,79.76,1,2,3
E1057,Packing,Night,2026-06-10,2026-06-10 21:41:08,No,2026-06-11 05:48:36,No,8.12,1,7.0,1,79.76,1,2,3
E1057,Packing,Night,2026-06-11,2026-06-11 22:10:35,Yes,2026-06-12 06:26:26,No,8.26,1,7.0,1,79.76,1,2,3
E1057,Packing,Night,2026-06-12,2026-06-12 22:02:13,No,2026-06-13 05:59:16,No,7.95,1,7.0,1,79.76,1,2,3
E1057,Packing,Night,2026-06-13,2026-06-13 21:47:46,No,2026-06-14 06:04:15,No,8.27,1,7.0,1,79.76,1,2,3
E1057,Packing,Night,2026-06-15,2026-06-15 21:59:06,No,,,,0,7.0,1,79.76,1,2,3
E1057,Packing,Night,2026-06-16,2026-06-16 21:42:16,No,2026-06-17 05:52:14,No,8.17,1,7.0,1,79.76,1,2,3
E1057,Packing,Night,2026-06-17,2026-06-17 21:29:24,No,2026-06-18 06:02:38,No,8.55,1,7.0,1,79.76,1,2,3
E1057,Packing,Night,2026-06-18,2026-06-18 21:56:36,No,2026-06-19 06:05:44,No,8.15,1,7.0,1,79.76,1,2,3
E1057,Packing,Night,2026-06-19,2026-06-19 22:08:35,No,2026-06-20 06:38:41,No,8.5,1,7.0,1,79.76,1,2,3
E1057,Packing,Night,2026-06-20,2026-06-20 22:09:02,No,2026-06-21 06:00:14,No,7.85,1,7.0,1,79.76,1,2,3
E1057,Packing,Night,2026-06-22,2026-06-22 22:00:55,No,,,,0,7.0,1,79.76,1,2,3
E1057,Packing,Night,2026-06-23,2026-06-23 21:58:05,No,2026-06-24 06:09:59,No,8.2,1,7.0,1,79.76,1,2,3
E1057,Packing,Night,2026-06-24,2026-06-24 22:02:48,No,2026-06-25 05:40:20,Yes,7.63,1,7.0,1,79.76,1,2,3
E1057,Packing,Night,2026-06-25,2026-06-25 22:00:17,No,2026-06-26 06:17:42,No,8.29,1,7.0,1,79.76,1,2,3
E1057,Packing,Night,2026-06-26,2026-06-26 22:07:38,No,2026-06-27 06:29:46,No,8.37,1,7.0,1,79.76,1,2,3
E1057,Packing,Night,2026-06-27,2026-06-27 21:54:41,No,2026-06-28 06:13:22,No,8.31,1,7.0,1,79.76,1,2,3
E1057,Packing,Night,2026-06-29,2026-06-29 21:51:04,No,,,,0,7.0,1,79.76,1,2,3
E1057,Packing,Night,2026-06-30,2026-06-30 21:28:11,No,2026-07-01 06:03:44,No,8.59,1,7.0,1,79.76,1,2,3
E1057,Packing,Night,2026-07-01,2026-07-01 22:12:29,Yes,2026-07-02 05:55:48,No,7.72,1,7.0,1,79.76,1,2,3
E1057,Packing,Night,2026-07-03,2026-07-03 22:14:15,Yes,,,,0,7.0,1,79.76,1,2,3
E1057,Packing,Night,2026-07-04,2026-07-04 22:10:48,Yes,2026-07-05 06:30:02,No,8.32,1,7.0,1,79.76,1,2,3
E1057,Packing,Night,2026-07-06,2026-07-06 22:08:29,No,,,,0,7.0,1,79.76,1,2,3
E1057,Packing,Night,2026-07-07,2026-07-07 22:03:41,No,2026-07-08 06:37:32,No,8.56,1,7.0,1,79.76,1,2,3
E1057,Packing,Night,2026-07-08,2026-07-08 21:55:18,No,2026-07-09 05:36:21,Yes,7.68,1,7.0,1,79.76,1,2,3
E1057,Packing,Night,2026-07-09,2026-07-09 22:09:19,No,2026-07-10 05:43:19,Yes,7.57,1,7.0,1,79.76,1,2,3
E1057,Packing,Night,2026-07-11,2026-07-11 21:46:27,No,,,,0,7.0,1,79.76,1,2,3
E1057,Packing,Night,2026-07-13,2026-07-13 21:53:25,No,,,,0,7.0,1,79.76,1,2,3
E1057,Packing,Night,2026-07-14,2026-07-14 21:53:42,No,2026-07-15 06:09:24,No,8.26,1,7.0,1,79.76,1,2,3
E1057,Packing,Night,2026-07-16,2026-07-16 21:33:06,No,,,,0,7.0,1,79.76,1,2,3
E1057,Packing,Night,2026-07-17,2026-07-17 22:09:43,No,2026-07-18 06:00:58,No,7.85,1,7.0,1,79.76,1,2,3
E1057,Packing,Night,2026-07-18,2026-07-18 21:36:34,No,2026-07-19 05:59:07,No,8.38,1,7.0,1,79.76,1,2,3
E1057,Packing,Night,2026-07-20,2026-07-20 21:52:54,No,,,,0,7.0,1,79.76,1,2,3
E1057,Packing,Night,2026-07-21,2026-07-21 21:50:14,No,2026-07-22 06:32:44,No,8.71,1,7.0,1,79.76,1,2,3
E1057,Packing,Night,2026-07-22,2026-07-22 22:10:26,Yes,2026-07-23 05:43:48,Yes,7.56,1,7.0,1,79.76,1,2,3
E1058,Maintenance,Morning,2026-05-01,2026-05-01 05:47:13,No,2026-05-01 14:37:59,No,8.85,1,1.0,0,79.76,1,1,2
E1058,Maintenance,Morning,2026-05-02,2026-05-02 06:15:35,Yes,2026-05-02 14:09:33,No,7.9,1,2.0,0,79.76,1,1,2
E1058,Maintenance,Morning,2026-05-04,2026-05-04 06:03:09,No,2026-05-04 13:58:04,No,7.92,1,3.0,0,79.76,1,1,2
E1058,Maintenance,Morning,2026-05-05,2026-05-05 05:36:26,No,2026-05-05 14:05:03,No,8.48,1,4.0,0,79.76,1,1,2
E1058,Maintenance,Morning,2026-05-06,2026-05-06 05:54:47,No,2026-05-06 14:17:47,No,8.38,1,5.0,0,79.76,1,1,2
E1058,Maintenance,Morning,2026-05-08,2026-05-08 05:45:10,No,2026-05-08 14:01:05,No,8.27,1,6.0,0,79.76,1,1,2
E1058,Maintenance,Morning,2026-05-09,2026-05-09 05:57:18,No,2026-05-09 13:47:25,No,7.84,1,7.0,0,79.76,1,1,2
E1058,Maintenance,Morning,2026-05-11,2026-05-11 05:35:14,No,2026-05-11 13:45:43,No,8.17,1,7.0,0,79.76,1,1,2
E1058,Maintenance,Morning,2026-05-12,2026-05-12 05:52:19,No,2026-05-12 13:49:40,No,7.96,1,7.0,0,79.76,1,1,2
E1058,Maintenance,Morning,2026-05-13,2026-05-13 05:43:39,No,2026-05-13 13:47:58,No,8.07,1,7.0,0,79.76,1,1,2
E1058,Maintenance,Morning,2026-05-14,2026-05-14 06:25:36,Yes,2026-05-14 14:13:41,No,7.8,1,7.0,0,79.76,1,1,2
E1058,Maintenance,Morning,2026-05-15,2026-05-15 06:10:23,Yes,,,,0,7.0,0,79.76,1,1,2
E1058,Maintenance,Morning,2026-05-16,2026-05-16 05:57:11,No,2026-05-16 14:00:02,No,8.05,1,7.0,0,79.76,1,1,2
E1058,Maintenance,Morning,2026-05-18,2026-05-18 06:09:34,No,2026-05-18 14:17:26,No,8.13,1,7.0,0,79.76,1,1,2
E1058,Maintenance,Morning,2026-05-19,2026-05-19 05:40:20,No,2026-05-19 13:54:05,No,8.23,1,7.0,0,79.76,1,1,2
E1058,Maintenance,Morning,2026-05-20,2026-05-20 06:04:08,No,2026-05-20 14:18:42,No,8.24,1,7.0,0,79.76,1,1,2
E1058,Maintenance,Morning,2026-05-21,2026-05-21 05:59:25,No,2026-05-21 13:54:22,No,7.92,1,7.0,0,79.76,1,1,2
E1058,Maintenance,Morning,2026-05-23,2026-05-23 05:51:16,No,2026-05-23 14:10:04,No,8.31,1,7.0,0,79.76,1,1,2
E1058,Maintenance,Morning,2026-05-25,2026-05-25 05:51:58,No,2026-05-25 14:18:57,No,8.45,1,7.0,0,79.76,1,1,2
E1058,Maintenance,Morning,2026-05-26,2026-05-26 06:03:00,No,,,,0,7.0,0,79.76,1,1,2
E1058,Maintenance,Morning,2026-05-27,2026-05-27 05:51:58,No,2026-05-27 14:38:06,No,8.77,1,7.0,0,79.76,1,1,2
E1058,Maintenance,Morning,2026-05-28,2026-05-28 05:58:28,No,2026-05-28 14:19:14,No,8.35,1,7.0,0,79.76,1,1,2
E1058,Maintenance,Morning,2026-05-29,2026-05-29 05:42:38,No,2026-05-29 14:04:15,No,8.36,1,7.0,0,79.76,1,1,2
E1058,Maintenance,Morning,2026-05-30,2026-05-30 06:11:42,Yes,2026-05-30 14:13:33,No,8.03,1,7.0,0,79.76,1,1,2
E1058,Maintenance,Morning,2026-06-01,2026-06-01 06:00:38,No,2026-06-01 14:22:23,No,8.36,1,7.0,0,79.76,1,1,2
E1058,Maintenance,Morning,2026-06-02,2026-06-02 05:58:06,No,2026-06-02 13:46:00,No,7.8,1,7.0,0,79.76,1,1,2
E1058,Maintenance,Morning,2026-06-03,2026-06-03 06:11:14,Yes,2026-06-03 14:35:24,No,8.4,1,7.0,0,79.76,1,1,2
E1058,Maintenance,Morning,2026-06-04,2026-06-04 06:15:15,Yes,2026-06-04 14:31:14,No,8.27,1,7.0,0,79.76,1,1,2
E1058,Maintenance,Morning,2026-06-05,2026-06-05 06:09:53,No,2026-06-05 14:26:56,No,8.28,1,7.0,0,79.76,1,1,2
E1058,Maintenance,Morning,2026-06-06,2026-06-06 05:46:36,No,2026-06-06 14:20:34,No,8.57,1,7.0,0,79.76,1,1,2
E1058,Maintenance,Morning,2026-06-08,2026-06-08 06:08:30,No,2026-06-08 13:39:30,Yes,7.52,1,7.0,0,79.76,1,1,2
E1058,Maintenance,Morning,2026-06-09,2026-06-09 06:19:05,Yes,2026-06-09 14:01:35,No,7.71,1,7.0,0,79.76,1,1,2
E1058,Maintenance,Morning,2026-06-10,2026-06-10 06:02:47,No,2026-06-10 13:39:48,Yes,7.62,1,7.0,0,79.76,1,1,2
E1058,Maintenance,Morning,2026-06-11,2026-06-11 05:35:44,No,2026-06-11 13:35:20,Yes,7.99,1,7.0,0,79.76,1,1,2
E1058,Maintenance,Morning,2026-06-12,2026-06-12 05:53:59,No,2026-06-12 14:07:23,No,8.22,1,7.0,0,79.76,1,1,2
E1058,Maintenance,Morning,2026-06-13,2026-06-13 06:11:13,Yes,2026-06-13 14:26:32,No,8.26,1,7.0,0,79.76,1,1,2
E1058,Maintenance,Morning,2026-06-15,2026-06-15 06:03:21,No,,,,0,7.0,0,79.76,1,1,2
E1058,Maintenance,Morning,2026-06-16,2026-06-16 05:55:04,No,2026-06-16 14:11:02,No,8.27,1,7.0,0,79.76,1,1,2
E1058,Maintenance,Morning,2026-06-17,2026-06-17 05:54:00,No,2026-06-17 13:55:17,No,8.02,1,7.0,0,79.76,1,1,2
E1058,Maintenance,Morning,2026-06-18,2026-06-18 05:36:17,No,2026-06-18 14:25:15,No,8.82,1,7.0,0,79.76,1,1,2
E1058,Maintenance,Morning,2026-06-19,2026-06-19 05:54:09,No,2026-06-19 14:08:11,No,8.23,1,7.0,0,79.76,1,1,2
E1058,Maintenance,Morning,2026-06-20,2026-06-20 05:39:20,No,2026-06-20 14:12:43,No,8.56,1,7.0,0,79.76,1,1,2
E1058,Maintenance,Morning,2026-06-22,2026-06-22 06:00:54,No,2026-06-22 14:38:10,No,8.62,1,7.0,0,79.76,1,1,2
E1058,Maintenance,Morning,2026-06-23,2026-06-23 05:58:54,No,2026-06-23 13:57:28,No,7.98,1,7.0,0,79.76,1,1,2
E1058,Maintenance,Morning,2026-06-24,2026-06-24 06:08:19,No,2026-06-24 13:45:43,No,7.62,1,7.0,0,79.76,1,1,2
E1058,Maintenance,Morning,2026-06-26,2026-06-26 06:08:35,No,2026-06-26 14:15:38,No,8.12,1,7.0,0,79.76,1,1,2
E1058,Maintenance,Morning,2026-06-27,2026-06-27 05:48:23,No,2026-06-27 14:47:49,No,8.99,1,7.0,0,79.76,1,1,2
E1058,Maintenance,Morning,2026-06-29,2026-06-29 06:11:55,Yes,2026-06-29 13:45:28,No,7.56,1,7.0,0,79.76,1,1,2
E1058,Maintenance,Morning,2026-06-30,2026-06-30 06:11:11,Yes,2026-06-30 14:36:12,No,8.42,1,7.0,0,79.76,1,1,2
E1058,Maintenance,Morning,2026-07-01,2026-07-01 06:08:26,No,2026-07-01 14:29:47,No,8.36,1,7.0,0,79.76,1,1,2
E1058,Maintenance,Morning,2026-07-02,2026-07-02 05:57:50,No,2026-07-02 14:20:59,No,8.39,1,7.0,0,79.76,1,1,2
E1058,Maintenance,Morning,2026-07-03,2026-07-03 05:49:43,No,2026-07-03 14:38:58,No,8.82,1,7.0,0,79.76,1,1,2
E1058,Maintenance,Morning,2026-07-04,2026-07-04 05:50:48,No,2026-07-04 14:03:51,No,8.22,1,7.0,0,79.76,1,1,2
E1058,Maintenance,Morning,2026-07-06,2026-07-06 05:49:37,No,2026-07-06 14:04:32,No,8.25,1,7.0,0,79.76,1,1,2
E1058,Maintenance,Morning,2026-07-08,2026-07-08 06:01:11,No,2026-07-08 14:23:06,No,8.37,1,7.0,0,79.76,1,1,2
E1058,Maintenance,Morning,2026-07-09,2026-07-09 05:56:29,No,2026-07-09 14:17:56,No,8.36,1,7.0,0,79.76,1,1,2
E1058,Maintenance,Morning,2026-07-10,2026-07-10 05:59:02,No,2026-07-10 14:08:13,No,8.15,1,7.0,0,79.76,1,1,2
E1058,Maintenance,Morning,2026-07-11,2026-07-11 05:35:22,No,2026-07-11 14:03:45,No,8.47,1,7.0,0,79.76,1,1,2
E1058,Maintenance,Morning,2026-07-13,2026-07-13 05:58:37,No,2026-07-13 14:06:34,No,8.13,1,7.0,0,79.76,1,1,2
E1058,Maintenance,Morning,2026-07-14,2026-07-14 05:45:52,No,2026-07-14 13:56:59,No,8.19,1,7.0,0,79.76,1,1,2
E1058,Maintenance,Morning,2026-07-15,2026-07-15 06:23:14,Yes,2026-07-15 13:59:14,No,7.6,1,7.0,0,79.76,1,1,2
E1058,Maintenance,Morning,2026-07-17,2026-07-17 05:50:48,No,2026-07-17 14:05:12,No,8.24,1,7.0,0,79.76,1,1,2
E1058,Maintenance,Morning,2026-07-18,2026-07-18 05:55:02,No,2026-07-18 13:53:00,No,7.97,1,7.0,0,79.76,1,1,2
E1058,Maintenance,Morning,2026-07-20,2026-07-20 05:42:36,No,2026-07-20 13:58:08,No,8.26,1,7.0,0,79.76,1,1,2
E1058,Maintenance,Morning,2026-07-21,2026-07-21 05:43:43,No,2026-07-21 14:21:59,No,8.64,1,7.0,0,79.76,1,1,2
E1058,Maintenance,Morning,2026-07-22,2026-07-22 06:01:13,No,2026-07-22 14:11:24,No,8.17,1,7.0,0,79.76,1,1,2
E1058,Maintenance,Morning,2026-07-23,2026-07-23 05:48:35,No,,,,0,7.0,0,79.76,1,1,2
E1059,Production,Morning,2026-05-01,2026-05-01 06:08:31,No,2026-05-01 14:06:53,No,7.97,1,1.0,1,80.95,0,3,2
E1059,Production,Morning,2026-05-02,2026-05-02 06:07:28,No,2026-05-02 14:35:09,No,8.46,1,2.0,1,80.95,0,3,2
E1059,Production,Morning,2026-05-04,2026-05-04 05:32:41,No,2026-05-04 14:04:17,No,8.53,1,3.0,1,80.95,0,3,2
E1059,Production,Morning,2026-05-05,2026-05-05 06:10:25,Yes,2026-05-05 14:37:11,No,8.45,1,4.0,1,80.95,0,3,2
E1059,Production,Morning,2026-05-06,2026-05-06 06:17:47,Yes,2026-05-06 14:20:58,No,8.05,1,5.0,1,80.95,0,3,2
E1059,Production,Morning,2026-05-07,2026-05-07 06:06:22,No,2026-05-07 13:59:42,No,7.89,1,6.0,1,80.95,0,3,2
E1059,Production,Morning,2026-05-08,2026-05-08 05:45:35,No,2026-05-08 13:54:07,No,8.14,1,7.0,1,80.95,0,3,2
E1059,Production,Morning,2026-05-09,2026-05-09 05:55:23,No,2026-05-09 13:59:39,No,8.07,1,7.0,1,80.95,0,3,2
E1059,Production,Morning,2026-05-12,2026-05-12 05:21:45,No,2026-05-12 14:12:12,No,8.84,1,7.0,1,80.95,0,3,2
E1059,Production,Morning,2026-05-13,2026-05-13 06:14:28,Yes,2026-05-13 13:54:02,No,7.66,1,7.0,1,80.95,0,3,2
E1059,Production,Morning,2026-05-14,2026-05-14 05:55:33,No,2026-05-14 13:45:45,No,7.84,1,7.0,1,80.95,0,3,2
E1059,Production,Morning,2026-05-15,2026-05-15 05:46:57,No,2026-05-15 14:02:24,No,8.26,1,7.0,1,80.95,0,3,2
E1059,Production,Morning,2026-05-16,2026-05-16 05:59:30,No,2026-05-16 14:15:38,No,8.27,1,7.0,1,80.95,0,3,2
E1059,Production,Morning,2026-05-18,2026-05-18 05:58:02,No,2026-05-18 14:19:49,No,8.36,1,7.0,1,80.95,0,3,2
E1059,Production,Morning,2026-05-19,2026-05-19 06:03:38,No,2026-05-19 14:09:51,No,8.1,1,7.0,1,80.95,0,3,2
E1059,Production,Morning,2026-05-20,2026-05-20 05:36:05,No,2026-05-20 13:46:22,No,8.17,1,7.0,1,80.95,0,3,2
E1059,Production,Morning,2026-05-21,2026-05-21 05:45:34,No,2026-05-21 13:55:48,No,8.17,1,7.0,1,80.95,0,3,2
E1059,Production,Morning,2026-05-22,2026-05-22 05:43:18,No,2026-05-22 14:22:40,No,8.66,1,7.0,1,80.95,0,3,2
E1059,Production,Morning,2026-05-23,2026-05-23 05:39:04,No,2026-05-23 13:57:03,No,8.3,1,7.0,1,80.95,0,3,2
E1059,Production,Morning,2026-05-25,2026-05-25 05:52:36,No,2026-05-25 13:44:48,Yes,7.87,1,7.0,1,80.95,0,3,2
E1059,Production,Morning,2026-05-26,2026-05-26 06:10:33,Yes,2026-05-26 13:57:32,No,7.78,1,7.0,1,80.95,0,3,2
E1059,Production,Morning,2026-05-27,2026-05-27 05:48:22,No,2026-05-27 14:13:22,No,8.42,1,7.0,1,80.95,0,3,2
E1059,Production,Morning,2026-05-28,2026-05-28 06:05:52,No,2026-05-28 14:11:45,No,8.1,1,7.0,1,80.95,0,3,2
E1059,Production,Morning,2026-05-29,2026-05-29 06:13:51,Yes,2026-05-29 14:08:01,No,7.9,1,7.0,1,80.95,0,3,2
E1059,Production,Morning,2026-05-30,2026-05-30 05:47:54,No,2026-05-30 13:55:55,No,8.13,1,7.0,1,80.95,0,3,2
E1059,Production,Morning,2026-06-01,2026-06-01 06:14:31,Yes,2026-06-01 14:06:09,No,7.86,1,7.0,1,80.95,0,3,2
E1059,Production,Morning,2026-06-02,2026-06-02 06:25:12,Yes,2026-06-02 14:17:49,No,7.88,1,7.0,1,80.95,0,3,2
E1059,Production,Morning,2026-06-03,2026-06-03 06:09:04,No,2026-06-03 13:42:25,Yes,7.56,1,7.0,1,80.95,0,3,2
E1059,Production,Morning,2026-06-04,2026-06-04 05:52:35,No,2026-06-04 14:00:16,No,8.13,1,7.0,1,80.95,0,3,2
E1059,Production,Morning,2026-06-05,2026-06-05 05:52:45,No,2026-06-05 14:11:43,No,8.32,1,7.0,1,80.95,0,3,2
E1059,Production,Morning,2026-06-06,2026-06-06 05:34:16,No,2026-06-06 14:40:10,No,9.1,1,7.0,1,80.95,0,3,2
E1059,Production,Morning,2026-06-08,2026-06-08 05:57:56,No,2026-06-08 14:23:25,No,8.42,1,7.0,1,80.95,0,3,2
E1059,Production,Morning,2026-06-09,2026-06-09 06:02:27,No,2026-06-09 14:23:05,No,8.34,1,7.0,1,80.95,0,3,2
E1059,Production,Morning,2026-06-10,2026-06-10 06:05:24,No,2026-06-10 14:01:52,No,7.94,1,7.0,1,80.95,0,3,2
E1059,Production,Morning,2026-06-11,2026-06-11 05:55:46,No,2026-06-11 14:39:56,No,8.74,1,7.0,1,80.95,0,3,2
E1059,Production,Morning,2026-06-13,2026-06-13 06:10:28,Yes,2026-06-13 13:55:32,No,7.75,1,7.0,1,80.95,0,3,2
E1059,Production,Morning,2026-06-15,2026-06-15 05:43:59,No,2026-06-15 13:59:01,No,8.25,1,7.0,1,80.95,0,3,2
E1059,Production,Morning,2026-06-16,2026-06-16 05:44:26,No,2026-06-16 13:59:04,No,8.24,1,7.0,1,80.95,0,3,2
E1059,Production,Morning,2026-06-17,2026-06-17 05:50:25,No,2026-06-17 14:03:39,No,8.22,1,7.0,1,80.95,0,3,2
E1059,Production,Morning,2026-06-18,2026-06-18 05:47:42,No,2026-06-18 13:55:55,No,8.14,1,7.0,1,80.95,0,3,2
E1059,Production,Morning,2026-06-19,2026-06-19 06:00:05,No,2026-06-19 14:15:36,No,8.26,1,7.0,1,80.95,0,3,2
E1059,Production,Morning,2026-06-20,2026-06-20 05:45:56,No,2026-06-20 14:31:15,No,8.76,1,7.0,1,80.95,0,3,2
E1059,Production,Morning,2026-06-22,2026-06-22 05:54:27,No,2026-06-22 14:44:40,No,8.84,1,7.0,1,80.95,0,3,2
E1059,Production,Morning,2026-06-23,2026-06-23 05:35:41,No,2026-06-23 13:57:45,No,8.37,1,7.0,1,80.95,0,3,2
E1059,Production,Morning,2026-06-24,2026-06-24 06:05:35,No,2026-06-24 14:22:57,No,8.29,1,7.0,1,80.95,0,3,2
E1059,Production,Morning,2026-06-25,2026-06-25 05:49:58,No,2026-06-25 13:49:13,No,7.99,1,7.0,1,80.95,0,3,2
E1059,Production,Morning,2026-06-26,2026-06-26 05:36:15,No,2026-06-26 14:02:55,No,8.44,1,7.0,1,80.95,0,3,2
E1059,Production,Morning,2026-06-27,2026-06-27 05:54:06,No,2026-06-27 14:09:47,No,8.26,1,7.0,1,80.95,0,3,2
E1059,Production,Morning,2026-06-29,2026-06-29 05:37:27,No,2026-06-29 14:30:40,No,8.89,1,7.0,1,80.95,0,3,2
E1059,Production,Morning,2026-07-01,2026-07-01 06:20:13,Yes,2026-07-01 14:10:34,No,7.84,1,7.0,1,80.95,0,3,2
E1059,Production,Morning,2026-07-02,2026-07-02 05:58:39,No,2026-07-02 14:20:50,No,8.37,1,7.0,1,80.95,0,3,2
E1059,Production,Morning,2026-07-03,2026-07-03 05:46:41,No,2026-07-03 13:38:28,Yes,7.86,1,7.0,1,80.95,0,3,2
E1059,Production,Morning,2026-07-04,2026-07-04 05:46:23,No,2026-07-04 14:08:42,No,8.37,1,7.0,1,80.95,0,3,2
E1059,Production,Morning,2026-07-06,2026-07-06 06:11:40,Yes,2026-07-06 13:50:58,No,7.66,1,7.0,1,80.95,0,3,2
E1059,Production,Morning,2026-07-07,2026-07-07 05:30:03,No,2026-07-07 14:35:22,No,9.09,1,7.0,1,80.95,0,3,2
E1059,Production,Morning,2026-07-08,2026-07-08 05:38:53,No,2026-07-08 14:22:00,No,8.72,1,7.0,1,80.95,0,3,2
E1059,Production,Morning,2026-07-09,2026-07-09 06:07:57,No,2026-07-09 14:33:45,No,8.43,1,7.0,1,80.95,0,3,2
E1059,Production,Morning,2026-07-10,2026-07-10 05:46:55,No,2026-07-10 14:35:35,No,8.81,1,7.0,1,80.95,0,3,2
E1059,Production,Morning,2026-07-11,2026-07-11 05:51:35,No,2026-07-11 13:40:02,Yes,7.81,1,7.0,1,80.95,0,3,2
E1059,Production,Morning,2026-07-13,2026-07-13 06:04:05,No,2026-07-13 13:35:42,Yes,7.53,1,7.0,1,80.95,0,3,2
E1059,Production,Morning,2026-07-14,2026-07-14 06:01:40,No,2026-07-14 13:55:09,No,7.89,1,7.0,1,80.95,0,3,2
E1059,Production,Morning,2026-07-15,2026-07-15 05:58:46,No,2026-07-15 14:08:03,No,8.15,1,7.0,1,80.95,0,3,2
E1059,Production,Morning,2026-07-16,2026-07-16 06:04:40,No,2026-07-16 13:28:38,Yes,7.4,1,7.0,1,80.95,0,3,2
E1059,Production,Morning,2026-07-17,2026-07-17 06:15:56,Yes,2026-07-17 14:18:38,No,8.04,1,7.0,1,80.95,0,3,2
E1059,Production,Morning,2026-07-18,2026-07-18 06:22:01,Yes,2026-07-18 14:26:46,No,8.08,1,7.0,1,80.95,0,3,2
E1059,Production,Morning,2026-07-20,2026-07-20 05:52:46,No,2026-07-20 14:17:28,No,8.41,1,7.0,1,80.95,0,3,2
E1059,Production,Morning,2026-07-21,2026-07-21 05:59:48,No,2026-07-21 14:16:16,No,8.27,1,7.0,1,80.95,0,3,2
E1059,Production,Morning,2026-07-22,2026-07-22 05:52:16,No,2026-07-22 13:52:21,No,8.0,1,7.0,1,80.95,0,3,2
E1060,Packing,Morning,2026-05-02,2026-05-02 06:21:43,Yes,2026-05-02 13:53:59,No,7.54,1,1.0,1,78.57,1,2,2
E1060,Packing,Morning,2026-05-04,2026-05-04 05:50:39,No,2026-05-04 14:06:34,No,8.27,1,2.0,1,78.57,1,2,2
E1060,Packing,Morning,2026-05-05,2026-05-05 06:23:02,Yes,2026-05-05 14:17:41,No,7.91,1,3.0,1,78.57,1,2,2
E1060,Packing,Morning,2026-05-06,2026-05-06 05:53:05,No,2026-05-06 14:02:15,No,8.15,1,4.0,1,78.57,1,2,2
E1060,Packing,Morning,2026-05-07,2026-05-07 06:20:05,Yes,2026-05-07 13:54:53,No,7.58,1,5.0,1,78.57,1,2,2
E1060,Packing,Morning,2026-05-08,2026-05-08 06:18:09,Yes,2026-05-08 14:02:25,No,7.74,1,6.0,1,78.57,1,2,2
E1060,Packing,Morning,2026-05-09,2026-05-09 05:39:13,No,2026-05-09 14:01:22,No,8.37,1,7.0,1,78.57,1,2,2
E1060,Packing,Morning,2026-05-11,2026-05-11 05:27:13,No,2026-05-11 13:56:26,No,8.49,1,7.0,1,78.57,1,2,2
E1060,Packing,Morning,2026-05-12,2026-05-12 06:09:23,No,2026-05-12 13:56:34,No,7.79,1,7.0,1,78.57,1,2,2
E1060,Packing,Morning,2026-05-13,2026-05-13 05:48:29,No,2026-05-13 13:58:45,No,8.17,1,7.0,1,78.57,1,2,2
E1060,Packing,Morning,2026-05-14,2026-05-14 05:52:35,No,2026-05-14 14:33:17,No,8.68,1,7.0,1,78.57,1,2,2
E1060,Packing,Morning,2026-05-15,2026-05-15 05:54:36,No,2026-05-15 14:34:34,No,8.67,1,7.0,1,78.57,1,2,2
E1060,Packing,Morning,2026-05-16,2026-05-16 05:42:52,No,2026-05-16 13:59:54,No,8.28,1,7.0,1,78.57,1,2,2
E1060,Packing,Morning,2026-05-18,2026-05-18 05:56:17,No,2026-05-18 14:02:58,No,8.11,1,7.0,1,78.57,1,2,2
E1060,Packing,Morning,2026-05-19,2026-05-19 05:47:41,No,2026-05-19 14:35:49,No,8.8,1,7.0,1,78.57,1,2,2
E1060,Packing,Morning,2026-05-20,2026-05-20 06:09:37,No,2026-05-20 14:11:04,No,8.02,1,7.0,1,78.57,1,2,2
E1060,Packing,Morning,2026-05-21,2026-05-21 05:58:34,No,2026-05-21 14:09:45,No,8.19,1,7.0,1,78.57,1,2,2
E1060,Packing,Morning,2026-05-22,2026-05-22 06:06:53,No,2026-05-22 14:07:22,No,8.01,1,7.0,1,78.57,1,2,2
E1060,Packing,Morning,2026-05-23,2026-05-23 06:05:10,No,2026-05-23 13:50:53,No,7.76,1,7.0,1,78.57,1,2,2
E1060,Packing,Morning,2026-05-25,2026-05-25 05:45:37,No,2026-05-25 13:56:02,No,8.17,1,7.0,1,78.57,1,2,2
E1060,Packing,Morning,2026-05-26,2026-05-26 06:05:11,No,,,,0,7.0,1,78.57,1,2,2
E1060,Packing,Morning,2026-05-27,2026-05-27 05:48:42,No,2026-05-27 13:57:49,No,8.15,1,7.0,1,78.57,1,2,2
E1060,Packing,Morning,2026-05-28,2026-05-28 05:55:43,No,2026-05-28 13:44:09,Yes,7.81,1,7.0,1,78.57,1,2,2
E1060,Packing,Morning,2026-05-29,2026-05-29 05:52:32,No,2026-05-29 13:33:42,Yes,7.69,1,7.0,1,78.57,1,2,2
E1060,Packing,Morning,2026-05-30,2026-05-30 05:55:04,No,2026-05-30 13:45:47,No,7.85,1,7.0,1,78.57,1,2,2
E1060,Packing,Morning,2026-06-01,2026-06-01 06:00:49,No,2026-06-01 14:35:18,No,8.57,1,7.0,1,78.57,1,2,2
E1060,Packing,Morning,2026-06-02,2026-06-02 05:50:47,No,2026-06-02 13:57:37,No,8.11,1,7.0,1,78.57,1,2,2
E1060,Packing,Morning,2026-06-03,2026-06-03 05:47:56,No,2026-06-03 13:55:33,No,8.13,1,7.0,1,78.57,1,2,2
E1060,Packing,Morning,2026-06-04,2026-06-04 05:50:34,No,2026-06-04 13:55:49,No,8.09,1,7.0,1,78.57,1,2,2
E1060,Packing,Morning,2026-06-05,2026-06-05 05:56:35,No,2026-06-05 14:26:20,No,8.5,1,7.0,1,78.57,1,2,2
E1060,Packing,Morning,2026-06-06,2026-06-06 05:51:05,No,2026-06-06 14:10:54,No,8.33,1,7.0,1,78.57,1,2,2
E1060,Packing,Morning,2026-06-08,2026-06-08 06:16:10,Yes,2026-06-08 13:36:09,Yes,7.33,1,7.0,1,78.57,1,2,2
E1060,Packing,Morning,2026-06-09,2026-06-09 05:20:14,No,2026-06-09 13:54:43,No,8.57,1,7.0,1,78.57,1,2,2
E1060,Packing,Morning,2026-06-12,2026-06-12 06:07:36,No,2026-06-12 14:00:13,No,7.88,1,7.0,1,78.57,1,2,2
E1060,Packing,Morning,2026-06-13,2026-06-13 05:52:04,No,2026-06-13 14:21:52,No,8.5,1,7.0,1,78.57,1,2,2
E1060,Packing,Morning,2026-06-15,2026-06-15 05:51:50,No,2026-06-15 13:56:40,No,8.08,1,7.0,1,78.57,1,2,2
E1060,Packing,Morning,2026-06-17,2026-06-17 05:40:30,No,2026-06-17 13:52:02,No,8.19,1,7.0,1,78.57,1,2,2
E1060,Packing,Morning,2026-06-18,2026-06-18 05:53:26,No,2026-06-18 14:46:33,No,8.89,1,7.0,1,78.57,1,2,2
E1060,Packing,Morning,2026-06-19,2026-06-19 05:45:54,No,2026-06-19 14:17:57,No,8.53,1,7.0,1,78.57,1,2,2
E1060,Packing,Morning,2026-06-20,2026-06-20 06:02:01,No,2026-06-20 13:36:57,Yes,7.58,1,7.0,1,78.57,1,2,2
E1060,Packing,Morning,2026-06-22,2026-06-22 06:04:01,No,2026-06-22 13:44:11,Yes,7.67,1,7.0,1,78.57,1,2,2
E1060,Packing,Morning,2026-06-23,2026-06-23 06:15:04,Yes,2026-06-23 14:25:12,No,8.17,1,7.0,1,78.57,1,2,2
E1060,Packing,Morning,2026-06-25,2026-06-25 05:48:39,No,2026-06-25 14:10:20,No,8.36,1,7.0,1,78.57,1,2,2
E1060,Packing,Morning,2026-06-26,2026-06-26 05:41:13,No,2026-06-26 14:04:13,No,8.38,1,7.0,1,78.57,1,2,2
E1060,Packing,Morning,2026-06-27,2026-06-27 06:06:55,No,2026-06-27 14:23:05,No,8.27,1,7.0,1,78.57,1,2,2
E1060,Packing,Morning,2026-06-29,2026-06-29 05:45:17,No,2026-06-29 14:54:08,No,9.15,1,7.0,1,78.57,1,2,2
E1060,Packing,Morning,2026-06-30,2026-06-30 06:16:45,Yes,2026-06-30 13:47:10,No,7.51,1,7.0,1,78.57,1,2,2
E1060,Packing,Morning,2026-07-01,2026-07-01 06:14:04,Yes,2026-07-01 14:03:19,No,7.82,1,7.0,1,78.57,1,2,2
E1060,Packing,Morning,2026-07-02,2026-07-02 06:02:12,No,2026-07-02 13:55:25,No,7.89,1,7.0,1,78.57,1,2,2
E1060,Packing,Morning,2026-07-03,2026-07-03 06:01:14,No,2026-07-03 14:04:34,No,8.06,1,7.0,1,78.57,1,2,2
E1060,Packing,Morning,2026-07-04,2026-07-04 05:50:27,No,2026-07-04 14:18:41,No,8.47,1,7.0,1,78.57,1,2,2
E1060,Packing,Morning,2026-07-06,2026-07-06 05:58:39,No,2026-07-06 14:20:40,No,8.37,1,7.0,1,78.57,1,2,2
E1060,Packing,Morning,2026-07-07,2026-07-07 06:10:37,Yes,2026-07-07 13:57:37,No,7.78,1,7.0,1,78.57,1,2,2
E1060,Packing,Morning,2026-07-08,2026-07-08 05:43:07,No,2026-07-08 13:59:16,No,8.27,1,7.0,1,78.57,1,2,2
E1060,Packing,Morning,2026-07-09,2026-07-09 05:54:50,No,2026-07-09 13:57:19,No,8.04,1,7.0,1,78.57,1,2,2
E1060,Packing,Morning,2026-07-10,2026-07-10 06:12:20,Yes,2026-07-10 14:00:22,No,7.8,1,7.0,1,78.57,1,2,2
E1060,Packing,Morning,2026-07-11,2026-07-11 06:16:45,Yes,2026-07-11 13:35:43,Yes,7.32,1,7.0,1,78.57,1,2,2
E1060,Packing,Morning,2026-07-13,2026-07-13 06:00:51,No,2026-07-13 13:56:28,No,7.93,1,7.0,1,78.57,1,2,2
E1060,Packing,Morning,2026-07-14,2026-07-14 05:42:41,No,2026-07-14 14:33:56,No,8.85,1,7.0,1,78.57,1,2,2
E1060,Packing,Morning,2026-07-15,2026-07-15 05:57:09,No,2026-07-15 13:45:35,No,7.81,1,7.0,1,78.57,1,2,2
E1060,Packing,Morning,2026-07-16,2026-07-16 06:00:06,No,2026-07-16 14:12:15,No,8.2,1,7.0,1,78.57,1,2,2
E1060,Packing,Morning,2026-07-17,2026-07-17 06:10:09,Yes,2026-07-17 14:03:29,No,7.89,1,7.0,1,78.57,1,2,2
E1060,Packing,Morning,2026-07-18,2026-07-18 06:25:50,Yes,2026-07-18 13:39:05,Yes,7.22,1,7.0,1,78.57,1,2,2
E1060,Packing,Morning,2026-07-20,2026-07-20 05:35:23,No,2026-07-20 14:08:32,No,8.55,1,7.0,1,78.57,1,2,2
E1060,Packing,Morning,2026-07-21,2026-07-21 05:39:46,No,2026-07-21 13:45:11,No,8.09,1,7.0,1,78.57,1,2,2
E1060,Packing,Morning,2026-07-22,2026-07-22 05:58:18,No,2026-07-22 14:23:11,No,8.41,1,7.0,1,78.57,1,2,2
